lat,lon,trend,p_value,valid_years
-51.5,198.5,-0.17026246235171186,0.2104977000553373,10
-50.5,194.5,-0.7228821153902583,0.28313087066234666,10
-49.5,184.5,-0.2712821239606954,0.4742743507673295,10
-49.5,185.5,-0.08568900792754416,0.640428787412791,11
-49.5,186.5,0.2015490230593207,0.640428787412791,11
-48.5,183.5,-0.03539737654320992,0.8580276569875211,10
-48.5,184.5,-0.07448190066257755,0.8580276569875211,10
-48.5,185.5,-0.35868282498184456,0.27575784782750934,11
-48.5,186.5,-0.1005572024593763,0.5334165134726944,11
-48.5,188.5,0.37815126050420034,0.27575784782750934,11
-47.5,182.5,-0.35870535714285695,0.21291190281150452,11
-47.5,183.5,-0.022997835497836995,0.8762696636277617,11
-47.5,184.5,-0.19052287581699387,0.8762696636277617,11
-47.5,185.5,0.014995974235104804,1.0,10
-47.5,186.5,0.022945468509984072,1.0,10
-47.5,187.5,-0.05208333333333333,1.0,10
-46.5,183.5,0.12254901960784306,0.8580276569875211,10
-46.5,184.5,0.35646551724137937,0.35020138917929566,11
-46.5,185.5,0.47123842592592563,0.07363827012030266,10
-46.5,187.5,-0.5916666666666668,0.37109336952269756,10
-46.5,188.5,0.036061144632006645,0.5915050369949166,10
-46.5,191.5,0.2892841243618249,0.5334165134726944,11
-46.5,193.5,0.3652597402597405,0.6534220947553175,10
-45.5,179.5,0.11968219624592569,0.7205147871362552,10
-45.5,181.5,-0.2266810194223281,0.37109336952269756,10
-45.5,182.5,0.08104291298512545,0.7317017232242102,12
-45.5,183.5,0.10674366616989546,0.7554968749288828,11
-45.5,184.5,0.625,0.21291190281150452,11
-45.5,185.5,-0.09248903104951664,0.8762696636277617,11
-45.5,186.5,-0.8081051386071672,0.2104977000553373,10
-45.5,187.5,0.27443181818181817,0.5334165134726944,11
-45.5,191.5,0.47013781118958,0.11475673431864909,12
-45.5,192.5,0.6635454403349594,0.011174811327380355,12
-45.5,195.5,-0.008680555555555433,1.0,11
-44.5,78.5,-0.08203124999999978,1.0,10
-44.5,172.5,0.24105890603085567,0.7205147871362552,10
-44.5,174.5,0.23122690247922345,0.35020138917929566,11
-44.5,175.5,-0.19370404411764697,0.5915050369949166,10
-44.5,179.5,-0.36820913461538485,0.37109336952269756,10
-44.5,180.5,-0.4141746411483255,0.28313087066234666,10
-44.5,181.5,-0.20589519693600078,0.7554968749288828,11
-44.5,182.5,-0.2041793422081583,0.7603323075218761,13
-44.5,183.5,-0.08451338268461672,0.8547770980655479,13
-44.5,184.5,0.176480313916227,0.4277105102974643,13
-44.5,185.5,-0.106288383408919,0.5829505577618919,13
-44.5,186.5,-0.9670102415966388,0.04296014602842502,11
-44.5,187.5,-1.428540409755616,0.28313087066234666,10
-44.5,188.5,-0.6311586168077261,0.4742743507673295,10
-44.5,192.5,0.07368421052631646,0.8762696636277617,11
-44.5,194.5,1.6840307617187502,0.04909798160926558,10
-43.5,75.5,0.2594357918606038,0.5915050369949166,10
-43.5,76.5,1.4283854166666665,0.04909798160926558,10
-43.5,77.5,0.372958754208754,0.4362749288405292,11
-43.5,79.5,-0.17857142857142874,0.8580276569875211,10
-43.5,83.5,0.7775905501089324,0.28313087066234666,10
-43.5,169.5,1.352625597164432,0.4742743507673295,10
-43.5,170.5,-0.6961722883597885,0.7317017232242102,12
-43.5,171.5,-0.027131422189128784,1.0,10
-43.5,172.5,0.32731506249004017,0.37109336952269756,10
-43.5,174.5,0.30537790599928744,0.7554968749288828,11
-43.5,175.5,-0.23343548765424138,0.3726914904715183,12
-43.5,176.5,0.03883559232529465,0.8762696636277617,11
-43.5,179.5,-0.07435897435897587,0.8762696636277617,11
-43.5,180.5,-0.17163461538461533,0.16112494928905186,11
-43.5,181.5,-0.27854790502137233,0.4434214028640827,14
-43.5,182.5,0.0030361429410667995,1.0,14
-43.5,183.5,0.09673940273379211,0.7317017232242102,12
-43.5,184.5,-0.16421186659071196,0.7554968749288828,11
-43.5,185.5,-0.07079750705877687,0.9513521309544037,13
-43.5,186.5,0.10620387659851696,0.9513521309544037,13
-43.5,187.5,0.5327208167903466,0.08647112777407255,12
-43.5,188.5,0.29035548383414017,0.7317017232242102,12
-43.5,192.5,0.48919354843521196,0.4277105102974643,13
-43.5,193.5,0.4737991715054965,0.4506702853141802,12
-43.5,194.5,0.4448613906747584,0.1498607475130492,12
-43.5,195.5,-0.1345911270532844,0.6693340144640527,13
-43.5,196.5,0.04168823499719772,1.0,10
-43.5,197.5,-0.15625,0.8147826383183654,11
-43.5,198.5,0.007611352044182855,1.0,11
-43.5,199.5,0.23998550938206106,0.8580276569875211,10
-43.5,200.5,-0.04748221127531475,1.0,11
-43.5,201.5,-0.7886029411764701,0.15240628395674932,10
-43.5,202.5,0.07509428879310331,0.8580276569875211,10
-43.5,203.5,0.2521929824561405,0.5846479572713805,11
-42.5,58.5,-0.7119691309160646,0.37109336952269756,10
-42.5,59.5,0.5979544595616026,0.27575784782750934,11
-42.5,60.5,0.7497200781398893,0.04909798160926558,10
-42.5,61.5,0.25163152610441736,0.4742743507673295,10
-42.5,62.5,-0.2444444444444443,0.8762696636277617,11
-42.5,63.5,0.8920176803477585,0.03182312738649017,10
-42.5,65.5,-0.2862965838509317,0.7205147871362552,10
-42.5,67.5,0.07734065579810237,0.5915050369949166,10
-42.5,72.5,-0.22094080687830697,0.28313087066234666,10
-42.5,73.5,0.224609375,0.8762696636277617,11
-42.5,74.5,0.29147897897897906,0.2735614117247491,14
-42.5,75.5,0.23809523809523875,0.4884223166225936,15
-42.5,76.5,-0.22087573438616157,0.6312218204782533,12
-42.5,77.5,-0.21881012506012498,0.5371338571769023,12
-42.5,78.5,-0.53829942677307,0.15240628395674932,10
-42.5,79.5,0.34143518518518456,0.8762696636277617,11
-42.5,80.5,0.3702456371025576,0.7554968749288828,11
-42.5,81.5,0.3582434514637905,0.8762696636277617,11
-42.5,82.5,-0.7049180327868851,0.37109336952269756,10
-42.5,83.5,-0.027742329714254915,0.8580276569875211,10
-42.5,169.5,0.04419191919192045,1.0,11
-42.5,171.5,0.4985380116959068,0.640428787412791,11
-42.5,172.5,0.029418036852719154,1.0,13
-42.5,173.5,-1.2683873836891073,0.6312218204782533,12
-42.5,174.5,1.089080640063951,0.4742743507673295,10
-42.5,175.5,-0.0014356535976278609,1.0,12
-42.5,176.5,0.15721751122141742,1.0,10
-42.5,177.5,0.0708333333333333,0.7554968749288828,11
-42.5,178.5,-0.13212481962481987,0.7205147871362552,10
-42.5,179.5,-0.4238929924930106,0.2437222847721744,12
-42.5,180.5,-1.1095113053833696,0.11947098677170075,11
-42.5,181.5,0.10415003350440522,0.8370114751054462,12
-42.5,182.5,0.11516210904685407,0.5583509093759852,16
-42.5,183.5,-0.025653727915848634,1.0,14
-42.5,184.5,-0.48915758298202405,0.24638736002924666,13
-42.5,185.5,-0.27936599555873376,0.36012164775537825,13
-42.5,186.5,-0.1066283034562619,1.0,14
-42.5,187.5,0.17421570913111523,0.7603323075218761,13
-42.5,188.5,-0.09838456553306804,0.9453298708327,12
-42.5,189.5,-0.5587726418318526,0.19261627432960227,12
-42.5,190.5,-0.6875231771758115,0.35020138917929566,11
-42.5,191.5,-1.4480030402406725,0.06410357671243591,12
-42.5,192.5,-1.007338968556062,0.36012164775537825,13
-42.5,193.5,-0.4098661757995753,0.3244236905215787,14
-42.5,194.5,-1.1451943149666541,0.044083783741320944,13
-42.5,195.5,-1.2248018066599946,0.11475673431864909,12
-42.5,196.5,-0.07506308381242865,0.9128140271840749,14
-42.5,197.5,-0.14178136092693044,0.7425568219265776,14
-42.5,198.5,0.13882175843430727,0.8547770980655479,13
-42.5,199.5,0.14956013093776785,0.9211586502250249,15
-42.5,200.5,-0.1717875233271132,0.6206907170753546,15
-42.5,201.5,0.8068715525398705,0.5334165134726944,11
-42.5,202.5,0.17278562913571116,0.8370114751054462,12
-42.5,203.5,-0.8195123469886625,0.16112494928905186,11
-42.5,204.5,0.14079670329670316,0.7205147871362552,10
-41.5,53.5,-0.7663548123865294,0.06410357671243591,12
-41.5,54.5,-0.6249170927811759,0.2001281176786024,13
-41.5,55.5,-0.27508524601409295,0.5021582515007486,13
-41.5,56.5,-0.5275101174637616,0.6693340144640527,13
-41.5,57.5,-0.8441464378209916,0.37305311625145265,15
-41.5,58.5,-0.3821027432298587,0.2437222847721744,12
-41.5,59.5,0.24887333965844513,0.5371338571769023,12
-41.5,60.5,0.2592295821462489,0.7603323075218761,13
-41.5,61.5,0.3418222402597403,0.1546297519658153,14
-41.5,62.5,0.12500000000000078,0.6206907170753546,15
-41.5,63.5,0.12619741339432586,0.640428787412791,11
-41.5,65.5,-1.1902429467084639,0.28313087066234666,10
-41.5,66.5,-0.363580611104215,0.7205147871362552,10
-41.5,67.5,-0.02047982619140713,0.9453298708327,12
-41.5,71.5,-0.36443696032909756,0.3726914904715183,12
-41.5,72.5,0.13025929549902163,0.7618733947779845,18
-41.5,73.5,0.23911091273279425,0.2660517601229595,17
-41.5,74.5,0.440499858657621,0.4440436396628866,16
-41.5,75.5,0.027173422406789077,0.9128140271840749,14
-41.5,76.5,-0.39092860730965673,0.6312218204782533,12
-41.5,77.5,-0.40374318798032005,0.6693340144640527,13
-41.5,78.5,0.5610908907087249,0.8580276569875211,10
-41.5,80.5,0.34836497890295226,0.8762696636277617,11
-41.5,81.5,-0.3240740740740734,0.5915050369949166,10
-41.5,84.5,0.2836970385980475,0.21291190281150452,11
-41.5,169.5,-0.06441885964912265,1.0,12
-41.5,170.5,0.22433608469336985,0.6312218204782533,12
-41.5,171.5,-0.19153225806451613,0.640428787412791,11
-41.5,172.5,-1.6987942830878178,0.21291190281150452,11
-41.5,173.5,-0.9375,0.2762784158080178,15
-41.5,174.5,1.0823670377241807,0.35020138917929566,11
-41.5,175.5,0.23193126487498913,0.7205147871362552,10
-41.5,176.5,0.179563492063492,0.8580276569875211,10
-41.5,177.5,-0.22976994851994803,0.10740463633025372,10
-41.5,178.5,-0.9685607693975058,0.28313087066234666,10
-41.5,179.5,-1.44400200659921,0.11947098677170075,11
-41.5,180.5,-1.3029908999048256,0.011174811327380355,12
-41.5,181.5,-0.14030612244897941,0.6614159170078631,14
-41.5,182.5,0.07262968245627151,0.640428787412791,11
-41.5,183.5,-0.4692005398719358,0.19261627432960227,12
-41.5,184.5,-0.017153844704592164,0.9513521309544037,13
-41.5,185.5,-1.2738367554961438,0.011174811327380355,12
-41.5,186.5,0.16604806248269827,0.7603323075218761,13
-41.5,187.5,-0.19495539819139163,0.8370114751054462,12
-41.5,188.5,-0.7684729390832251,0.16055589143580895,13
-41.5,190.5,-0.8141068851246569,0.07363827012030266,10
-41.5,191.5,-0.07986111111111122,0.8046251978633095,17
-41.5,192.5,-0.5497580933978532,0.20161232353469571,17
-41.5,193.5,-1.5831454915737893,0.008123423304273496,11
-41.5,194.5,-1.2789970152000278,0.0995087321591697,13
-41.5,195.5,0.06896007676628248,0.8547770980655479,13
-41.5,196.5,-0.30361562427056643,0.7317017232242102,12
-41.5,197.5,-0.8011474609375007,0.511220344688192,14
-41.5,198.5,-0.10308817156580212,0.8218916912511594,16
-41.5,199.5,0.04500740788553256,1.0,15
-41.5,200.5,0.3092447916666663,0.7425568219265776,14
-41.5,201.5,0.49842299513352173,0.5371338571769023,12
-41.5,202.5,-0.13115753310237815,0.7603323075218761,13
-41.5,203.5,-0.046287364529487944,0.8762696636277617,11
-41.5,204.5,-0.4581773866020441,0.10740463633025372,10
-40.5,45.5,0.10144968613928766,1.0,10
-40.5,49.5,-1.7931848852901484,0.04909798160926558,10
-40.5,50.5,-0.6956014413253817,0.16112494928905186,11
-40.5,51.5,-0.6793050182677844,0.08676817270387562,11
-40.5,52.5,-0.2921616836178004,0.6693340144640527,13
-40.5,53.5,-0.1180698280047654,0.7425568219265776,14
-40.5,54.5,-0.22512389531423,0.49946120310401465,16
-40.5,55.5,-0.387979055258467,0.22547929744791595,18
-40.5,56.5,-0.2483673975305188,0.8218916912511594,16
-40.5,57.5,-0.5595154227438894,0.3923143472853552,16
-40.5,58.5,-0.021316838038103938,0.8818348500019719,15
-40.5,59.5,0.28138584694291247,0.2660517601229595,17
-40.5,60.5,0.4741637150728059,0.35020138917929566,11
-40.5,61.5,-0.05235612713123978,1.0,10
-40.5,62.5,0.4992249503968252,0.04674494105371118,12
-40.5,63.5,-0.59765625,0.7554968749288828,11
-40.5,64.5,-0.24895753756047853,0.6921807727218765,15
-40.5,65.5,-0.022321428571428232,1.0,14
-40.5,66.5,0.5697737068965519,0.10051817320746463,14
-40.5,67.5,-0.2682099805330938,0.6312218204782533,12
-40.5,68.5,-0.12152777777777805,0.640428787412791,11
-40.5,69.5,0.13075657894736875,0.7205147871362552,10
-40.5,70.5,-0.34953327922077915,0.1546297519658153,14
-40.5,71.5,-0.27497819133469004,0.3247123843638571,18
-40.5,72.5,0.03520764802631579,0.8795727890074994,18
-40.5,73.5,0.20053606237816862,0.5526151250628484,15
-40.5,74.5,0.12676590617767147,1.0,14
-40.5,75.5,0.057043650793646705,1.0,15
-40.5,76.5,-1.1615698965536625,0.5334165134726944,11
-40.5,77.5,-0.29272399749373496,0.8580276569875211,10
-40.5,78.5,-0.41666666666666663,0.8762696636277617,11
-40.5,83.5,0.13245481636286238,0.5915050369949166,10
-40.5,84.5,0.7704861111111114,0.06170669002831271,11
-40.5,167.5,0.47524213790893555,0.37109336952269756,10
-40.5,168.5,0.4090253418567136,0.5334165134726944,11
-40.5,169.5,-0.294349747474747,0.6312218204782533,12
-40.5,170.5,0.4559947603493415,0.6693340144640527,13
-40.5,171.5,0.8322921917002686,0.10740463633025372,10
-40.5,172.5,1.2042695290579402,0.5915050369949166,10
-40.5,173.5,-0.7588932520225808,0.24638736002924666,13
-40.5,174.5,-0.36013663470171203,0.24638736002924666,13
-40.5,175.5,-0.5113636363636367,0.04909798160926558,10
-40.5,176.5,-0.05575996960612007,1.0,10
-40.5,177.5,-0.20942028985507277,0.4362749288405292,11
-40.5,178.5,-0.24163043478260882,0.6614159170078631,14
-40.5,179.5,-0.6520502138635378,0.36012164775537825,13
-40.5,180.5,-0.1972545330140271,0.3244236905215787,14
-40.5,181.5,0.13926478321174923,0.5829505577618919,13
-40.5,182.5,0.42906110671315534,0.5583509093759852,16
-40.5,183.5,0.009553257005038654,1.0,14
-40.5,184.5,0.2534351014254378,0.36012164775537825,13
-40.5,185.5,0.12976827055037726,0.4440436396628866,16
-40.5,186.5,-0.7841682203251239,0.10740463633025372,10
-40.5,187.5,-0.5421115669217265,0.5371338571769023,12
-40.5,188.5,-0.1824520930787382,0.5915050369949166,10
-40.5,189.5,-0.7762617129705736,0.4742743507673295,10
-40.5,190.5,-0.008606821106820968,1.0,13
-40.5,191.5,-0.10093984962406008,0.9211586502250249,15
-40.5,192.5,-1.9197388632872503,0.02853906357036244,14
-40.5,193.5,-0.28476053189958384,0.5371338571769023,12
-40.5,194.5,-0.7605177119349473,0.4506702853141802,12
-40.5,195.5,0.15765765765765788,0.8430852292699837,15
-40.5,196.5,-0.08005401234567858,1.0,15
-40.5,197.5,0.7982829670329672,0.38107448160929436,14
-40.5,198.5,0.7127134266077562,0.26035056965599135,16
-40.5,199.5,0.2128393389519549,0.8266659696701553,14
-40.5,200.5,0.39349086655716603,0.4362749288405292,11
-40.5,201.5,0.77982906687175,0.11475673431864909,12
-40.5,202.5,0.07927389718485604,0.9513521309544037,13
-40.5,203.5,0.05645671634284899,1.0,10
-39.5,45.5,-0.2866525735202015,1.0,11
-39.5,46.5,0.29673534312982774,0.6921807727218765,15
-39.5,47.5,-0.2586536021310732,0.35020138917929566,11
-39.5,48.5,-0.04822754155119174,1.0,11
-39.5,49.5,-0.058110772720491075,0.8547770980655479,13
-39.5,50.5,0.47643491491147805,0.4506702853141802,12
-39.5,51.5,-0.3593386404936874,0.4277105102974643,13
-39.5,52.5,-0.28497569907424847,0.7526419827681854,16
-39.5,53.5,-0.5291861883043301,0.5583509093759852,16
-39.5,54.5,-0.7015014873470765,0.0748246071030847,15
-39.5,55.5,-0.4632786195286194,0.28888280402716393,18
-39.5,56.5,-0.5968156645569622,0.22547929744791595,18
-39.5,57.5,-0.0027676308703569064,0.9671423309063722,17
-39.5,58.5,0.467276865240297,0.2735614117247491,14
-39.5,59.5,0.16368312757201592,0.9211586502250249,15
-39.5,60.5,1.310545481075272,0.11475673431864909,12
-39.5,61.5,0.49491003787878746,0.4506702853141802,12
-39.5,62.5,-0.3385594346022338,0.9453298708327,12
-39.5,63.5,0.0920608108108105,0.9016495048953725,17
-39.5,64.5,0.4361831634388541,0.3467641835161842,20
-39.5,65.5,0.6557158119658111,0.06887334136057353,19
-39.5,66.5,0.8253405615790949,0.02802711344465016,18
-39.5,67.5,-0.04017857142857041,0.6921807727218765,15
-39.5,68.5,0.030618206941839782,0.9513521309544037,13
-39.5,69.5,0.42827402105972684,0.0995087321591697,13
-39.5,70.5,0.4272880835380833,0.42848041949799653,15
-39.5,71.5,-0.6361281339673984,0.7425568219265776,14
-39.5,72.5,-1.8626585152603026,0.2001281176786024,13
-39.5,73.5,-0.18954613011656107,0.9513521309544037,13
-39.5,74.5,0.35849311369160164,0.6921807727218765,15
-39.5,75.5,-1.7971519935796727,0.11475673431864909,12
-39.5,76.5,0.10869565217391304,0.701134269310392,14
-39.5,78.5,-0.045472136222909944,1.0,10
-39.5,79.5,0.07516470797720773,0.9453298708327,12
-39.5,80.5,0.7215650895482639,0.27575784782750934,11
-39.5,81.5,1.663367390378884,0.03182312738649017,10
-39.5,85.5,0.625,0.11722671962162347,11
-39.5,86.5,0.23134017758046607,0.2104977000553373,10
-39.5,167.5,0.23229010125027455,0.8580276569875211,10
-39.5,168.5,1.1635821660663759,0.2001281176786024,13
-39.5,169.5,0.8472554858318195,0.3036732148994191,12
-39.5,170.5,0.28717973193595964,0.7205147871362552,10
-39.5,171.5,0.5443469313432521,0.2437222847721744,12
-39.5,172.5,0.7422099907501498,0.058587575310488894,13
-39.5,173.5,0.8709989749564295,0.16055589143580895,13
-39.5,174.5,-0.8295899061027125,0.1373470969847837,16
-39.5,175.5,-1.0765438988095255,0.21291190281150452,11
-39.5,176.5,-0.362037037037038,0.42848041949799653,15
-39.5,177.5,-0.31986512385308635,0.7108359248149255,17
-39.5,178.5,-0.970099537037038,0.052871592614987556,16
-39.5,179.5,-0.181064200170017,0.38107448160929436,14
-39.5,180.5,0.17854042936449735,0.5371338571769023,12
-39.5,181.5,0.899491910393224,0.03273560958832075,13
-39.5,182.5,0.06367975117975111,1.0,14
-39.5,183.5,-0.21845920553698306,0.5583509093759852,16
-39.5,184.5,-0.17073150648837404,0.9396136982356221,18
-39.5,185.5,-0.38260968772839715,0.5583509093759852,16
-39.5,186.5,-0.2882667824074072,0.4742743507673295,10
-39.5,187.5,-0.47499999999999987,0.5915050369949166,10
-39.5,188.5,-1.219259674513876,0.28313087066234666,10
-39.5,190.5,-0.5069444444444448,0.7833643646826537,12
-39.5,191.5,-0.7844716612244005,0.5371338571769023,12
-39.5,192.5,-2.5921330612598066,0.00030248470859562353,14
-39.5,193.5,-0.3162100256943121,0.37305311625145265,15
-39.5,194.5,-0.600228174603175,0.16280544974369293,16
-39.5,195.5,0.09278405740244612,0.8925584658515614,16
-39.5,196.5,0.5401462826887873,0.5371338571769023,12
-39.5,197.5,0.4932027048878859,0.4434214028640827,14
-39.5,198.5,0.09093584986442116,0.9453298708327,12
-39.5,200.5,0.41935063867112554,0.5915050369949166,10
-39.5,201.5,-1.4575886574725594,0.4742743507673295,10
-39.5,202.5,-0.40434886130385217,0.8370114751054462,12
-39.5,203.5,0.7291666666666673,1.0,11
-39.5,204.5,0.3768807870370372,0.5371338571769023,12
-39.5,205.5,0.5787523342670402,0.4362749288405292,11
-38.5,43.5,1.1049835997069595,0.3036732148994191,12
-38.5,44.5,0.879376189089644,0.8547770980655479,13
-38.5,45.5,-0.168852864960094,0.9211586502250249,15
-38.5,46.5,0.2196947674418599,0.9128140271840749,14
-38.5,47.5,0.7622733838630422,0.38107448160929436,14
-38.5,48.5,-0.12215196488294316,0.9453298708327,12
-38.5,49.5,-0.5380377850290072,0.22843980898867533,14
-38.5,50.5,-0.5433558558558552,0.3244236905215787,14
-38.5,51.5,-0.17992216117216037,0.5583509093759852,16
-38.5,52.5,-0.4652065858962406,0.42848041949799653,15
-38.5,53.5,-1.1552407631061017,0.37305311625145265,15
-38.5,54.5,0.021950263589596182,0.9640893612679119,16
-38.5,55.5,-0.08529755360088043,0.9442166279919116,19
-38.5,56.5,0.5707100043946773,0.7526419827681854,16
-38.5,57.5,-0.4043898809523827,0.4953662988030888,18
-38.5,58.5,0.5667892156862742,0.32229959587191925,15
-38.5,59.5,-0.020372778002376836,1.0,14
-38.5,60.5,0.35565096170821575,0.4440436396628866,16
-38.5,61.5,-0.536077606011622,0.4434214028640827,14
-38.5,62.5,0.6164034640855836,0.32229959587191925,15
-38.5,63.5,0.006339962121212083,0.975910003234818,21
-38.5,64.5,0.004714614089613846,1.0,23
-38.5,65.5,0.2983618339131754,0.6077081401081054,21
-38.5,66.5,0.43311403508771973,0.22547929744791595,18
-38.5,67.5,-0.3432152157738093,0.2996654484343021,13
-38.5,68.5,0.061020728989478606,0.9513521309544037,13
-38.5,69.5,-0.34482230392156865,0.5829505577618919,13
-38.5,70.5,0.25658729735945773,0.4277105102974643,13
-38.5,71.5,-0.19409824046920823,0.6921807727218765,15
-38.5,72.5,0.6568179503698345,0.38103238548434304,20
-38.5,73.5,0.05567463787379867,1.0,16
-38.5,74.5,0.4332273449920505,0.6206907170753546,15
-38.5,75.5,0.3256645546998327,0.7603323075218761,13
-38.5,76.5,-0.05623766399628494,0.8266659696701553,14
-38.5,77.5,-0.6527198380901251,0.8580276569875211,10
-38.5,78.5,0.3197285353535346,0.5371338571769023,12
-38.5,79.5,0.28715127372112237,0.7205147871362552,10
-38.5,80.5,0.6465065865055699,0.21291190281150452,11
-38.5,81.5,0.7922794117647058,0.21291190281150452,11
-38.5,83.5,1.305706209825527,0.04909798160926558,10
-38.5,84.5,0.6905414247444408,0.04909798160926558,10
-38.5,165.5,0.5289459956279798,0.2001281176786024,13
-38.5,166.5,0.5213675213675215,0.2735614117247491,14
-38.5,167.5,1.3242378600901756,0.04674494105371118,12
-38.5,168.5,2.3812721052949297,0.011174811327380355,12
-38.5,169.5,0.5921791745919992,0.24638736002924666,13
-38.5,170.5,0.9301287001306133,0.3036732148994191,12
-38.5,171.5,1.1546088704438455,0.04674494105371118,12
-38.5,172.5,0.749048851430863,0.03352416523500472,12
-38.5,173.5,1.1979971042471045,0.28313087066234666,10
-38.5,174.5,0.21030717960970863,0.9128140271840749,14
-38.5,175.5,-0.1781250000000001,0.5840703669455064,14
-38.5,176.5,0.6806752873563214,0.17269436302931984,18
-38.5,177.5,0.2644230769230773,0.6494456692174662,18
-38.5,178.5,-0.08721117027384695,0.9671423309063722,17
-38.5,179.5,-1.1341405822498642,0.0356564176022276,17
-38.5,180.5,0.07897563910474065,0.8368197050512747,17
-38.5,181.5,0.3888366437538764,0.38701399031522477,17
-38.5,182.5,0.34150479848216886,0.5366482363005154,17
-38.5,183.5,-0.04391464872738306,0.9640893612679119,16
-38.5,184.5,-0.010380555065906528,1.0,15
-38.5,185.5,-0.06332026248399458,0.8430852292699837,15
-38.5,186.5,-0.10944662316095713,0.7603323075218761,13
-38.5,187.5,0.3392650462962966,0.640428787412791,11
-38.5,189.5,-0.03035714285714302,1.0,10
-38.5,190.5,-2.005625253294088,0.0995087321591697,13
-38.5,191.5,-1.2020835665270038,0.1376458455182647,15
-38.5,192.5,-0.15164036286814989,0.5444860568259107,18
-38.5,193.5,-0.5204697389626622,0.09799379060302298,20
-38.5,194.5,-0.19663869598765496,0.38701399031522477,17
-38.5,195.5,-0.3519119696057685,0.5021582515007486,13
-38.5,196.5,-0.22722768492579837,0.8266659696701553,14
-38.5,197.5,0.1147110090196602,0.7425568219265776,14
-38.5,198.5,0.0616455078125,1.0,11
-38.5,199.5,-0.22470498251748267,0.8547770980655479,13
-38.5,200.5,-0.880008087594874,0.4362749288405292,11
-38.5,201.5,-0.7239070197044328,0.5915050369949166,10
-38.5,202.5,0.521844622576005,0.3726914904715183,12
-38.5,203.5,1.429286858974359,0.029272509186304533,11
-38.5,204.5,0.5581767429193898,0.044083783741320944,13
-38.5,205.5,1.6462769634955756,0.2104977000553373,10
-38.5,217.5,0.3472222222222222,0.5915050369949166,10
-37.5,42.5,0.46450228130486626,0.5915050369949166,10
-37.5,43.5,0.31071335758835694,0.9128140271840749,14
-37.5,44.5,0.10814300852967143,0.8925584658515614,16
-37.5,45.5,0.44756157320829415,0.6206907170753546,15
-37.5,46.5,0.48578985117446705,0.5526151250628484,15
-37.5,47.5,-0.2045724090378922,0.7317017232242102,12
-37.5,48.5,-0.04825017325017337,0.9211586502250249,15
-37.5,49.5,-1.237762345208062,0.012421845733886543,18
-37.5,50.5,-0.4399144865394774,0.34341948718274173,17
-37.5,51.5,-0.15545264175257678,0.8337352412499334,19
-37.5,52.5,-0.11782827018540146,0.9211586502250249,15
-37.5,53.5,0.5799914350229255,0.16280544974369293,16
-37.5,54.5,0.6280909756317072,0.09799379060302298,20
-37.5,55.5,-0.09587157634032652,0.8799878558277134,21
-37.5,56.5,-0.016158870269094554,0.8203382164336169,20
-37.5,57.5,-0.4616208848926868,0.5812547604118179,20
-37.5,58.5,-1.35366794058141,0.07910921509869843,16
-37.5,59.5,-1.0203155631539502,0.17403358020816395,17
-37.5,60.5,0.4628878066378059,0.12783672945149901,22
-37.5,61.5,0.8146442632170979,0.05009030568337501,19
-37.5,62.5,0.24936620333945306,0.6518692807184261,22
-37.5,63.5,0.11071802935010902,0.8326659395181515,23
-37.5,64.5,0.15744047619047635,0.6345102928818573,23
-37.5,65.5,-0.14609582228116755,0.9442166279919116,19
-37.5,66.5,-0.025761184755592192,0.9442166279919116,19
-37.5,67.5,0.061937454906205246,0.6204252937103817,16
-37.5,68.5,-0.09071451884701545,0.7603323075218761,13
-37.5,69.5,-0.7718989078548227,0.12720368763109946,13
-37.5,70.5,-0.5880468666336475,0.5829505577618919,13
-37.5,71.5,0.38450292397660846,0.6206907170753546,15
-37.5,72.5,0.7986557365023478,0.023046552822984987,18
-37.5,73.5,0.9729005562338895,0.0748246071030847,15
-37.5,74.5,0.02076623351714529,1.0,13
-37.5,75.5,0.452757713365112,0.4362749288405292,11
-37.5,76.5,0.005319760754542779,1.0,15
-37.5,78.5,-0.1326610999187332,1.0,12
-37.5,79.5,0.2920258620689656,0.8547770980655479,13
-37.5,80.5,0.6928680182295543,0.16055589143580895,13
-37.5,89.5,0.14642857142857155,1.0,10
-37.5,92.5,0.309089137214138,0.4742743507673295,10
-37.5,163.5,0.40229566169507575,0.37109336952269756,10
-37.5,165.5,0.6850368185294609,0.6312218204782533,12
-37.5,166.5,-0.3455002051992346,0.7425568219265776,14
-37.5,167.5,1.5634968102073366,0.35020138917929566,11
-37.5,168.5,1.3468164549581858,0.058587575310488894,13
-37.5,169.5,-0.16196536578341,0.9211586502250249,15
-37.5,170.5,0.25078828828828836,0.511220344688192,14
-37.5,171.5,0.35843879830594505,0.36012164775537825,13
-37.5,172.5,-0.09970812541191933,0.8795727890074994,18
-37.5,173.5,0.45625570146306116,0.5583509093759852,16
-37.5,174.5,-0.020496942394653273,1.0,16
-37.5,175.5,-0.9440131076174642,0.15005063655725903,18
-37.5,176.5,0.07925772036847382,0.8887055908352302,19
-37.5,177.5,-0.5933471072333901,0.2660517601229595,17
-37.5,178.5,0.07969940634795107,0.9671423309063722,17
-37.5,179.5,-0.44569607396856903,0.4338268403653006,17
-37.5,180.5,-0.23115535012760213,0.3247123843638571,18
-37.5,181.5,0.0800553074589482,0.674611943553671,19
-37.5,182.5,-0.15074887584357188,0.6204252937103817,16
-37.5,183.5,-0.0234099408805849,0.9211586502250249,15
-37.5,184.5,0.22309156952711778,0.6206907170753546,15
-37.5,185.5,-0.1401654411764706,1.0,14
-37.5,186.5,0.1767683708997617,0.8547770980655479,13
-37.5,187.5,-0.0786391137138246,0.8547770980655479,13
-37.5,188.5,-0.25858070500927566,0.35020138917929566,11
-37.5,189.5,-0.30888166335236406,0.7425568219265776,14
-37.5,190.5,0.7703684922244758,0.06904431984775117,18
-37.5,191.5,0.06774907475602517,0.7730800663123129,17
-37.5,192.5,0.13651185324269735,0.6494456692174662,18
-37.5,193.5,-0.07130248978075031,0.7795660645811546,19
-37.5,194.5,-0.014209401709401704,0.9211586502250249,15
-37.5,195.5,-0.7050591010551953,0.37305311625145265,15
-37.5,196.5,-0.9275612491362908,0.20161232353469571,17
-37.5,197.5,-0.6273379850505558,0.36012164775537825,13
-37.5,198.5,-0.21348443223443275,0.8266659696701553,14
-37.5,199.5,0.9607961121633002,0.35020138917929566,11
-37.5,200.5,0.7583102695254113,0.7317017232242102,12
-37.5,201.5,0.07786428970311068,0.9513521309544037,13
-37.5,202.5,-0.21732630788201562,0.7317017232242102,12
-37.5,203.5,1.735236293083097,0.06170669002831271,11
-37.5,204.5,0.6700189615798748,0.06170669002831271,11
-37.5,205.5,0.25930626057529454,0.640428787412791,11
-36.5,42.5,-0.18603291437098188,0.9453298708327,12
-36.5,43.5,0.31532462522045807,0.8218916912511594,16
-36.5,44.5,0.11533649918300654,0.7526419827681854,16
-36.5,45.5,0.4497414969668627,0.49946120310401465,16
-36.5,46.5,-0.9350843364689622,0.6614159170078631,14
-36.5,47.5,-0.08555449814622203,0.7730800663123129,17
-36.5,48.5,-0.12778413136800149,0.6921807727218765,15
-36.5,49.5,-0.6057470407784509,0.19821061903884274,15
-36.5,50.5,0.006706265084888427,1.0,17
-36.5,51.5,0.1875225434008198,0.8799878558277134,21
-36.5,52.5,0.36669697586558775,0.7730800663123129,17
-36.5,53.5,-0.0006915301842625517,1.0,21
-36.5,54.5,-0.14345135190122676,0.6505819869583885,21
-36.5,55.5,-0.020003832671277907,0.9278177692263682,21
-36.5,56.5,-0.5557432432432474,0.48410753779266247,19
-36.5,57.5,-1.057584010778795,0.11188667489678761,20
-36.5,58.5,-0.2917099792099791,0.6242768461207494,19
-36.5,59.5,0.9978195838529673,0.2638720094732372,21
-36.5,60.5,1.5032327586206895,0.027846755964133284,22
-36.5,61.5,1.1125144587330753,0.009480868515616272,22
-36.5,62.5,0.22235751430337658,0.5911541483740381,25
-36.5,63.5,0.2864405827883152,0.5283124685330474,25
-36.5,64.5,0.014754098360659402,0.9101956836196836,22
-36.5,65.5,0.3140513828524735,0.2389242185787459,21
-36.5,66.5,-0.5762020711906306,0.09799379060302298,20
-36.5,67.5,-0.3709490136728939,0.4953662988030888,18
-36.5,68.5,-0.27320529165785534,0.5583509093759852,16
-36.5,69.5,-0.6456029893529893,0.34341948718274173,17
-36.5,70.5,-0.38050354251012153,0.40110257289194073,19
-36.5,71.5,0.5291184041184043,0.06904431984775117,18
-36.5,72.5,0.17338709677419345,0.4207267507888873,19
-36.5,73.5,-0.0988293431102274,0.8218916912511594,16
-36.5,74.5,0.21048822051549476,0.8218916912511594,16
-36.5,75.5,-0.05257006756277469,0.8925584658515614,16
-36.5,76.5,0.1204455266955251,0.9513521309544037,13
-36.5,77.5,-0.5173722100307363,0.36012164775537825,13
-36.5,78.5,0.7875975595031702,0.3036732148994191,12
-36.5,79.5,1.4277712664311104,0.03273560958832075,13
-36.5,80.5,0.6834001991733802,0.2437222847721744,12
-36.5,81.5,0.7665010374158772,0.1546297519658153,14
-36.5,82.5,0.4985608552631579,0.28313087066234666,10
-36.5,89.5,0.5065686784599376,0.37109336952269756,10
-36.5,90.5,0.6337840901164802,0.15240628395674932,10
-36.5,91.5,0.08164227101352838,1.0,10
-36.5,92.5,0.16301646787019117,0.7205147871362552,10
-36.5,161.5,-1.5302309782608692,0.15240628395674932,10
-36.5,162.5,-0.5527551020408161,0.7205147871362552,10
-36.5,163.5,0.38133154815998266,0.8580276569875211,10
-36.5,164.5,0.19338036349641016,0.8370114751054462,12
-36.5,165.5,-0.07954773830722088,1.0,10
-36.5,166.5,0.2346998367272032,0.7317017232242102,12
-36.5,167.5,1.1380984695129424,0.11475673431864909,12
-36.5,168.5,1.1253396113510026,0.002794934569887284,13
-36.5,169.5,0.10074127703035111,0.8370114751054462,12
-36.5,170.5,-0.1090633903133901,0.8266659696701553,14
-36.5,171.5,0.3691974844383775,0.16280544974369293,16
-36.5,172.5,0.025999391233765823,0.8887055908352302,19
-36.5,173.5,-0.0022257834757831974,1.0,19
-36.5,174.5,-0.7917805100182147,0.20785680345658664,19
-36.5,175.5,-0.4282416868446632,0.5812547604118179,20
-36.5,176.5,0.5552353213537427,0.20575410127305516,20
-36.5,177.5,0.029965565041365494,0.8887055908352302,19
-36.5,178.5,-0.13428287981859402,0.7048534612178423,18
-36.5,179.5,-0.4497704857018791,0.5444860568259107,18
-36.5,180.5,0.06678365305583792,0.9224620671867602,20
-36.5,181.5,0.009949804679294516,0.9396136982356221,18
-36.5,182.5,-0.9366313249783416,0.16280544974369293,16
-36.5,183.5,0.368172275244174,0.5371338571769023,12
-36.5,184.5,0.521484375,0.4434214028640827,14
-36.5,185.5,0.8453988026047752,0.16055589143580895,13
-36.5,186.5,-0.2905219780219781,0.511220344688192,14
-36.5,187.5,-0.25020465840126593,0.4277105102974643,13
-36.5,188.5,0.2833333333333332,0.511220344688192,14
-36.5,189.5,0.504246625033292,0.23495478370334333,15
-36.5,190.5,0.140353622591278,0.7795660645811546,19
-36.5,191.5,0.02091534104408275,0.9671423309063722,17
-36.5,192.5,-1.0326426982481869,0.09559021985225108,18
-36.5,193.5,-0.5336805555555557,0.3630203849440149,19
-36.5,194.5,-0.24429027665604733,0.5583509093759852,16
-36.5,195.5,-1.1354486969164865,0.1376458455182647,15
-36.5,196.5,-0.5684798906662466,0.3923143472853552,16
-36.5,197.5,-0.023148148148148806,1.0,14
-36.5,198.5,0.32886904761904745,0.511220344688192,14
-36.5,199.5,1.2053571428571428,0.5334165134726944,11
-36.5,200.5,0.15710126411176306,0.8370114751054462,12
-36.5,201.5,0.2831039940441104,0.8547770980655479,13
-36.5,202.5,0.76171875,0.22843980898867533,14
-36.5,203.5,0.2978683057214407,0.541049008790059,13
-36.5,207.5,1.55749930786268,0.08676817270387562,11
-35.5,41.5,1.2879009186462054,0.3036732148994191,12
-35.5,42.5,-1.4039612676056352,0.22843980898867533,14
-35.5,43.5,-1.6564415099255019,0.4434214028640827,14
-35.5,44.5,0.6805926382924663,0.3004271167492414,16
-35.5,45.5,0.005886884380460577,1.0,12
-35.5,46.5,-0.9411902495005933,0.3726914904715183,12
-35.5,47.5,0.05228197304856338,0.9128140271840749,14
-35.5,48.5,-0.11233752459482403,0.8368197050512747,17
-35.5,49.5,-1.1257393265144657,0.3004271167492414,16
-35.5,50.5,1.2021683673469394,0.05886224110862783,19
-35.5,51.5,0.6509173814315526,0.6494456692174662,18
-35.5,52.5,0.07434706740533749,0.8326659395181515,23
-35.5,53.5,-0.3251051389548065,0.4690632682744802,25
-35.5,54.5,-1.0177261734147351,0.06547335845953513,21
-35.5,55.5,-0.15252976190476275,0.8656490997057351,22
-35.5,56.5,-0.9536401471946123,0.06988706381481755,21
-35.5,57.5,-0.5949184841336345,0.5376032363488861,20
-35.5,58.5,0.22164357879463956,0.9224620671867602,20
-35.5,59.5,0.1912618345074088,0.6732623633112398,24
-35.5,60.5,0.24938350340135995,0.7614215361463608,25
-35.5,61.5,0.007469735523171206,0.9578745987779059,23
-35.5,62.5,-0.08494722920594944,0.8600328045734927,26
-35.5,63.5,0.19516310019260663,0.7849697273207377,24
-35.5,64.5,0.19345238095238057,0.7350804926819566,22
-35.5,65.5,-0.08037069838056687,0.9396136982356221,18
-35.5,66.5,-0.2685796058987067,0.5923012814329899,17
-35.5,67.5,-0.1814204417399147,0.9211586502250249,15
-35.5,68.5,0.10939527715980724,0.8337352412499334,19
-35.5,69.5,-0.5705410929432013,0.20785680345658664,19
-35.5,70.5,-0.715526038435509,0.05009030568337501,19
-35.5,71.5,-0.06970530549830382,1.0,18
-35.5,72.5,-0.09846038129359203,0.8368197050512747,17
-35.5,73.5,-0.871799698795181,0.2762784158080178,15
-35.5,74.5,-0.6293402777777779,0.6614159170078631,14
-35.5,75.5,0.11010944700460823,0.8925584658515614,16
-35.5,76.5,-0.030373434095860616,1.0,17
-35.5,77.5,0.3635416666666669,0.5959123948117162,18
-35.5,78.5,0.0996263815158509,0.7526419827681854,16
-35.5,79.5,1.0596299053368294,0.018875545929665925,17
-35.5,80.5,1.2437070595954933,0.07651365424139898,17
-35.5,81.5,0.7785809400874057,0.6312218204782533,12
-35.5,82.5,0.9779174107675024,0.04276342583319385,16
-35.5,83.5,1.4943329920696824,0.06410357671243591,12
-35.5,84.5,0.4303749237959767,0.4742743507673295,10
-35.5,89.5,0.7409061945921984,0.04909798160926558,10
-35.5,90.5,1.670535714285715,0.04909798160926558,10
-35.5,94.5,0.07128601329825524,0.4742743507673295,10
-35.5,160.5,0.5206228956228951,0.4362749288405292,11
-35.5,161.5,0.14052159100056116,0.9513521309544037,13
-35.5,162.5,0.6112022934173671,0.1498607475130492,12
-35.5,163.5,-0.845758978083197,0.21291190281150452,11
-35.5,164.5,-0.8043994013432512,0.08647112777407255,12
-35.5,165.5,-0.14094387755102095,0.6312218204782533,12
-35.5,166.5,0.4929049744897959,0.5021582515007486,13
-35.5,167.5,1.173556835321541,0.016006155153163254,14
-35.5,168.5,0.4196005872835135,0.37305311625145265,15
-35.5,169.5,0.5223969149063132,0.3036732148994191,12
-35.5,170.5,0.6397979505871432,0.1498607475130492,12
-35.5,171.5,0.21139311749571177,0.4953662988030888,18
-35.5,172.5,0.8996809844675542,0.011979409439113728,17
-35.5,173.5,-0.17940673001226645,0.674611943553671,19
-35.5,174.5,-0.10558409441844271,0.7857971061789661,21
-35.5,175.5,-0.01277520807738752,1.0,17
-35.5,176.5,0.2838636364756999,0.5812547604118179,20
-35.5,177.5,-0.281791758367821,0.7048534612178423,18
-35.5,178.5,-0.1931514067828716,0.6206907170753546,15
-35.5,179.5,0.06737728689597411,0.7526419827681854,16
-35.5,180.5,-0.5138203973699248,0.4953662988030888,18
-35.5,181.5,-0.5090857000612707,0.5366482363005154,17
-35.5,182.5,0.15527457568473196,0.8430852292699837,15
-35.5,183.5,-0.8128814697265625,0.38107448160929436,14
-35.5,184.5,-0.09884977775287851,0.38107448160929436,14
-35.5,185.5,0.2440339266742142,0.6853285557833784,16
-35.5,186.5,-0.06829398566177401,1.0,16
-35.5,187.5,-0.38364955357142905,0.4884223166225936,15
-35.5,188.5,-0.633302172364673,0.37305311625145265,15
-35.5,189.5,-0.5327754550509992,0.16168621659204063,19
-35.5,190.5,-0.5055735787429385,0.5062837341356718,21
-35.5,191.5,-1.1587427217250483,0.12354986589680401,21
-35.5,192.5,-1.3026983446216907,0.11188667489678761,20
-35.5,193.5,-0.36392298609765206,0.5259924856094209,21
-35.5,194.5,-0.24739583333333331,0.3692092650321579,23
-35.5,195.5,-0.2601592540740967,0.25581804946653663,18
-35.5,196.5,-0.278874269005848,0.5444860568259107,18
-35.5,197.5,-0.08327218827724694,0.8266659696701553,14
-35.5,198.5,0.8983698593073608,0.4277105102974643,13
-35.5,199.5,0.11467013888888893,0.8368197050512747,17
-35.5,200.5,-0.031945890868883,0.9128140271840749,14
-35.5,201.5,0.8022951123673877,0.3726914904715183,12
-35.5,202.5,0.2814793901750434,0.8580276569875211,10
-35.5,203.5,-0.19697314467490526,0.8762696636277617,11
-35.5,204.5,-0.1704973571749882,0.4742743507673295,10
-35.5,207.5,0.4791666666666667,0.4742743507673295,10
-35.5,208.5,-0.6522550776583034,0.37109336952269756,10
-35.5,210.5,-0.3786057692307687,0.5915050369949166,10
-35.5,211.5,0.3020833333333344,0.8580276569875211,10
-35.5,219.5,-0.7856829161176968,0.35020138917929566,11
-34.5,40.5,1.4184158067542212,0.37109336952269756,10
-34.5,41.5,0.8959666710723041,0.6693340144640527,13
-34.5,42.5,2.980976844613208,0.10051817320746463,14
-34.5,43.5,1.443206128760337,0.0957466564738153,16
-34.5,44.5,0.6838891409558379,0.4434214028640827,14
-34.5,45.5,0.6050506457949973,0.4277105102974643,13
-34.5,46.5,0.328232997264477,0.49946120310401465,16
-34.5,47.5,0.0456344105726749,1.0,15
-34.5,48.5,0.7903312965345404,0.19412668587809967,21
-34.5,49.5,0.48799179474317467,0.6505819869583885,21
-34.5,50.5,1.119779901758944,0.4555354119407532,20
-34.5,51.5,0.9951198032924105,0.4046702444107403,18
-34.5,52.5,-0.18011005181196005,0.6505819869583885,21
-34.5,53.5,-1.148847673180923,0.31452486905097243,20
-34.5,54.5,0.10150216264244799,0.6946444974614776,21
-34.5,55.5,1.0429787708433542,0.07481148131741681,21
-34.5,56.5,0.6771777527064202,0.2843217140080182,20
-34.5,57.5,0.9831496648510218,0.0967474505928423,21
-34.5,58.5,-1.3507490316700845,0.04472893731365215,23
-34.5,59.5,-1.0524709299152755,0.08821070970409327,25
-34.5,60.5,-0.18363436115481413,0.8335157043083458,25
-34.5,61.5,0.6921715669017585,0.23395060590621997,26
-34.5,62.5,0.6993094320467694,0.12899601166748725,25
-34.5,63.5,0.1072182485767864,0.8656490997057351,22
-34.5,64.5,-0.19369939271255035,0.6024416860423838,24
-34.5,65.5,-1.016043051439938,0.08821070970409327,25
-34.5,66.5,-0.5394345238095243,0.5727823105937271,22
-34.5,67.5,0.26411426943047134,0.674611943553671,19
-34.5,68.5,0.024331834492877902,0.9224620671867602,20
-34.5,69.5,-0.14022366522366525,0.7513001501987963,23
-34.5,70.5,0.021935096153845896,0.9550264552939917,22
-34.5,71.5,-0.8535466288553233,0.12371517875173883,19
-34.5,72.5,-0.2958683473389356,0.41730416562740436,20
-34.5,73.5,-0.32907969123722525,0.6494456692174662,18
-34.5,74.5,0.3568146008403361,0.4837557864964521,17
-34.5,75.5,0.6194165555993317,0.20161232353469571,17
-34.5,76.5,-0.8346297672966807,0.14702685524462047,21
-34.5,77.5,-0.5050130517323203,0.3272855802219552,19
-34.5,78.5,0.23169366191258778,0.9640893612679119,16
-34.5,79.5,2.122318245903384,0.04776124267510367,15
-34.5,80.5,1.4866666461520799,0.021667399928426374,16
-34.5,81.5,0.9382145673600578,0.04276342583319385,16
-34.5,82.5,0.7217322792455771,0.023987534464426946,13
-34.5,83.5,0.8646826841947188,0.03182312738649017,10
-34.5,84.5,0.23919753086419776,0.7554968749288828,11
-34.5,85.5,-0.14718286099865066,0.8762696636277617,11
-34.5,86.5,-0.2578420256991688,0.8580276569875211,10
-34.5,87.5,0.5977818477818478,0.37109336952269756,10
-34.5,93.5,0.009765625,1.0,11
-34.5,94.5,-0.355282738095238,0.11947098677170075,11
-34.5,160.5,-0.19037892934951825,0.11475673431864909,12
-34.5,161.5,0.47195575846699356,0.2996654484343021,13
-34.5,162.5,0.504011387163561,0.3244236905215787,14
-34.5,163.5,0.011070475100794905,1.0,14
-34.5,164.5,-0.9810042689596499,0.1498607475130492,12
-34.5,165.5,0.3944804120336823,0.4440436396628866,16
-34.5,166.5,1.778205593537343,0.04674494105371118,12
-34.5,167.5,0.5996253940665077,0.2762784158080178,15
-34.5,168.5,0.5599889689882666,0.2996654484343021,13
-34.5,169.5,1.1042636649254276,0.0995087321591697,13
-34.5,170.5,0.36751515674763036,0.2762784158080178,15
-34.5,171.5,0.4925303454715218,0.05009030568337501,19
-34.5,172.5,0.21314957719712466,0.5366482363005154,17
-34.5,173.5,-0.17583927510398095,0.8795727890074994,18
-34.5,174.5,-0.22000418138926664,0.7730800663123129,17
-34.5,175.5,0.13747614434575608,0.8368197050512747,17
-34.5,176.5,0.029987373737374097,0.8795727890074994,18
-34.5,177.5,0.26437952898550704,0.6494456692174662,18
-34.5,178.5,-0.11567713617158876,0.721176307474874,20
-34.5,179.5,-0.01404137255008083,1.0,21
-34.5,180.5,-0.12113948143359894,0.8203382164336169,20
-34.5,181.5,0.4028975095785439,0.7665252995235718,15
-34.5,182.5,-0.2693176066043723,0.8370114751054462,12
-34.5,183.5,1.2337059647852384,0.19261627432960227,12
-34.5,184.5,0.8322876003749227,0.2660517601229595,17
-34.5,185.5,-0.2332261029411764,0.44148821101397295,19
-34.5,186.5,-0.5339170692431563,0.29391717025195707,19
-34.5,187.5,-0.24401939655172455,0.5288645203641904,19
-34.5,188.5,-0.4847222222222243,0.28888280402716393,18
-34.5,189.5,-1.2113020636818626,0.023046552822984987,18
-34.5,190.5,0.266739351749945,0.9671423309063722,17
-34.5,191.5,-0.7214670753514191,0.3975873918299724,22
-34.5,192.5,-0.4951568231262735,0.5593049468922573,25
-34.5,193.5,0.19277888978975977,0.6238124360692694,25
-34.5,194.5,0.21949276065751305,0.7397638077281241,21
-34.5,195.5,-0.04671656055214986,0.8887055908352302,19
-34.5,196.5,-0.1987090105947636,0.7665252995235718,15
-34.5,197.5,-0.0196087549603176,0.9640893612679119,16
-34.5,198.5,0.56640625,0.12531111138942436,14
-34.5,199.5,0.6509420129607904,0.1373470969847837,16
-34.5,200.5,1.125578807189175,0.24638736002924666,13
-34.5,201.5,1.4051870748299322,0.04296014602842502,11
-34.5,202.5,1.5604373829082,0.015490940482891756,11
-34.5,203.5,-0.5704146241830067,0.4362749288405292,11
-34.5,204.5,-0.0071428571428569405,1.0,11
-34.5,210.5,-0.20938380099005435,0.8547770980655479,13
-34.5,211.5,-0.21158191616844313,0.8547770980655479,13
-34.5,212.5,-0.8555033593578565,0.5021582515007486,13
-34.5,213.5,-0.6317624032371573,0.32229959587191925,15
-34.5,214.5,-0.20052083333333393,0.7425568219265776,14
-34.5,215.5,0.14497812070498853,0.6693340144640527,13
-34.5,218.5,-1.1875,0.11947098677170075,11
-33.5,40.5,-0.7708105532454617,0.8370114751054462,12
-33.5,41.5,1.8660284419922346,0.12720368763109946,13
-33.5,42.5,3.0643758948615063,0.022821503671488087,15
-33.5,43.5,1.823976248976249,0.32229959587191925,15
-33.5,44.5,0.28936169638428555,0.5334165134726944,11
-33.5,45.5,-0.9759358288770048,0.1376458455182647,15
-33.5,46.5,1.146016393781495,0.1373470969847837,16
-33.5,47.5,0.594711538461538,0.4953662988030888,18
-33.5,48.5,1.4301470588235297,0.15005063655725903,18
-33.5,49.5,0.45381701631701626,0.777959384381542,22
-33.5,50.5,0.8676478659459796,0.169645513311097,23
-33.5,51.5,0.8693832418982199,0.4956627244900297,20
-33.5,52.5,0.33994392532297363,0.5812547604118179,20
-33.5,53.5,-0.6306645369475655,0.2593548928200182,22
-33.5,54.5,0.2096402231185994,0.5911541483740381,25
-33.5,55.5,0.6503199412815873,0.35874300337869447,24
-33.5,56.5,0.39165838812978093,0.5259924856094209,21
-33.5,57.5,-0.10934926812085186,0.8600328045734927,26
-33.5,58.5,-0.11415313846509242,0.8279576357977381,28
-33.5,59.5,-0.6534311556627737,0.2772098350690809,28
-33.5,60.5,0.06258092220802648,0.9012978441563574,24
-33.5,61.5,0.8543755704247645,0.1724913614849527,24
-33.5,62.5,0.613415924851093,0.1574056639748741,24
-33.5,63.5,-1.0659090909090907,0.06273522885003777,22
-33.5,64.5,-0.8853556799416668,0.11763382782129739,25
-33.5,65.5,-0.634875660211268,0.3321321174074414,26
-33.5,66.5,-0.3268381261948268,0.6213676320840416,28
-33.5,67.5,0.15432098765432142,0.6464984392954767,27
-33.5,68.5,-0.09160284160284249,0.8600328045734927,26
-33.5,69.5,0.12538849025432786,0.5030370130775135,24
-33.5,70.5,0.31777349757923956,0.5351853194474852,24
-33.5,71.5,0.241853632478632,0.7350804926819566,22
-33.5,72.5,0.13502735690235762,0.8368197050512747,17
-33.5,73.5,-0.32232641660015965,0.5444860568259107,18
-33.5,74.5,0.21187397570049712,0.7730800663123129,17
-33.5,75.5,-0.7018591534057008,0.12747693274137845,17
-33.5,76.5,-0.12818504594820454,0.7795660645811546,19
-33.5,77.5,-0.9714912280701744,0.12371517875173883,19
-33.5,78.5,0.2746614992150701,0.674611943553671,19
-33.5,79.5,2.102898188999722,0.010072435153279604,15
-33.5,80.5,1.1440972222222223,0.02853906357036244,14
-33.5,81.5,0.985576923076923,0.03766692222862868,15
-33.5,82.5,0.38978008005995407,0.3923143472853552,16
-33.5,83.5,0.10367258706956076,0.6693340144640527,13
-33.5,84.5,0.5296103996440966,0.24638736002924666,13
-33.5,85.5,0.6243892314990512,0.2437222847721744,12
-33.5,86.5,1.8344155844155847,0.10740463633025372,10
-33.5,89.5,0.6089634948025806,0.7205147871362552,10
-33.5,90.5,0.508770781133796,0.2001281176786024,13
-33.5,91.5,-0.28249394750350826,0.5371338571769023,12
-33.5,92.5,-0.6499767116907308,0.2735614117247491,14
-33.5,93.5,-0.6942832072435681,0.16055589143580895,13
-33.5,94.5,-1.088068181818182,0.04296014602842502,11
-33.5,121.5,1.0192307692307687,0.27575784782750934,11
-33.5,122.5,-0.2295069669019731,0.6312218204782533,12
-33.5,123.5,0.4790363091850457,0.36012164775537825,13
-33.5,124.5,0.10328663793103487,1.0,10
-33.5,125.5,0.5255361251095534,0.0995087321591697,13
-33.5,126.5,-0.06542169715661088,0.9453298708327,12
-33.5,127.5,-0.4852253401360545,0.640428787412791,11
-33.5,159.5,-0.4282109743069066,0.640428787412791,11
-33.5,160.5,-0.8043349216842223,0.4277105102974643,13
-33.5,161.5,-0.20220588235294085,0.8266659696701553,14
-33.5,162.5,-0.6199113984674329,0.5840703669455064,14
-33.5,163.5,-0.31003440919505904,0.5829505577618919,13
-33.5,164.5,0.467026029526032,0.511220344688192,14
-33.5,165.5,0.52176724137931,0.2735614117247491,14
-33.5,166.5,1.1696913739712156,0.16055589143580895,13
-33.5,167.5,0.295603555346292,0.3923143472853552,16
-33.5,168.5,0.4375951656890318,0.38107448160929436,14
-33.5,169.5,0.6879121623316506,0.16055589143580895,13
-33.5,170.5,-0.4593734753618473,0.6614159170078631,14
-33.5,171.5,0.016849443024279747,0.9550264552939917,22
-33.5,172.5,0.3383450583390535,0.4281777903096383,23
-33.5,173.5,0.5666111216519752,0.3630203849440149,19
-33.5,174.5,-0.3438992074102387,0.6242768461207494,19
-33.5,175.5,-0.870614142196306,0.2389242185787459,21
-33.5,176.5,0.19587862318840527,0.8337352412499334,19
-33.5,177.5,-0.24228962418300665,0.8203382164336169,20
-33.5,178.5,-0.363176842492834,0.4555354119407532,20
-33.5,179.5,0.48013169412235446,0.41489093965848534,21
-33.5,180.5,0.19782479191016383,0.6264962743469109,20
-33.5,181.5,1.425318229339758,0.06003829090957912,15
-33.5,182.5,2.0065365454292095,0.06269811626098261,14
-33.5,183.5,0.1949627818845007,0.22547929744791595,18
-33.5,184.5,-0.40672498201069107,0.5959123948117162,18
-33.5,185.5,-0.4232856586590314,0.4956627244900297,20
-33.5,186.5,-0.1663045108627011,0.8203382164336169,20
-33.5,187.5,0.48967633928571475,0.2839350843566295,22
-33.5,188.5,-1.4176509104748463,0.023526849110510402,21
-33.5,189.5,-0.6141076864535767,0.29391717025195707,19
-33.5,190.5,0.7261298857153786,0.4046702444107403,18
-33.5,191.5,0.294243150980899,0.4806051289858302,26
-33.5,192.5,0.2981276830258723,0.5594130972023401,27
-33.5,193.5,0.2857839947950538,0.6117600292546322,22
-33.5,194.5,-0.3591579861111111,0.5756369136048027,19
-33.5,195.5,-0.10802440387481482,0.5840703669455064,14
-33.5,196.5,-0.47419250247035627,0.6921807727218765,15
-33.5,197.5,-0.22951640511640894,0.8370114751054462,12
-33.5,198.5,0.2094341708281316,0.7603323075218761,13
-33.5,199.5,0.9958756977671455,0.11328720822235322,15
-33.5,200.5,1.197382478632478,0.2437222847721744,12
-33.5,201.5,0.4613095238095255,0.5334165134726944,11
-33.5,202.5,0.23382757757757666,0.640428787412791,11
-33.5,203.5,0.2693065862708721,0.7554968749288828,11
-33.5,204.5,-0.3532664609053492,0.7603323075218761,13
-33.5,205.5,-0.13282946355429653,0.7317017232242102,12
-33.5,209.5,2.2802795031055902,0.16112494928905186,11
-33.5,210.5,1.279946672273406,0.23495478370334333,15
-33.5,211.5,-0.5752297516102629,0.06003829090957912,15
-33.5,212.5,-0.2815268549280197,0.7425568219265776,14
-33.5,213.5,-0.5599783623566434,0.6693340144640527,13
-33.5,214.5,0.5,0.6206907170753546,15
-33.5,215.5,-0.03720238095238095,1.0,11
-33.5,216.5,-1.6195222701149392,0.15240628395674932,10
-33.5,218.5,-2.0444051387078757,0.35020138917929566,11
-32.5,38.5,1.5730744202062963,0.19261627432960227,12
-32.5,39.5,1.7008776053746455,0.4506702853141802,12
-32.5,40.5,1.2218741175465198,0.32229959587191925,15
-32.5,41.5,0.4418105854914517,0.5840703669455064,14
-32.5,42.5,1.4163793103448272,0.19821061903884274,15
-32.5,43.5,2.2596923235483537,0.03204600727818983,17
-32.5,44.5,1.1991425574806582,0.16168621659204063,19
-32.5,45.5,-0.7445032445032446,0.23423926303398213,19
-32.5,46.5,-0.5461747431265858,0.5259924856094209,21
-32.5,47.5,1.2265192248066639,0.14429205544010523,20
-32.5,48.5,1.15260416666667,0.09066965950862332,22
-32.5,49.5,1.4449286860499,0.023526849110510402,21
-32.5,50.5,1.4633113164114162,0.014195743882660069,25
-32.5,51.5,1.2066278872282608,0.045359708279234565,27
-32.5,52.5,0.0666146641564843,0.8900067739861677,28
-32.5,53.5,0.12101513364779937,0.7669644911053035,28
-32.5,54.5,0.8495398586055585,0.0706988181459461,26
-32.5,55.5,-0.19409541942166955,0.8255475691294885,26
-32.5,56.5,0.06167763157894737,1.0,26
-32.5,57.5,0.5350327563409062,0.4536084832864735,26
-32.5,58.5,0.07131054767640124,0.8073432738589214,29
-32.5,59.5,-0.15502385975214836,0.7669644911053035,28
-32.5,60.5,-0.10516107133461079,0.7973063403989813,28
-32.5,61.5,0.09012995008757729,0.9213108861184411,28
-32.5,62.5,0.07550758474237557,0.8900067739861677,28
-32.5,63.5,-1.3809106976123786,0.0873682521331009,27
-32.5,64.5,-0.9631553647413871,0.0349986294954266,24
-32.5,65.5,-0.7407398808285544,0.5084542305885602,26
-32.5,66.5,-0.3072957858114096,0.7973063403989813,28
-32.5,67.5,0.5295708585045779,0.24369251012790516,24
-32.5,68.5,0.6767990463642637,0.1821375864449275,27
-32.5,69.5,0.2526157022886671,0.3545784475977316,26
-32.5,70.5,-0.3600543478260887,0.4922895298178107,23
-32.5,71.5,1.0131414267834802,0.4487180156191449,18
-32.5,72.5,0.23290712483823958,0.6505819869583885,21
-32.5,73.5,-0.16291113470474253,0.832591967665674,21
-32.5,74.5,0.01852108906829878,1.0,22
-32.5,75.5,-1.0467370619618312,0.19412668587809967,21
-32.5,76.5,-0.7338169642857142,0.15382082239203035,23
-32.5,77.5,-0.6732071092536213,0.38118730498775844,21
-32.5,78.5,1.4748677248677244,0.02094093367374069,19
-32.5,79.5,2.2503290304919132,0.007899662130493706,16
-32.5,80.5,2.0062669376693756,0.2104977000553373,10
-32.5,81.5,2.023965926452181,0.058587575310488894,13
-32.5,82.5,0.7954996524950011,0.017343359162423525,13
-32.5,83.5,0.8496591194321133,0.08647112777407255,12
-32.5,84.5,0.7525634765625,0.37305311625145265,15
-32.5,85.5,1.2805702763896476,0.22843980898867533,14
-32.5,86.5,0.11227540784832477,0.9513521309544037,13
-32.5,87.5,1.425364258102885,0.16112494928905186,11
-32.5,88.5,-0.06515311716791991,0.9453298708327,12
-32.5,89.5,0.0892885650428756,1.0,12
-32.5,90.5,0.2566964285714285,0.8430852292699837,15
-32.5,91.5,-0.4919284711541838,0.37305311625145265,15
-32.5,92.5,-0.6517622123710798,0.344417522979072,16
-32.5,93.5,-1.6420309274657565,0.1888874775395376,14
-32.5,94.5,-0.40893784661933547,0.3726914904715183,12
-32.5,119.5,-0.7435184117604994,0.10740463633025372,10
-32.5,120.5,-0.2029108756432596,0.7526419827681854,16
-32.5,121.5,0.24036092003069975,0.5840703669455064,14
-32.5,122.5,-0.03782477543127458,0.9016495048953725,17
-32.5,123.5,-0.18565860630005354,0.9453298708327,12
-32.5,124.5,0.36230763052972603,0.5915050369949166,10
-32.5,125.5,-0.8030257936507941,0.28313087066234666,10
-32.5,126.5,-0.5379126409017717,0.3036732148994191,12
-32.5,127.5,0.08431741562272524,1.0,11
-32.5,158.5,-0.09795454545454485,0.7205147871362552,10
-32.5,159.5,-0.13282791289648313,0.8580276569875211,10
-32.5,160.5,-0.8944095117845119,0.2001281176786024,13
-32.5,161.5,-1.8444540450588842,0.1546297519658153,14
-32.5,162.5,-0.7411326968911234,0.38107448160929436,14
-32.5,163.5,-0.27031582514562513,0.7526419827681854,16
-32.5,164.5,0.768950219548781,0.18344722817247316,20
-32.5,165.5,0.30925854782942774,0.12974504639571688,18
-32.5,166.5,0.3468535693629679,0.16280544974369293,16
-32.5,167.5,-0.03968253968253954,0.8610521238150397,19
-32.5,168.5,0.0586499708429187,0.9640893612679119,16
-32.5,169.5,0.49553645057908685,0.11164031194559694,18
-32.5,170.5,-0.4231085526315793,0.4487180156191449,18
-32.5,171.5,0.32843822339539985,0.5259924856094209,21
-32.5,172.5,0.2480790901413723,0.6505819869583885,21
-32.5,173.5,0.015020761975318086,1.0,18
-32.5,174.5,-0.013804847894056036,0.9550264552939917,22
-32.5,175.5,0.5674083152775029,0.4555354119407532,20
-32.5,176.5,0.989267886526169,0.29391717025195707,19
-32.5,177.5,0.12498771378524609,0.9671423309063722,17
-32.5,178.5,-0.23503446939050732,0.6946444974614776,21
-32.5,179.5,0.6176823388816142,0.3272855802219552,19
-32.5,180.5,1.2698460997511638,0.3247123843638571,18
-32.5,181.5,1.046232028723092,0.4046702444107403,18
-32.5,182.5,0.26616033532577177,0.8368197050512747,17
-32.5,183.5,0.05990539216644798,0.9016495048953725,17
-32.5,184.5,-0.9393200211784283,0.05824026959156131,18
-32.5,185.5,-0.9379719242603237,0.04966942532314216,21
-32.5,186.5,-0.5957856654998723,0.12783672945149901,22
-32.5,187.5,-0.38861856389578175,0.46346928023769907,22
-32.5,188.5,-0.8550487370067306,0.2561449666035266,20
-32.5,189.5,0.23619786448941496,0.721176307474874,20
-32.5,190.5,0.7453304597701147,0.0393970496843573,23
-32.5,191.5,-0.8518872993634816,0.06283881974106821,24
-32.5,192.5,-0.22717683816821754,0.5959123948117162,18
-32.5,193.5,0.17207066755919084,0.9640893612679119,16
-32.5,194.5,0.1808547202924299,0.9640893612679119,16
-32.5,195.5,0.5582724244241378,0.511220344688192,14
-32.5,196.5,-0.3309663425342021,0.8547770980655479,13
-32.5,197.5,-0.9814370812862055,0.2437222847721744,12
-32.5,198.5,0.20695883684164862,0.8547770980655479,13
-32.5,199.5,0.6954938908820147,0.16112494928905186,11
-32.5,200.5,1.4574565312277377,0.19261627432960227,12
-32.5,201.5,0.654162765293383,1.0,10
-32.5,202.5,0.7282156572372553,0.4506702853141802,12
-32.5,203.5,1.900938718055759,0.11475673431864909,12
-32.5,204.5,0.9938523061158173,0.21291190281150452,11
-32.5,206.5,0.35046933876533065,0.7205147871362552,10
-32.5,207.5,1.600534539473684,0.03749749081571984,14
-32.5,208.5,1.0013992410665802,0.044083783741320944,13
-32.5,209.5,1.3673713235294116,0.2996654484343021,13
-32.5,210.5,0.36731681357180584,0.8218916912511594,16
-32.5,211.5,-1.0909126426653228,0.23495478370334333,15
-32.5,212.5,-0.5634521635013447,0.1376458455182647,15
-32.5,213.5,0.6097463915626127,0.4837557864964521,17
-32.5,214.5,-1.3309322278717852,0.16055589143580895,13
-32.5,215.5,-0.3202514963768844,0.9453298708327,12
-32.5,216.5,-0.431927677862636,0.8762696636277617,11
-32.5,218.5,1.0247124246032069,0.2437222847721744,12
-32.5,219.5,1.281591457357742,0.03182312738649017,10
-31.5,37.5,0.08606466327678976,1.0,10
-31.5,38.5,0.36005362831946086,0.7317017232242102,12
-31.5,39.5,0.04224898775290625,0.8925584658515614,16
-31.5,40.5,1.4749550624373675,0.07651365424139898,17
-31.5,41.5,0.7776436315755422,0.37305311625145265,15
-31.5,42.5,1.5251292824822231,0.08144297973908005,18
-31.5,43.5,1.7879625333917302,0.012482226584454132,20
-31.5,44.5,0.9377769383292203,0.11431677554040419,22
-31.5,45.5,0.25133547008547014,0.8326659395181515,23
-31.5,46.5,0.28008667235009954,0.6464984392954767,27
-31.5,47.5,0.3982289956831221,0.41368622699316804,25
-31.5,48.5,0.24076410455486513,0.5144236588926046,28
-31.5,49.5,1.1607872449291299,0.034345754006712845,26
-31.5,50.5,-0.07537882892060328,0.8255475691294885,26
-31.5,51.5,-1.311081748312351,0.09502476539267062,29
-31.5,52.5,0.5258948000982311,0.4655488870531287,32
-31.5,53.5,0.9821388609921945,0.17089348425411355,29
-31.5,54.5,-0.059144536353441524,1.0,27
-31.5,55.5,0.48307038834951754,0.6593353383597195,26
-31.5,56.5,0.4962957033069396,0.40226723126443065,26
-31.5,57.5,0.07736843284970961,0.9551233832161916,29
-31.5,58.5,0.28977613495659316,0.570323002920078,32
-31.5,59.5,-0.48919833819106073,0.2992115611491839,33
-31.5,60.5,0.020755693581779866,1.0,30
-31.5,61.5,-0.9786495388992169,0.10953690763865905,28
-31.5,62.5,-0.8894686384253081,0.13840976575205344,28
-31.5,63.5,-0.08118424904994798,0.7973063403989813,28
-31.5,64.5,-0.45493685419058344,0.5047075455861033,27
-31.5,65.5,-0.1764099615662115,0.6936406217837584,29
-31.5,66.5,0.3342712989618308,0.35900429696743286,27
-31.5,67.5,0.7121731647980134,0.2723427122311102,25
-31.5,68.5,0.48468901475954446,0.40435063820524453,27
-31.5,69.5,-0.30004361396451806,0.69134204811853,25
-31.5,70.5,0.05425347222222321,0.9158665384265181,23
-31.5,71.5,-0.23078269512835614,0.8326659395181515,23
-31.5,72.5,0.15052262313860254,0.8215254231894769,22
-31.5,73.5,0.565003370289243,0.4956627244900297,20
-31.5,74.5,-1.279712548369264,0.3272855802219552,19
-31.5,75.5,-1.8260647806244734,0.04966942532314216,21
-31.5,76.5,-0.9927781998908064,0.04966942532314216,21
-31.5,77.5,0.29900366242870685,0.41730416562740436,20
-31.5,78.5,1.8735773667017148,0.0027943875916635556,21
-31.5,79.5,1.3605585242303986,0.010374262567202244,20
-31.5,80.5,1.5176504629629632,0.017023796032211495,16
-31.5,81.5,1.5751989945538336,0.0798019286423907,14
-31.5,82.5,1.7425075251930373,0.02853906357036244,14
-31.5,83.5,1.1269008357608552,0.027376765789661632,16
-31.5,84.5,0.7926874262101533,0.4434214028640827,14
-31.5,85.5,-0.615221683966658,0.2996654484343021,13
-31.5,86.5,0.3526140022254143,0.9453298708327,12
-31.5,87.5,0.4451273194506681,0.8762696636277617,11
-31.5,88.5,0.23709888115514227,0.9513521309544037,13
-31.5,89.5,-1.3374887572951022,0.0995087321591697,13
-31.5,90.5,-0.8183394947879817,0.1888874775395376,14
-31.5,91.5,-0.4601179391682169,0.6614159170078631,14
-31.5,92.5,-1.1907570917711352,0.16585666034291002,15
-31.5,93.5,-1.8814273049645394,0.005583616806378762,15
-31.5,94.5,-1.1129296326246332,0.0995087321591697,13
-31.5,95.5,-0.47405103457871306,0.4742743507673295,10
-31.5,109.5,0.13911290322580563,0.8580276569875211,10
-31.5,115.5,0.5886778986487443,1.0,10
-31.5,116.5,-0.4902184413911549,0.5334165134726944,11
-31.5,117.5,0.011999863844655269,1.0,13
-31.5,118.5,0.2557431992611492,0.6693340144640527,13
-31.5,120.5,-1.7991480866540166,0.06003829090957912,15
-31.5,121.5,-0.5913439353364803,0.2996654484343021,13
-31.5,122.5,0.15057284933204046,0.9513521309544037,13
-31.5,123.5,-0.13104986780258499,0.9640893612679119,16
-31.5,124.5,-0.24739583333333331,1.0,11
-31.5,125.5,-0.8229274045680302,0.3726914904715183,12
-31.5,126.5,0.2938152283694304,0.8762696636277617,11
-31.5,127.5,0.3373528567327013,0.37109336952269756,10
-31.5,158.5,-0.9089187781016034,0.10740463633025372,10
-31.5,159.5,-0.861972778868749,0.11475673431864909,12
-31.5,160.5,-1.1690999009749228,0.07685087226788877,13
-31.5,161.5,-1.7731829573934834,0.19821061903884274,15
-31.5,162.5,-0.7805265786638188,0.7730800663123129,17
-31.5,163.5,0.326481484358645,0.674611943553671,19
-31.5,164.5,0.26727143145165894,0.7795660645811546,19
-31.5,165.5,0.008936436046050667,0.9671423309063722,17
-31.5,166.5,0.5507175735109113,0.08144297973908005,18
-31.5,167.5,1.2337711352657008,0.008014957359750854,18
-31.5,168.5,0.21985782090053752,0.5756369136048027,19
-31.5,169.5,-1.4848484848484844,0.030074680666103113,19
-31.5,170.5,-1.6256289376199842,0.01786362770893482,20
-31.5,171.5,-0.4538157403112768,0.5376032363488861,20
-31.5,172.5,-0.17340881398819974,0.6946444974614776,21
-31.5,173.5,0.7832368046183826,0.139144174822425,23
-31.5,174.5,1.664138974510141,0.05004866332140968,24
-31.5,175.5,0.25151877172318315,0.4956627244900297,20
-31.5,176.5,0.25133611505681824,0.7048534612178423,18
-31.5,177.5,0.8367905242905247,0.29391717025195707,19
-31.5,178.5,0.5994703299169045,0.38103238548434304,20
-31.5,179.5,0.6402353957970385,0.2629105671183505,19
-31.5,180.5,0.7647646270183341,0.2561449666035266,20
-31.5,181.5,0.13254310344827047,0.8795727890074994,18
-31.5,182.5,0.050473579993614785,0.9158665384265181,23
-31.5,183.5,-0.13100024369639768,0.7795660645811546,19
-31.5,184.5,-0.26924947102864616,0.5288645203641904,19
-31.5,185.5,-0.751318855756423,0.1389668939567334,21
-31.5,186.5,-1.5281711799863467,0.016127068711782565,24
-31.5,187.5,-0.9570428456303258,0.0967474505928423,21
-31.5,188.5,0.22404970760234288,0.7795660645811546,19
-31.5,189.5,-0.505604288499025,0.29391717025195707,19
-31.5,190.5,-0.04015354948842896,1.0,23
-31.5,191.5,-0.544675328203897,0.4873503903353207,21
-31.5,192.5,-0.4242907158654702,0.5812547604118179,20
-31.5,193.5,0.2548564189189193,0.8266659696701553,14
-31.5,194.5,-0.5597003579371695,0.5526151250628484,15
-31.5,195.5,-0.16721033868092636,0.9640893612679119,16
-31.5,196.5,-0.25846266306792576,0.8218916912511594,16
-31.5,197.5,-0.5437694547901257,0.344417522979072,16
-31.5,198.5,0.35790598290598197,0.511220344688192,14
-31.5,199.5,0.2645478116586153,0.5021582515007486,13
-31.5,200.5,0.23069205068654952,0.8430852292699837,15
-31.5,201.5,1.0999314447657056,0.2735614117247491,14
-31.5,202.5,1.7155067155067163,0.12974504639571688,18
-31.5,203.5,0.47619047619047705,0.44148821101397295,19
-31.5,204.5,-0.1713068181818188,0.9513521309544037,13
-31.5,205.5,-0.3874999999999993,1.0,11
-31.5,206.5,0.8131720430107526,0.5334165134726944,11
-31.5,207.5,3.3386430799367774,0.03182312738649017,10
-31.5,208.5,3.177868432760025,0.016393316888809052,12
-31.5,209.5,1.1764705882352942,0.640428787412791,11
-31.5,210.5,0.39899902004241417,0.7603323075218761,13
-31.5,211.5,-0.6433980221336112,0.16585666034291002,15
-31.5,212.5,-0.7986091613769531,0.32229959587191925,15
-31.5,213.5,-0.690414186507936,0.7665252995235718,15
-31.5,214.5,0.9031475991082136,0.24638736002924666,13
-31.5,215.5,-0.7682291666666652,0.2735614117247491,14
-31.5,216.5,0.6277056277056268,0.8266659696701553,14
-31.5,217.5,2.392014063259022,0.04674494105371118,12
-31.5,218.5,0.7916666666666666,0.640428787412791,11
-30.5,36.5,-1.6035860491878948,0.15240628395674932,10
-30.5,38.5,1.0999056839062789,0.3923143472853552,16
-30.5,39.5,0.3251038611925704,0.5376032363488861,20
-30.5,40.5,1.4417807776257776,0.12747693274137845,17
-30.5,41.5,0.43559659112532,0.8218916912511594,16
-30.5,42.5,0.8001936963914473,0.16168621659204063,19
-30.5,43.5,2.3899807244345137,0.03580506484519106,19
-30.5,44.5,0.7700696523507267,0.498219385345291,25
-30.5,45.5,-0.04592533878126492,0.9551233832161916,29
-30.5,46.5,0.3944999859495965,0.649540989554171,28
-30.5,47.5,0.1199942033275363,0.7913957365052897,26
-30.5,48.5,0.44014725683412415,0.5359057917615426,29
-30.5,49.5,-0.17320837377587606,0.8900067739861677,28
-30.5,50.5,-0.7938740687741642,0.3022157697479979,29
-30.5,51.5,-0.2482900565569873,0.7752944295177846,30
-30.5,52.5,0.9137865160492881,0.12866108508859356,29
-30.5,53.5,0.5479121717527673,0.37244389624576013,32
-30.5,54.5,0.6629801089665893,0.3007717594347785,30
-30.5,55.5,0.47278440569075286,0.485610385141812,32
-30.5,56.5,0.2120456409073719,0.8279576357977381,28
-30.5,57.5,0.10843252217163646,0.9213108861184411,28
-30.5,58.5,-0.37006350589368964,0.5924901808547871,30
-30.5,59.5,-0.22854262057387095,0.7498121637483278,29
-30.5,60.5,-0.1728546883120249,0.7684569726000503,33
-30.5,61.5,-0.1671087624537321,0.41153015108926394,33
-30.5,62.5,-0.20568959221361455,0.5664461417662239,33
-30.5,63.5,-0.21825396825396687,0.8675468701977536,27
-30.5,64.5,0.7017187313778095,0.4282542252410364,27
-30.5,65.5,0.3704370015927634,0.4647845151096839,28
-30.5,66.5,0.5085078850247002,0.5030370130775135,24
-30.5,67.5,-0.05823966776211975,0.9813671252686654,25
-30.5,68.5,0.2414013416831064,0.8365263661204166,29
-30.5,69.5,0.23869409827375135,0.6391042707127212,29
-30.5,70.5,0.43159965034965136,0.40226723126443065,26
-30.5,71.5,-1.2270073676323687,0.06409905424175923,26
-30.5,72.5,-1.3444042616795104,0.38118730498775844,21
-30.5,73.5,-0.1625215399963693,0.9442166279919116,19
-30.5,74.5,-1.2214486634323936,0.19459514049618598,22
-30.5,75.5,-0.8752976190476183,0.050657030094118746,23
-30.5,76.5,0.3175930494073236,0.5259924856094209,21
-30.5,77.5,0.9324983909032412,0.15857024949675513,22
-30.5,78.5,1.0629734848484846,0.20785680345658664,19
-30.5,79.5,0.5583648929523688,0.4837557864964521,17
-30.5,80.5,2.073141723150649,0.06490335860944318,16
-30.5,81.5,0.11794172080352702,0.9640893612679119,16
-30.5,82.5,-0.7946189839572192,0.37305311625145265,15
-30.5,83.5,0.46970617841153517,0.3923143472853552,16
-30.5,84.5,0.06784377780648379,0.9640893612679119,16
-30.5,85.5,0.01627794358614255,1.0,16
-30.5,86.5,0.028958260179354066,1.0,12
-30.5,87.5,-0.6050100548924722,0.4277105102974643,13
-30.5,88.5,-0.6526716277822475,0.5021582515007486,13
-30.5,89.5,1.167076154319659,0.4277105102974643,13
-30.5,90.5,0.32959401709401703,0.7665252995235718,15
-30.5,91.5,-0.9359478390348777,0.2735614117247491,14
-30.5,92.5,-0.662768305025997,0.38701399031522477,17
-30.5,93.5,-0.755439310863839,0.03749749081571984,14
-30.5,94.5,-1.1547499719227314,0.19261627432960227,12
-30.5,97.5,0.56640625,0.4742743507673295,10
-30.5,112.5,0.39024102079395107,0.4742743507673295,10
-30.5,113.5,-0.3360766388783627,0.47422203857903156,14
-30.5,114.5,0.2736343917880688,0.6312218204782533,12
-30.5,115.5,0.3062263257575758,0.4506702853141802,12
-30.5,116.5,0.5735244526005397,0.38701399031522477,17
-30.5,117.5,0.6830648926237166,0.19821061903884274,15
-30.5,118.5,0.06138392857142857,1.0,15
-30.5,120.5,-0.41262287898801087,0.5923012814329899,17
-30.5,121.5,0.4643448289434205,0.4837557864964521,17
-30.5,122.5,-0.4641812865497076,0.16077154674467675,18
-30.5,123.5,-0.43069235398497996,0.3923143472853552,16
-30.5,124.5,-0.4359515592259339,0.37109336952269756,10
-30.5,125.5,-0.8221227785372522,0.8580276569875211,10
-30.5,126.5,-0.03605769230769231,1.0,11
-30.5,127.5,0.11216296253245694,0.8370114751054462,12
-30.5,152.5,0.6160873440285222,0.640428787412791,11
-30.5,154.5,0.05681818181818182,0.8580276569875211,10
-30.5,155.5,0.28107377819548884,0.7205147871362552,10
-30.5,156.5,0.5625,0.37109336952269756,10
-30.5,157.5,0.032327586206896554,1.0,11
-30.5,158.5,-0.07992259565606175,1.0,14
-30.5,159.5,-0.2522909125439109,0.8218916912511594,16
-30.5,160.5,-0.8959185197088184,0.6853285557833784,16
-30.5,161.5,-0.7393550454524522,0.48410753779266247,19
-30.5,162.5,-0.2390098667672202,0.777959384381542,22
-30.5,163.5,0.04999421633352505,0.9224620671867602,20
-30.5,164.5,0.17580080080080052,0.7048534612178423,18
-30.5,165.5,0.30973589160330145,0.7526419827681854,16
-30.5,166.5,-0.0781249999999992,0.8326659395181515,23
-30.5,167.5,0.7623698245077521,0.1836989860577931,19
-30.5,168.5,-0.7859374999999993,0.28888280402716393,18
-30.5,169.5,-2.2546248017009063,0.010004212585917363,18
-30.5,170.5,-1.5282229965156797,0.023526849110510402,21
-30.5,171.5,0.14745103480223432,0.777959384381542,22
-30.5,172.5,0.9457915502219303,0.01947017591308907,26
-30.5,173.5,0.8563907835459565,0.15382082239203035,23
-30.5,174.5,1.4422454742354796,0.03203437170592567,21
-30.5,175.5,0.12301140776356367,0.6946444974614776,21
-30.5,176.5,0.6154891304347819,0.3668796006462124,22
-30.5,177.5,0.37486519232561627,0.5288645203641904,19
-30.5,178.5,0.5764267894123488,0.29056075537876946,21
-30.5,179.5,0.1330687830687829,0.9442166279919116,19
-30.5,180.5,0.7864445207122372,0.3545784475977316,26
-30.5,181.5,0.3081329841236392,0.69134204811853,25
-30.5,182.5,-0.3991479385739413,0.4956627244900297,20
-30.5,183.5,-0.08054582031268896,0.9741177473553713,20
-30.5,184.5,0.40615785688601136,0.4953662988030888,18
-30.5,185.5,-0.04174456908831929,0.9802109790485439,24
-30.5,186.5,-0.5143067299311268,0.4179302333168975,28
-30.5,187.5,-0.01822845014945573,1.0,24
-30.5,188.5,-0.26486913398417994,0.5030370130775135,24
-30.5,189.5,0.8102975591630233,0.06547335845953513,21
-30.5,190.5,-0.29296026921406576,0.3417178800455669,23
-30.5,191.5,-0.014314965931575486,0.9741177473553713,20
-30.5,192.5,-0.33360845476624074,0.7397638077281241,21
-30.5,193.5,0.2012195121951224,0.7397638077281241,21
-30.5,194.5,-0.716886612469812,0.6204252937103817,16
-30.5,195.5,-0.5316758096800807,0.6204252937103817,16
-30.5,196.5,0.12086776859504121,0.9396136982356221,18
-30.5,197.5,0.9873686096512186,0.4338268403653006,17
-30.5,198.5,0.8881249104712796,0.34341948718274173,17
-30.5,199.5,0.685876623376624,0.45734964084351426,15
-30.5,200.5,0.9037997107219997,0.3030965324675493,17
-30.5,201.5,1.4434127248500996,0.17269436302931984,18
-30.5,202.5,0.12006163084702845,0.9396136982356221,18
-30.5,203.5,0.056064361848352284,1.0,17
-30.5,204.5,1.1414930555555556,0.4277105102974643,13
-30.5,205.5,-0.04309006211180133,1.0,15
-30.5,206.5,1.2563348067434212,0.640428787412791,11
-30.5,207.5,3.1264343998318567,0.03182312738649017,10
-30.5,208.5,1.4051724137931032,0.4362749288405292,11
-30.5,209.5,0.3271827808844586,0.640428787412791,11
-30.5,210.5,0.8406868656989802,0.4506702853141802,12
-30.5,211.5,-0.9400337537129715,0.8762696636277617,11
-30.5,212.5,-3.200713210120849,0.0995087321591697,13
-30.5,213.5,0.05181142439864511,1.0,14
-30.5,214.5,-0.07625695205618652,1.0,12
-30.5,215.5,-0.5021124133145003,0.9513521309544037,13
-30.5,216.5,2.2295252360203337,0.3726914904715183,12
-30.5,217.5,0.14693509615384404,1.0,10
-29.5,36.5,-0.30855517419420264,0.7205147871362552,10
-29.5,37.5,0.5422462860407862,0.28313087066234666,10
-29.5,38.5,0.16254147136410363,1.0,13
-29.5,39.5,0.7665547271613429,0.14937517875498968,17
-29.5,40.5,0.4357613496358684,0.6504631229507133,17
-29.5,41.5,0.03440318388097395,1.0,19
-29.5,42.5,0.7942307692307691,0.3975873918299724,22
-29.5,43.5,0.8173076923076923,0.3692092650321579,23
-29.5,44.5,0.5243801862249787,0.5351853194474852,24
-29.5,45.5,0.01530493868080877,0.964838162737043,26
-29.5,46.5,-0.2608795708481466,0.6464984392954767,27
-29.5,47.5,-0.5082529463853869,0.40821489473295614,32
-29.5,48.5,-0.8303571428571432,0.1382221053601419,34
-29.5,49.5,-0.6592152169427518,0.3353389634847318,30
-29.5,50.5,-1.0943774954831442,0.22814629250030505,28
-29.5,51.5,-0.5837154316985661,0.5144236588926046,28
-29.5,52.5,0.719988092161134,0.3007717594347785,30
-29.5,53.5,0.7087114288201251,0.2535263593015791,30
-29.5,54.5,-0.16272378516624056,0.7752944295177846,30
-29.5,55.5,-1.3713667429162921,0.08782509563019496,29
-29.5,56.5,-0.46417591559193117,0.649540989554171,28
-29.5,57.5,0.8814047902926394,0.1533785068859166,31
-29.5,58.5,-0.6715087086179761,0.44595658115373593,32
-29.5,59.5,0.008946775618744641,1.0,31
-29.5,60.5,-0.20561706551875059,0.5732109789122802,34
-29.5,61.5,-0.10656089487686227,0.8890947898386434,33
-29.5,62.5,-0.10140855911330071,0.8865048064138312,30
-29.5,63.5,0.44220547818409706,0.568058623631595,30
-29.5,64.5,-0.7001366120218577,0.3812637215931578,27
-29.5,65.5,-0.31332657905237526,0.5968073797467659,26
-29.5,66.5,-0.4026442307692308,0.4274889995990474,26
-29.5,67.5,-0.8147882904050612,0.15947049705508698,29
-29.5,68.5,0.7639999242205808,0.1411929728237963,25
-29.5,69.5,0.36670382075737923,0.566590311939465,26
-29.5,70.5,0.694287987237306,0.29505551931395413,28
-29.5,71.5,-0.33771739057769734,0.6782246933005027,28
-29.5,72.5,-0.3941945360339124,0.6117600292546322,22
-29.5,73.5,-1.191340229910357,0.056141063791275155,24
-29.5,74.5,-0.6221737103424401,0.2593548928200182,22
-29.5,75.5,0.37551965230536644,0.3155727359639028,23
-29.5,76.5,0.6102927431364412,0.15582458786203346,21
-29.5,77.5,0.22866410818713467,0.5923012814329899,17
-29.5,78.5,0.8616061913896012,0.36331590966639116,18
-29.5,79.5,1.3983419174279212,0.19167059142275544,16
-29.5,80.5,-0.33911472786515706,0.8266659696701553,14
-29.5,81.5,-1.6203224046780162,0.3244236905215787,14
-29.5,82.5,-1.4091385493321862,0.24638736002924666,13
-29.5,83.5,0.22100279106858092,0.7108359248149255,17
-29.5,84.5,0.29095496894409933,0.8430852292699837,15
-29.5,85.5,0.7398758937238649,0.1888874775395376,14
-29.5,86.5,1.26304707745465,0.5334165134726944,11
-29.5,87.5,0.5676622477179056,0.8370114751054462,12
-29.5,88.5,0.15788537651342652,0.8370114751054462,12
-29.5,89.5,1.2633077826121895,0.1498607475130492,12
-29.5,90.5,0.3177383171038204,0.5829505577618919,13
-29.5,91.5,-0.38165630646515225,0.8218916912511594,16
-29.5,92.5,-1.0948644358510518,0.05286114843849683,17
-29.5,93.5,-0.05111965720022982,0.8266659696701553,14
-29.5,94.5,-0.40688218390804576,0.7317017232242102,12
-29.5,95.5,2.9589398026441986,0.11947098677170075,11
-29.5,107.5,2.507137345679012,0.16112494928905186,11
-29.5,108.5,0.4019395274617365,0.7205147871362552,10
-29.5,112.5,-0.24705099942343933,0.4277105102974643,13
-29.5,113.5,0.1266020336863783,0.7603323075218761,13
-29.5,114.5,0.05898528764759479,0.9453298708327,12
-29.5,115.5,0.35438144329896953,0.3244236905215787,14
-29.5,116.5,0.3829648392430443,0.3004271167492414,16
-29.5,117.5,0.6546990021854161,0.11328720822235322,15
-29.5,118.5,0.2429300475230413,0.38701399031522477,17
-29.5,119.5,-0.5403811768848166,0.49946120310401465,16
-29.5,120.5,-0.36105474386724357,0.6853285557833784,16
-29.5,121.5,-0.29655692515286547,0.8218916912511594,16
-29.5,122.5,-0.44843750000000004,0.7665252995235718,15
-29.5,123.5,-0.5219254226310679,0.08551480563051515,20
-29.5,124.5,0.1602945619452068,0.7730800663123129,17
-29.5,125.5,0.2469077137123471,0.9513521309544037,13
-29.5,126.5,-0.024178340517241326,1.0,14
-29.5,127.5,0.1012731481481488,0.8430852292699837,15
-29.5,128.5,0.4489892547928255,0.012266061386212975,10
-29.5,152.5,1.9457495629370627,0.029272509186304533,11
-29.5,153.5,-0.12629399585921283,1.0,10
-29.5,154.5,0.35235724312781774,0.4277105102974643,13
-29.5,155.5,0.19962495640612035,0.7603323075218761,13
-29.5,156.5,-0.05753745631073108,0.9513521309544037,13
-29.5,157.5,-0.22053913145356624,0.9211586502250249,15
-29.5,158.5,-0.4530645824763468,0.5756369136048027,19
-29.5,159.5,0.086807849874455,0.8795727890074994,18
-29.5,160.5,-0.571607468663131,0.4046702444107403,18
-29.5,161.5,-0.25903309939606095,0.7795660645811546,19
-29.5,162.5,-0.7105654761904745,0.46346928023769907,22
-29.5,163.5,-0.6447291024389885,0.33335824348826115,24
-29.5,164.5,0.3230422283344798,0.6264962743469109,20
-29.5,165.5,-0.43410773026315874,0.6518692807184261,22
-29.5,166.5,0.1854722779652866,0.7857971061789661,21
-29.5,167.5,-0.9922248803827749,0.12371517875173883,19
-29.5,168.5,-0.7298344017094018,0.23423926303398213,19
-29.5,169.5,-1.1806419683257925,0.02094093367374069,19
-29.5,170.5,-0.3303332719646518,0.4873503903353207,21
-29.5,171.5,0.22739281400966593,0.3692092650321579,23
-29.5,172.5,0.26885759387230884,0.3692092650321579,23
-29.5,173.5,0.2766318597902696,0.6077081401081054,21
-29.5,174.5,-0.01722220174299824,1.0,20
-29.5,175.5,-0.11728126269556126,0.9224620671867602,20
-29.5,176.5,1.2269230769230761,0.0551796163231682,22
-29.5,177.5,0.06696428571428571,0.8799878558277134,21
-29.5,178.5,0.5984889979043615,0.5756369136048027,19
-29.5,179.5,-0.19298034439786807,0.7795660645811546,19
-29.5,180.5,-0.3339601084735059,0.5261780967197713,23
-29.5,181.5,-0.40279404433457205,0.4884223166225936,15
-29.5,182.5,-0.463027466753824,0.44148821101397295,19
-29.5,183.5,1.0248733111901616,0.15582458786203346,21
-29.5,184.5,0.9079745486651263,0.31900803011512957,21
-29.5,185.5,0.06944444444444049,1.0,23
-29.5,186.5,0.5747767857142857,0.2900579790352388,26
-29.5,187.5,-0.41436323174683176,0.7115714636761059,23
-29.5,188.5,-0.4651477419664296,0.5351853194474852,24
-29.5,189.5,-0.26656199994435603,0.5683377615538607,24
-29.5,190.5,-1.1013338481961423,0.06283881974106821,24
-29.5,191.5,-1.4704625439919539,0.07435290536856357,20
-29.5,192.5,-1.9362410515358486,0.008034765312662959,22
-29.5,193.5,-0.6447285353535352,0.46346928023769907,22
-29.5,194.5,-0.26746359517874196,0.7702877264736667,20
-29.5,195.5,-1.7164016371443915,0.08144297973908005,18
-29.5,196.5,-0.6367187500000004,0.3630203849440149,19
-29.5,197.5,-0.7313548985434406,0.5444860568259107,18
-29.5,198.5,2.174613769682941,0.0748246071030847,15
-29.5,199.5,2.232278224853469,0.011793457077064994,14
-29.5,200.5,0.9947290087343443,0.4434214028640827,14
-29.5,201.5,0.17994691890165943,0.9211586502250249,15
-29.5,202.5,0.6156959115805947,0.5526151250628484,15
-29.5,203.5,1.569677716732837,0.22413430196016682,16
-29.5,204.5,0.04854195283882784,0.9016495048953725,17
-29.5,205.5,0.29451742265737363,0.9128140271840749,14
-29.5,206.5,0.9573141457539963,0.3036732148994191,12
-29.5,207.5,1.7286706349206344,0.02148873911967739,14
-29.5,208.5,-1.1937391812946305,0.4362749288405292,11
-29.5,210.5,0.934829059829059,0.28313087066234666,10
-29.5,211.5,-0.8851273148148144,0.4506702853141802,12
-29.5,212.5,-1.928604728730929,0.6312218204782533,12
-29.5,213.5,0.4880484782192373,0.9128140271840749,14
-29.5,214.5,0.09469904040259923,0.9453298708327,12
-29.5,215.5,1.5241360177552288,0.7205147871362552,10
-28.5,38.5,1.1432303899820795,0.4362749288405292,11
-28.5,39.5,0.6611148529651234,0.4837557864964521,17
-28.5,40.5,1.7961793584403805,0.10754282889930056,19
-28.5,41.5,1.1429798631418517,0.3630203849440149,19
-28.5,42.5,-0.27188532298409446,0.8656490997057351,22
-28.5,43.5,-0.12816343174027742,0.6374381847429542,24
-28.5,44.5,0.20505648001260146,0.6732623633112398,24
-28.5,45.5,-0.11787957337518504,0.6782246933005027,28
-28.5,46.5,-0.6821151018148043,0.12342316732733923,32
-28.5,47.5,-0.6911289224695404,0.10545516969719615,35
-28.5,48.5,-0.4538600790807803,0.5441196833389506,30
-28.5,49.5,-1.3125648968173576,0.06081694918575563,33
-28.5,50.5,0.11335784313725443,0.8865048064138312,30
-28.5,51.5,0.3887546428970916,0.45366236627030876,30
-28.5,52.5,0.09544963036535101,0.8078142165841911,32
-28.5,53.5,0.4085572444809037,0.5270983110287552,32
-28.5,54.5,1.3163488359618059,0.03849360497181474,30
-28.5,55.5,0.7874657013932407,0.5283124685330474,25
-28.5,56.5,-0.35323261782058635,0.6391042707127212,29
-28.5,57.5,0.5160156068220958,0.5664461417662239,33
-28.5,58.5,0.016544930174178924,0.96292509372887,33
-28.5,59.5,0.33100363558833923,0.5925510100829448,32
-28.5,60.5,-0.02209092187658164,0.9870617094920746,32
-28.5,61.5,-0.036130831643002244,1.0,30
-28.5,62.5,0.2147315412013855,0.6685166224807093,30
-28.5,63.5,-0.007362842172593679,1.0,32
-28.5,64.5,-0.5085271317829466,0.49659521437046883,31
-28.5,65.5,-0.022321428571428457,0.9611987334080325,32
-28.5,66.5,1.040982769073392,0.20882963623889783,29
-28.5,67.5,1.4451972455902755,0.14923864983708598,28
-28.5,68.5,-0.7729066144435237,0.5351853194474852,24
-28.5,69.5,-0.06612602289575742,0.9297445787752688,26
-28.5,70.5,0.07767047158494483,0.9850341097366097,29
-28.5,71.5,-0.19227892604357558,0.80246135962087,27
-28.5,72.5,-1.518643710469454,0.07821934455010539,24
-28.5,73.5,-0.0520975832193362,0.964838162737043,26
-28.5,74.5,-0.8606515522875813,0.3668796006462124,22
-28.5,75.5,-0.3222404513547601,0.6946444974614776,21
-28.5,76.5,0.1258672699849176,0.8202167495096627,18
-28.5,77.5,0.312217365088936,0.6206907170753546,15
-28.5,78.5,0.376558628212028,0.5526151250628484,15
-28.5,79.5,-0.19456093745878017,0.8925584658515614,16
-28.5,80.5,-1.362131691190073,0.16280544974369293,16
-28.5,81.5,-0.6293675912885659,0.38701399031522477,17
-28.5,82.5,0.2582465277777775,0.8430852292699837,15
-28.5,83.5,0.5342850790827679,0.7665252995235718,15
-28.5,84.5,0.765989628349179,0.7425568219265776,14
-28.5,85.5,0.16181458570046878,0.7603323075218761,13
-28.5,86.5,-0.3753759895658315,0.7603323075218761,13
-28.5,87.5,0.3113915810606987,0.3726914904715183,12
-28.5,88.5,-0.010706240694065196,1.0,13
-28.5,89.5,-0.26224431818181815,0.7425568219265776,14
-28.5,90.5,-1.4191309077672707,0.010072435153279604,15
-28.5,91.5,-1.8124117750584356,0.04887959235679104,18
-28.5,92.5,-2.486590129573171,0.04776124267510367,15
-28.5,93.5,2.3220757150173523,0.06410357671243591,12
-28.5,94.5,2.578230010830855,0.01951748118217775,11
-28.5,95.5,0.638798968917665,0.8580276569875211,10
-28.5,102.5,0.4015799868334433,0.10740463633025372,10
-28.5,103.5,0.21263227513227517,0.8580276569875211,10
-28.5,105.5,1.2455286168521464,0.16112494928905186,11
-28.5,106.5,1.2261740871207425,0.19261627432960227,12
-28.5,107.5,0.6065285852713176,0.5334165134726944,11
-28.5,108.5,-1.0278505650448586,0.2437222847721744,12
-28.5,111.5,-0.8310548171559675,0.11947098677170075,11
-28.5,112.5,0.01341277614315316,1.0,12
-28.5,113.5,0.08859840072232138,0.7603323075218761,13
-28.5,114.5,0.4080905473454697,0.4440436396628866,16
-28.5,115.5,1.4931249999999991,0.12974504639571688,18
-28.5,116.5,1.1333307895807905,0.06904431984775117,18
-28.5,117.5,-0.1801394543742984,0.8368197050512747,17
-28.5,118.5,0.44875676831006084,0.48410753779266247,19
-28.5,119.5,-0.03009049773755663,1.0,18
-28.5,120.5,-0.48722426470588226,0.28888280402716393,18
-28.5,121.5,0.06237957648836779,0.9640893612679119,16
-28.5,122.5,-0.35241574314145807,0.4338268403653006,17
-28.5,123.5,-0.7585957757130513,0.03580506484519106,19
-28.5,124.5,0.29541734234923367,0.4338268403653006,17
-28.5,125.5,0.4938764341787444,0.3492193427947422,21
-28.5,126.5,0.2505078807380628,0.7526419827681854,16
-28.5,127.5,0.5689084477015123,0.11475673431864909,12
-28.5,128.5,0.769900760135135,0.10740463633025372,10
-28.5,129.5,-0.7182162889992743,0.4742743507673295,10
-28.5,151.5,0.31291172595520383,0.8762696636277617,11
-28.5,152.5,0.9259682660176093,0.5021582515007486,13
-28.5,153.5,-0.128267973856209,0.9671423309063722,17
-28.5,154.5,-0.390625,0.6921807727218765,15
-28.5,155.5,-0.900305863677715,0.344417522979072,16
-28.5,156.5,-0.8976107804232811,0.3244236905215787,14
-28.5,157.5,-2.107854101429826,0.007533170338632102,15
-28.5,158.5,-0.9943559411637828,0.38701399031522477,17
-28.5,159.5,0.26765711496878225,0.5756369136048027,19
-28.5,160.5,-0.40712299622578096,0.2561449666035266,20
-28.5,161.5,-1.3509892732903142,0.14172595380646796,19
-28.5,162.5,-0.32722659238082485,0.4922895298178107,23
-28.5,163.5,0.1764598191896344,0.8073432738589214,29
-28.5,164.5,-0.2178866621376807,0.8947871042097532,26
-28.5,165.5,-0.5535714285714288,0.4922895298178107,23
-28.5,166.5,-0.7268297389877938,0.18666052241558184,23
-28.5,167.5,-0.8980735959542188,0.15382082239203035,23
-28.5,168.5,0.047881884849430525,0.9578745987779059,23
-28.5,169.5,-0.05405755650739419,0.8701367570919353,25
-28.5,170.5,0.3447420634920646,0.3155727359639028,23
-28.5,171.5,0.15369209334726647,0.8326659395181515,23
-28.5,172.5,0.3091851494696234,0.566590311939465,26
-28.5,173.5,0.07784364771813636,0.9802109790485439,24
-28.5,174.5,1.444731479744092,0.14429205544010523,20
-28.5,175.5,0.47038251392980757,0.34341948718274173,17
-28.5,176.5,-0.12085038843693836,0.8711314915971583,20
-28.5,177.5,-0.7508238931850044,0.3467641835161842,20
-28.5,178.5,-0.27674558246080966,0.7526419827681854,16
-28.5,179.5,-1.4325248756218905,0.090976463086059,23
-28.5,180.5,-0.4485282512626254,0.3975873918299724,22
-28.5,181.5,0.1545981820569584,0.9741177473553713,20
-28.5,182.5,-0.3542172330097104,0.7115714636761059,23
-28.5,183.5,0.5264359387919931,0.6197245694184199,24
-28.5,184.5,-0.078125,0.9297445787752688,26
-28.5,185.5,0.4429934183456652,0.5084542305885602,26
-28.5,186.5,-0.3889816687054179,0.2723427122311102,25
-28.5,187.5,-0.15045932672311513,0.8621556082271453,24
-28.5,188.5,0.08647610118529941,0.9802109790485439,24
-28.5,189.5,-0.33004901490436933,0.3853099749909059,24
-28.5,190.5,-1.1587447478991564,0.013086088114276999,22
-28.5,191.5,-0.44011662566331683,0.6731887478154436,20
-28.5,192.5,-0.5547680852835863,0.5030370130775135,24
-28.5,193.5,-1.0086644214770726,0.31900803011512957,21
-28.5,194.5,-0.554381620819548,0.41489093965848534,21
-28.5,195.5,-1.1249790456176894,0.11305101958707045,23
-28.5,196.5,-0.44197182717958444,0.7618733947779845,18
-28.5,197.5,-0.07778005473222897,0.9640893612679119,16
-28.5,198.5,0.8479654403567448,0.28888280402716393,18
-28.5,199.5,-0.007902298850574599,0.9442166279919116,19
-28.5,200.5,0.39305682136050296,0.7526419827681854,16
-28.5,201.5,-1.3055339690735224,0.1376458455182647,15
-28.5,202.5,0.42418448464912273,1.0,15
-28.5,203.5,0.18979287344215834,0.9211586502250249,15
-28.5,204.5,-0.41933760683760746,0.9211586502250249,15
-28.5,205.5,0.09499391627896461,0.9671423309063722,17
-28.5,206.5,0.20546361019736836,0.511220344688192,14
-28.5,207.5,-0.9244227994227995,0.5334165134726944,11
-28.5,208.5,-0.18275701603665578,0.8762696636277617,11
-28.5,209.5,-0.11096485778481822,0.8580276569875211,10
-28.5,211.5,-2.593695282952794,0.4362749288405292,11
-28.5,212.5,-2.5107365460626334,0.27575784782750934,11
-28.5,213.5,-0.7515525149453721,0.640428787412791,11
-28.5,214.5,4.878472222222226,0.15240628395674932,10
-28.5,216.5,-1.193181818181818,0.4742743507673295,10
-27.5,36.5,0.21551895141601562,0.8580276569875211,10
-27.5,37.5,-1.374410626389948,0.3036732148994191,12
-27.5,38.5,0.09075290857133783,1.0,12
-27.5,39.5,-0.32971518565032376,0.6494456692174662,18
-27.5,40.5,0.24516632736370153,0.832591967665674,21
-27.5,41.5,0.27213371858834157,0.4873503903353207,21
-27.5,42.5,-0.4681185480010812,0.33335824348826115,24
-27.5,43.5,-0.8113829657762955,0.3875143778393141,25
-27.5,44.5,0.322549474335189,0.5968073797467659,26
-27.5,45.5,-0.32203412037473245,0.5114817794495524,29
-27.5,46.5,-0.4335794109974467,0.3587201702049656,31
-27.5,47.5,-0.9196370837105925,0.12504272739262104,33
-27.5,48.5,-0.22352381753107234,0.7784259141888469,29
-27.5,49.5,-0.2036511095683851,0.7215623759883523,33
-27.5,50.5,0.3896556984719042,0.4856472470963893,33
-27.5,51.5,0.11973566308243497,0.6833368087995224,31
-27.5,52.5,-0.29428643531122844,0.6352273936721516,34
-27.5,53.5,-0.4928422559581005,0.41182433473249114,30
-27.5,54.5,0.7589940203058626,0.16070247376846514,28
-27.5,55.5,-0.4962588862278578,0.6277372683701176,26
-27.5,56.5,-1.317384725135743,0.1315212224059174,32
-27.5,57.5,-0.3165056571733811,0.6151681449180015,32
-27.5,58.5,0.1173785374319159,0.8330324989520455,32
-27.5,59.5,0.5631892343848864,0.44430175934250604,31
-27.5,60.5,-0.18680138952981543,0.9382480146046129,33
-27.5,61.5,-0.08443149987267613,0.8821498665400751,34
-27.5,62.5,-0.6821995077630325,0.1739206495334844,31
-27.5,63.5,-0.08231102376017407,0.8403644195470178,33
-27.5,64.5,-0.6691902521093823,0.2992115611491839,33
-27.5,65.5,-0.5277139074693427,0.45455525621868176,31
-27.5,66.5,0.2591991341991345,0.6341458536966633,31
-27.5,67.5,1.1044369789896782,0.195559652706897,29
-27.5,68.5,1.2692545665256585,0.13840976575205344,28
-27.5,69.5,0.4678834173893917,0.537126940170827,26
-27.5,70.5,0.678463946248476,0.19908116182657798,28
-27.5,71.5,-0.025577512920834287,0.9715358738879935,30
-27.5,72.5,-1.423835370712149,0.24369251012790516,24
-27.5,73.5,-0.0349516114156212,1.0,22
-27.5,74.5,0.13298314224909613,0.8740921801633091,23
-27.5,75.5,0.3602091565657733,0.4956627244900297,20
-27.5,76.5,0.6498015873015868,0.23423926303398213,19
-27.5,77.5,0.6454512548262539,0.08024287819033639,19
-27.5,78.5,1.4155384176993226,0.10754282889930056,19
-27.5,79.5,-0.503402217741935,0.7048534612178423,18
-27.5,80.5,-0.7417456165158374,0.4487180156191449,18
-27.5,81.5,0.36595094190030864,0.674611943553671,19
-27.5,82.5,1.3036362615386499,0.19167059142275544,16
-27.5,83.5,2.1987995386101487,0.06378663704794149,17
-27.5,84.5,0.3844870634855446,0.4440436396628866,16
-27.5,85.5,-0.4371214947623734,0.4440436396628866,16
-27.5,86.5,-0.1765754769420746,0.49946120310401465,16
-27.5,87.5,0.4915255610654157,0.6206907170753546,15
-27.5,88.5,-0.40879186602870776,0.7526419827681854,16
-27.5,89.5,-0.2050422399642514,0.8218916912511594,16
-27.5,90.5,-0.8589906644606213,0.2660517601229595,17
-27.5,91.5,-0.9591471990150662,0.6921807727218765,15
-27.5,92.5,-2.331247407598201,0.0798019286423907,14
-27.5,93.5,-1.4265412353909888,0.0798019286423907,14
-27.5,94.5,-0.317119698258092,0.8547770980655479,13
-27.5,101.5,-0.13968757779437385,0.2104977000553373,10
-27.5,102.5,-0.1616028432823732,0.511220344688192,14
-27.5,103.5,0.3702046035805626,0.5334165134726944,11
-27.5,104.5,2.0089722406518997,0.15240628395674932,10
-27.5,105.5,2.250904528478058,0.029272509186304533,11
-27.5,106.5,1.0247774607574887,0.22843980898867533,14
-27.5,107.5,0.09779501421886228,0.9453298708327,12
-27.5,108.5,-0.8271380991205781,0.5021582515007486,13
-27.5,109.5,-0.13705552347166045,0.7554968749288828,11
-27.5,111.5,-0.8824494784818881,0.19261627432960227,12
-27.5,112.5,0.4315666971916975,0.6312218204782533,12
-27.5,113.5,1.121423669024131,0.22843980898867533,14
-27.5,114.5,0.7526395173453997,0.20785680345658664,19
-27.5,115.5,1.2393465909090917,0.09559021985225108,18
-27.5,116.5,0.6713418868353196,0.14937517875498968,17
-27.5,117.5,1.1319444444444442,0.06269811626098261,14
-27.5,118.5,0.673828125,0.09309214399370513,19
-27.5,119.5,0.1931585320417284,0.5288645203641904,19
-27.5,120.5,-0.40645424836601385,0.5812547604118179,20
-27.5,121.5,-0.0394766523798783,0.9442166279919116,19
-27.5,122.5,0.08774076886189226,1.0,19
-27.5,123.5,-0.16133407655146784,0.6946444974614776,21
-27.5,124.5,0.5423516555344462,0.20575410127305516,20
-27.5,125.5,0.2710554265379952,0.566142727568169,21
-27.5,126.5,0.5056398649354575,0.3030965324675493,17
-27.5,127.5,0.25545839861635755,0.22843980898867533,14
-27.5,128.5,0.02804487179487225,1.0,11
-27.5,129.5,0.8074574627869441,0.4742743507673295,10
-27.5,150.5,0.37822948656600086,0.9453298708327,12
-27.5,151.5,0.33818110305005433,0.9513521309544037,13
-27.5,152.5,2.4034123639288287,0.02347622061008093,17
-27.5,153.5,1.8315972222222219,0.19780102703780067,18
-27.5,154.5,-0.9006828338914605,0.2762784158080178,15
-27.5,155.5,-1.4160641728338286,0.0995087321591697,13
-27.5,156.5,-0.15040106951871707,0.9128140271840749,14
-27.5,157.5,-0.7441375996674007,0.49946120310401465,16
-27.5,158.5,-0.9257688392177919,0.41730416562740436,20
-27.5,159.5,0.6817411924119238,0.29391717025195707,19
-27.5,160.5,0.7389990880072961,0.21471330142519174,22
-27.5,161.5,-0.05733721223982788,0.975910003234818,21
-27.5,162.5,0.32053565096512443,0.5030370130775135,24
-27.5,163.5,0.48057448427967786,0.5683377615538607,24
-27.5,164.5,-0.32439564710121765,0.7857971061789661,21
-27.5,165.5,-0.40516774891774854,0.35874300337869447,24
-27.5,166.5,-0.88902087525978,0.195559652706897,29
-27.5,167.5,-0.30701867861989673,0.48926508700643856,28
-27.5,168.5,-0.14193454366807084,0.6782246933005027,28
-27.5,169.5,0.5968729198218377,0.3091626948735827,24
-27.5,170.5,0.16686819381710044,0.7513001501987963,23
-27.5,171.5,-0.5771139298012355,0.46346928023769907,22
-27.5,172.5,-0.1412382275214136,0.9335433162568849,27
-27.5,173.5,0.9027714766495123,0.3382878549727658,25
-27.5,174.5,-0.9452344544698876,0.20586252630799218,24
-27.5,175.5,-0.8087406015037585,0.29056075537876946,21
-27.5,176.5,0.09325973606496873,0.8799878558277134,21
-27.5,177.5,-0.10472370766488362,1.0,22
-27.5,178.5,-0.4407858991852059,0.566142727568169,21
-27.5,179.5,-0.07407536678933119,0.8701367570919353,25
-27.5,180.5,-0.49396028713948353,0.4690632682744802,25
-27.5,181.5,-0.2648628310973488,0.7260951618325295,25
-27.5,182.5,0.11922482108235855,0.9004590609762644,27
-27.5,183.5,0.5466593699438478,0.478451739086175,27
-27.5,184.5,-0.0997401446032192,0.9070384808036948,25
-27.5,185.5,-0.02306673657605335,1.0,27
-27.5,186.5,-0.6184227403942884,0.22420756495904925,24
-27.5,187.5,0.04262999711384775,0.9252757299002273,29
-27.5,188.5,-0.6401902022971202,0.3375799754591595,27
-27.5,189.5,-0.5838464701460032,0.12899601166748725,25
-27.5,190.5,-0.9601293103448283,0.169645513311097,23
-27.5,191.5,-0.0008170912747820225,1.0,22
-27.5,192.5,0.44089448888444616,0.4956627244900297,20
-27.5,193.5,0.4127302326989023,0.7397638077281241,21
-27.5,194.5,0.30379641909814126,0.7264469840368603,19
-27.5,195.5,-0.27243756298815813,0.7702877264736667,20
-27.5,196.5,0.3573958863039228,0.7702877264736667,20
-27.5,197.5,-0.34791398101488397,0.6494456692174662,18
-27.5,198.5,0.6243210676594412,0.49946120310401465,16
-27.5,199.5,-1.80850480974361,0.1546297519658153,14
-27.5,200.5,-0.7329913548060827,0.5583509093759852,16
-27.5,201.5,-0.047048239695787766,1.0,16
-27.5,202.5,-0.6342826165046105,0.3923143472853552,16
-27.5,203.5,0.018079039978458326,1.0,15
-27.5,204.5,0.4197215347783529,0.4440436396628866,16
-27.5,205.5,-0.529897048875359,0.36331590966639116,18
-27.5,206.5,0.8629038151950041,0.24638736002924666,13
-27.5,208.5,-0.11913078018847291,0.9453298708327,12
-27.5,209.5,0.960404584368959,0.4362749288405292,11
-27.5,210.5,-0.3202160493827169,0.7554968749288828,11
-27.5,211.5,-0.5358543417366946,0.4362749288405292,11
-27.5,212.5,0.2930241962104706,0.7205147871362552,10
-27.5,213.5,-0.07546612394957908,1.0,11
-27.5,214.5,-3.4885249897372717,0.28313087066234666,10
-26.5,35.5,0.635278162332006,0.5334165134726944,11
-26.5,36.5,2.1168526785714286,0.16112494928905186,11
-26.5,37.5,0.6189782714843748,0.6206907170753546,15
-26.5,38.5,1.2980638578258,0.18344722817247316,20
-26.5,39.5,1.4098200253868476,0.06887334136057353,19
-26.5,40.5,2.036231789519461,0.03692007316250187,22
-26.5,41.5,-0.2238872550205162,0.6518692807184261,22
-26.5,42.5,-0.644234260284086,0.4719390404163103,24
-26.5,43.5,-0.3250168545998206,0.5666859527923179,28
-26.5,44.5,-0.570422480167037,0.3678300669521164,29
-26.5,45.5,-0.15594660194174725,0.7084629632532715,31
-26.5,46.5,-0.37006578947368585,0.47532023939393775,31
-26.5,47.5,-0.1186639100780531,0.8584237820523384,32
-26.5,48.5,0.5763079091803879,0.35803517004775176,34
-26.5,49.5,0.8914105823728367,0.12504272739262104,33
-26.5,50.5,-0.29776936026935985,0.7220003552092338,34
-26.5,51.5,-0.971750867900351,0.10839945747110942,32
-26.5,52.5,-1.6281583528569568,0.04077869206766529,34
-26.5,53.5,-0.06380760063559254,0.9763470765264379,34
-26.5,54.5,0.6005039691405086,0.4655488870531287,32
-26.5,55.5,-0.20006505149691114,0.7339104943970113,31
-26.5,56.5,-0.8108148322134111,0.3069529533583134,32
-26.5,57.5,-0.8506131549609819,0.24755577818020225,34
-26.5,58.5,0.18638322366317234,0.7334631920155024,36
-26.5,59.5,0.6267879837120027,0.34457761884916804,33
-26.5,60.5,0.15086206896551724,0.7763884317697076,35
-26.5,61.5,-0.12927074928157495,0.8162147751081346,33
-26.5,62.5,0.0386812639292251,0.9674053677177911,36
-26.5,63.5,-0.24741824440619645,0.6341458536966633,31
-26.5,64.5,0.3906733147804576,0.49659521437046883,31
-26.5,65.5,0.42634556281214064,0.5633463699559165,31
-26.5,66.5,0.37690698308900955,0.609130070083629,33
-26.5,67.5,1.7458536248811432,0.008279048973595722,30
-26.5,68.5,1.4449022479322748,0.06657564401317712,27
-26.5,69.5,1.0011306628154446,0.08557050563653738,26
-26.5,70.5,0.5309022312113321,0.3545784475977316,26
-26.5,71.5,0.45146350547426495,0.41989889923791546,29
-26.5,72.5,-0.45800510771440983,0.757639735211381,26
-26.5,73.5,-0.5319006254528379,0.6518692807184261,22
-26.5,74.5,-0.01730382113365646,1.0,24
-26.5,75.5,-0.08117549265800057,0.8711314915971583,20
-26.5,76.5,1.3633402882275967,0.04081584761596263,18
-26.5,77.5,1.5306122448979587,0.00402508829492601,22
-26.5,78.5,1.0011054165410505,0.14256865901357518,22
-26.5,79.5,0.6322804789279659,0.44087649866088374,25
-26.5,80.5,1.1129582267689682,0.15382082239203035,23
-26.5,81.5,0.9406216199020165,0.3376949763722794,22
-26.5,82.5,0.6988445698596703,0.3272855802219552,19
-26.5,83.5,1.2568041707610467,0.10754282889930056,19
-26.5,84.5,0.4705097087378647,0.7618733947779845,18
-26.5,85.5,0.09796626984126956,0.8337352412499334,19
-26.5,86.5,0.24553571428571508,0.8337352412499334,19
-26.5,87.5,0.4235212027394689,0.36331590966639116,18
-26.5,88.5,0.9636684052543634,0.20161232353469571,17
-26.5,89.5,0.06408382066276808,0.9442166279919116,19
-26.5,90.5,0.32905025176631864,0.6504631229507133,17
-26.5,91.5,-0.5184426699314046,0.4837557864964521,17
-26.5,92.5,-2.2275678294573646,0.04776124267510367,15
-26.5,93.5,-2.0181832172527288,0.06410357671243591,12
-26.5,94.5,-1.8228591940281935,0.01237158120452431,13
-26.5,95.5,-0.2625415358756442,0.6693340144640527,13
-26.5,100.5,-1.3763719512195127,0.10740463633025372,10
-26.5,101.5,-1.3603670634920637,0.06170669002831271,11
-26.5,102.5,-0.5126669202163621,0.7205147871362552,10
-26.5,105.5,0.43391355994152114,0.7554968749288828,11
-26.5,106.5,0.9078002820010672,0.3726914904715183,12
-26.5,107.5,0.6644283889306145,0.5021582515007486,13
-26.5,108.5,0.1363393550893552,1.0,14
-26.5,109.5,-1.2188840747429457,0.08647112777407255,12
-26.5,110.5,0.11851976165055886,0.9211586502250249,15
-26.5,111.5,-0.17576901768078426,0.7665252995235718,15
-26.5,112.5,0.3299813318734221,0.4884223166225936,15
-26.5,113.5,0.702711838942307,0.11507464782117936,16
-26.5,114.5,-0.07115723572306486,0.9741177473553713,20
-26.5,115.5,-0.662728475228475,0.25581804946653663,18
-26.5,116.5,0.5143460263655923,0.12354986589680401,21
-26.5,117.5,0.6944444444444429,0.04081584761596263,18
-26.5,118.5,0.2202380952380954,0.5727823105937271,22
-26.5,119.5,-0.15488747998275473,0.7972523796379414,25
-26.5,120.5,-0.6352993324989555,0.3376949763722794,22
-26.5,121.5,-0.16980982925744936,0.6731887478154436,20
-26.5,122.5,0.5896326013513509,0.11431677554040419,22
-26.5,123.5,1.067565982283983,0.008034765312662959,22
-26.5,124.5,0.6332856766954493,0.0967474505928423,21
-26.5,125.5,0.11374745654119209,0.8203382164336169,20
-26.5,126.5,-0.06879581222480084,1.0,12
-26.5,127.5,0.09702620967741993,1.0,11
-26.5,128.5,0.5852663230240545,0.37109336952269756,10
-26.5,129.5,0.46052446766672384,0.4362749288405292,11
-26.5,149.5,0.5049650869963378,0.7205147871362552,10
-26.5,150.5,-0.13983223034947181,0.8580276569875211,10
-26.5,151.5,0.21180555555555478,0.5840703669455064,14
-26.5,152.5,1.430870509816811,0.1095017011964754,21
-26.5,153.5,1.937184343434343,0.029448104214274153,15
-26.5,154.5,-0.38814773317902257,0.5923012814329899,17
-26.5,155.5,-1.09375,0.022821503671488087,15
-26.5,156.5,0.41081632342327506,0.9671423309063722,17
-26.5,157.5,-0.5528449234359043,0.1629844132966407,20
-26.5,158.5,-0.050593689962494144,0.9741177473553713,20
-26.5,159.5,-0.3583161860336486,0.6345102928818573,23
-26.5,160.5,0.12484140787793208,0.9802109790485439,24
-26.5,161.5,-0.17010709198209226,0.8233490121001951,24
-26.5,162.5,-0.26984732886372237,0.747106327334731,24
-26.5,163.5,-0.2379630884230187,0.7614215361463608,25
-26.5,164.5,-1.5966358317520553,0.03347123100634287,27
-26.5,165.5,-0.9350182717287493,0.15390772471948247,29
-26.5,166.5,-1.0602830417881444,0.07992172236117875,27
-26.5,167.5,-0.4743307764607141,0.4876519268316105,29
-26.5,168.5,-0.3023998111699633,0.7614215361463608,25
-26.5,169.5,-1.305385044642854,0.12291053975401948,27
-26.5,170.5,-0.5968012485220365,0.4719390404163103,24
-26.5,171.5,0.1012121750676907,0.9667427806663149,27
-26.5,172.5,0.8727987867688219,0.3152515554041374,25
-26.5,173.5,0.33851809954751094,0.757639735211381,26
-26.5,174.5,0.7711507860516864,0.40435063820524453,27
-26.5,175.5,0.6808071658615145,0.40226723126443065,26
-26.5,176.5,1.5652669795805356,0.0395167129619474,24
-26.5,177.5,1.1275712625874554,0.10689967587922093,24
-26.5,178.5,0.07471978206605405,0.9335433162568849,27
-26.5,179.5,-0.8396015412120565,0.2772098350690809,28
-26.5,180.5,-0.3273809523809512,0.8600328045734927,26
-26.5,181.5,-0.6006054131054128,0.31062506239573384,26
-26.5,182.5,-0.43552240808681025,0.5441196833389506,30
-26.5,183.5,-0.7229166666666664,0.22104956212356597,31
-26.5,184.5,-0.16313933985032386,0.7784259141888469,29
-26.5,185.5,-0.8717775316725849,0.2643373325084948,24
-26.5,186.5,0.4500354358610922,0.5878049630676369,27
-26.5,187.5,-0.4348134460380745,0.568058623631595,30
-26.5,188.5,-1.326528543939932,0.2783473662511158,27
-26.5,189.5,-2.0706441405871727,0.06283881974106821,24
-26.5,190.5,0.036622859898720606,1.0,23
-26.5,191.5,0.037917271407838904,1.0,19
-26.5,192.5,1.0695180988398536,0.25581804946653663,18
-26.5,193.5,1.7352802077308658,0.22413430196016682,16
-26.5,194.5,0.4174848339719025,0.5756369136048027,19
-26.5,195.5,0.8770468392993153,0.29391717025195707,19
-26.5,196.5,-0.9128917378917387,0.16168621659204063,19
-26.5,197.5,-1.6855152387041779,0.4956627244900297,20
-26.5,198.5,-2.5421036708350138,0.06269811626098261,14
-26.5,199.5,-2.8602786219013874,0.058587575310488894,13
-26.5,200.5,-1.9134356184611172,0.048744920739706564,14
-26.5,201.5,0.31818181818181945,0.6206907170753546,15
-26.5,202.5,-0.7972156319787032,0.6504631229507133,17
-26.5,203.5,0.10045241929299761,1.0,14
-26.5,204.5,1.5020833333333339,0.23495478370334333,15
-26.5,205.5,-0.10089066339066369,1.0,13
-26.5,206.5,-1.7535496957403653,0.42848041949799653,15
-26.5,207.5,-1.971615304094812,0.16055589143580895,13
-26.5,208.5,-1.663199971709441,0.044083783741320944,13
-26.5,209.5,-0.8419486215538845,0.5915050369949166,10
-26.5,210.5,-1.3412353460665973,0.35020138917929566,11
-26.5,211.5,0.33640297906602257,0.4742743507673295,10
-26.5,212.5,1.8640737240760041,0.08647112777407255,12
-26.5,213.5,-1.012163734302288,0.4362749288405292,11
-26.5,220.5,-3.4001989389920424,0.04909798160926558,10
-25.5,36.5,0.29025743188127706,0.5840703669455064,14
-25.5,37.5,-0.21489448051948049,0.8202167495096627,18
-25.5,38.5,-0.42513955342902754,0.42979527233955583,22
-25.5,39.5,0.45176888586346137,0.4873503903353207,21
-25.5,40.5,1.8450373127668052,0.14334161203711995,24
-25.5,41.5,0.3641525689223065,0.5350244506182873,22
-25.5,42.5,-0.6295997055932351,0.28615732110495806,24
-25.5,43.5,-1.0396502655403885,0.24303798973120727,27
-25.5,44.5,-0.2383123865661107,0.6151681449180015,32
-25.5,45.5,-1.0247554286944005,0.01308391989517775,31
-25.5,46.5,-0.19516259833656555,0.6728442148625922,36
-25.5,47.5,0.44621848258246527,0.294266104304963,36
-25.5,48.5,0.2975000000000003,0.5296140782563044,38
-25.5,49.5,0.672805441478439,0.21303867828843515,34
-25.5,50.5,0.02404397884066181,0.96292509372887,33
-25.5,51.5,-0.20598576358930148,0.8125085458048832,34
-25.5,52.5,0.06289390756302526,0.9527149346506575,34
-25.5,53.5,0.4678980269139868,0.44595658115373593,32
-25.5,54.5,0.3332807620174494,0.5531960543178076,34
-25.5,55.5,0.19030120791273072,0.8403644195470178,33
-25.5,56.5,-0.33160133909587003,0.744891472543834,33
-25.5,57.5,-0.29484776842348004,0.6091749235356739,35
-25.5,58.5,0.4173546507174722,0.279615358042137,38
-25.5,59.5,0.025813250064035995,0.9457024715498787,36
-25.5,60.5,-0.8076953686315347,0.4060445067036338,36
-25.5,61.5,-1.0836204399197058,0.010580470819026744,35
-25.5,62.5,-0.7241941419980016,0.31386902702531216,33
-25.5,63.5,-0.38884575569358293,0.6101267703127584,31
-25.5,64.5,0.8099360461894405,0.32256351748255707,32
-25.5,65.5,0.682196436943272,0.3078304301336964,31
-25.5,66.5,0.27040067436956394,0.7091645038629479,32
-25.5,67.5,0.8605581699571598,0.1495902257394682,33
-25.5,68.5,1.157717282717283,0.011887389113116403,31
-25.5,69.5,0.9327469220133011,0.13396533563924473,30
-25.5,70.5,0.03820879247015681,0.9551233832161916,29
-25.5,71.5,0.35988616268788576,0.7913957365052897,26
-25.5,72.5,0.47868820285181946,0.4282542252410364,27
-25.5,73.5,0.28685008917493793,0.757639735211381,26
-25.5,74.5,-0.4898032407740619,0.3853099749909059,24
-25.5,75.5,-0.33262745364681723,0.6518692807184261,22
-25.5,76.5,-0.3970969722348399,0.5727823105937271,22
-25.5,77.5,0.4342669200954088,0.28615732110495806,24
-25.5,78.5,1.392644802454929,0.030337374811837438,23
-25.5,79.5,0.2830762987012984,0.6726109872286647,23
-25.5,80.5,0.29451543957936055,0.5683377615538607,24
-25.5,81.5,0.946428571428571,0.1758957490227674,22
-25.5,82.5,0.4609720015165846,0.41730416562740436,20
-25.5,83.5,0.20502364033739004,0.8202167495096627,18
-25.5,84.5,1.9556842411320021,0.04244167627001095,19
-25.5,85.5,0.4610826855614072,0.42979527233955583,22
-25.5,86.5,0.5582471001305684,0.5351853194474852,24
-25.5,87.5,0.49843261652700754,0.3091626948735827,24
-25.5,88.5,0.5840896630781495,0.5376032363488861,20
-25.5,89.5,0.48263888888888806,0.48410753779266247,19
-25.5,90.5,-1.2019052397258734,0.19780102703780067,18
-25.5,91.5,-0.2938198587171903,0.6264962743469109,20
-25.5,92.5,0.05767180580613412,1.0,15
-25.5,93.5,-0.6372048294045365,0.04244167627001095,19
-25.5,94.5,-0.577566964285714,0.28888280402716393,18
-25.5,95.5,0.695075757575758,0.2735614117247491,14
-25.5,98.5,-0.8115190277350164,0.27575784782750934,11
-25.5,99.5,-1.150528169014084,0.04296014602842502,11
-25.5,104.5,0.6608025925836596,0.2001281176786024,13
-25.5,105.5,0.0961829632561008,0.7603323075218761,13
-25.5,106.5,1.3252843153671026,0.22413430196016682,16
-25.5,107.5,2.783950367700281,0.16055589143580895,13
-25.5,108.5,-0.12898145683612897,0.9211586502250249,15
-25.5,109.5,-2.410003330252284,0.006043719401107627,13
-25.5,110.5,-0.24939580102282224,0.5444860568259107,18
-25.5,111.5,1.109715575658265,0.05559297481886975,20
-25.5,112.5,0.577781466725682,0.4434214028640827,14
-25.5,113.5,0.9010224799369972,0.2299690777236404,20
-25.5,114.5,-0.7018945728184871,0.38118730498775844,21
-25.5,115.5,-0.29912108046247465,0.7397638077281241,21
-25.5,116.5,0.5517545261811825,0.3376949763722794,22
-25.5,117.5,-0.5809410385195412,0.1724913614849527,24
-25.5,118.5,-0.35479497354497286,0.478451739086175,27
-25.5,119.5,-0.265463303376906,0.498219385345291,25
-25.5,120.5,-0.44918446762709313,0.4536084832864735,26
-25.5,121.5,0.8764787138299748,0.0395167129619474,24
-25.5,122.5,0.9498004236890933,0.11188667489678761,20
-25.5,123.5,0.5844350961538461,0.24521106099767986,23
-25.5,124.5,0.7440281855152864,0.07435290536856357,20
-25.5,125.5,-0.4509785300806949,0.36331590966639116,18
-25.5,126.5,-0.4922176465503014,0.7205147871362552,10
-25.5,127.5,-0.886641549063729,0.640428787412791,11
-25.5,128.5,-0.5693423202614372,0.37109336952269756,10
-25.5,129.5,1.2504695552380678,0.35020138917929566,11
-25.5,148.5,0.46806215073420154,0.7317017232242102,12
-25.5,149.5,-0.2981770833333335,0.4506702853141802,12
-25.5,150.5,1.0863095238095255,0.640428787412791,11
-25.5,151.5,0.9768772893772895,0.0748246071030847,15
-25.5,152.5,0.5465823128109891,0.25581804946653663,18
-25.5,153.5,-0.1459448243397274,0.9671423309063722,17
-25.5,154.5,-0.45693871439978667,0.40110257289194073,19
-25.5,155.5,0.27301488833746845,0.5756369136048027,19
-25.5,156.5,1.1409404609915763,0.5366482363005154,17
-25.5,157.5,-0.5723438136055915,0.4873503903353207,21
-25.5,158.5,0.2188505041833922,0.8701367570919353,25
-25.5,159.5,0.043312100745397444,0.9070384808036948,25
-25.5,160.5,-0.6416177320063998,0.18863315303694816,24
-25.5,161.5,-1.046054856239286,0.20586252630799218,24
-25.5,162.5,-1.1298076923076923,0.0635295354198279,30
-25.5,163.5,-0.6414350001521701,0.4274889995990474,26
-25.5,164.5,-1.3947672062675454,0.17281953611248368,28
-25.5,165.5,-0.8448227265000402,0.2525233839239892,29
-25.5,166.5,-0.3946311773949418,0.5206932698330874,30
-25.5,167.5,0.8141056462457374,0.3767967991819644,31
-25.5,168.5,0.4638654724271163,0.5441196833389506,30
-25.5,169.5,-0.027343750000000666,0.9457970432721066,31
-25.5,170.5,0.8073708576998004,0.13840976575205344,28
-25.5,171.5,1.3946324143692568,0.027120958252384177,27
-25.5,172.5,0.8603437450176774,0.21325648747295345,28
-25.5,173.5,0.587650646988739,0.5593049468922573,25
-25.5,174.5,0.7080772779264488,0.3954246967469043,31
-25.5,175.5,0.3720323529411772,0.5878049630676369,27
-25.5,176.5,0.029493541125216183,1.0,27
-25.5,177.5,-0.22923976608187147,0.8348627075364895,27
-25.5,178.5,0.27089210529796665,0.7784259141888469,29
-25.5,179.5,-0.8377659574468083,0.0687917281714642,30
-25.5,180.5,-0.808189368306193,0.3955862561437876,28
-25.5,181.5,-1.059529129996335,0.07712322019197045,31
-25.5,182.5,-1.3161128529331145,0.017040135799983105,35
-25.5,183.5,-0.9946817676914026,0.17512514633807796,30
-25.5,184.5,-1.2190423616667703,0.2250571451510026,30
-25.5,185.5,0.7435072498552853,0.3812637215931578,27
-25.5,186.5,-0.7218369667966434,0.2250571451510026,30
-25.5,187.5,-1.3302853823546545,0.1688538160168197,27
-25.5,188.5,-1.9496971823663976,0.034345754006712845,26
-25.5,189.5,-0.9151785714285714,0.6117600292546322,22
-25.5,190.5,0.15131882233566327,0.8203382164336169,20
-25.5,191.5,-0.9996966390540849,0.14937517875498968,17
-25.5,192.5,0.506628787878789,0.6494456692174662,18
-25.5,193.5,-0.03343621399176852,0.9396136982356221,18
-25.5,194.5,1.3191451149425286,0.11164031194559694,18
-25.5,195.5,1.0569406741920169,0.49946120310401465,16
-25.5,196.5,0.010266223865156434,1.0,21
-25.5,197.5,-1.3927844668772094,0.18344722817247316,20
-25.5,198.5,-1.779352945574163,0.14937517875498968,17
-25.5,199.5,0.4745640162306829,0.8547770980655479,13
-25.5,200.5,-0.10188283568530015,0.8266659696701553,14
-25.5,201.5,-0.5906408484370586,0.3923143472853552,16
-25.5,202.5,-0.17129629629629645,0.9128140271840749,14
-25.5,203.5,-0.43904320987654444,0.7665252995235718,15
-25.5,204.5,0.19775984739121455,0.9211586502250249,15
-25.5,205.5,-0.706724539663841,0.8547770980655479,13
-25.5,206.5,-3.1226325757575744,0.03749749081571984,14
-25.5,207.5,-1.3461538461538454,0.04887959235679104,18
-25.5,208.5,-1.2537286931818181,0.21291190281150452,11
-25.5,209.5,-2.1719393887362637,0.16112494928905186,11
-25.5,211.5,0.2743623069083569,0.6312218204782533,12
-25.5,212.5,0.2960526315789482,0.5915050369949166,10
-25.5,213.5,0.8064331501831491,0.640428787412791,11
-24.5,34.5,-1.1406348136816888,0.4362749288405292,11
-24.5,35.5,-0.46925416443540247,0.42848041949799653,15
-24.5,36.5,0.3191438728395873,0.3976087697310978,21
-24.5,37.5,-0.264711700734453,0.6264962743469109,20
-24.5,38.5,-0.46875,0.4046702444107403,18
-24.5,39.5,-0.36433020255259785,0.6930118863702326,22
-24.5,40.5,1.1097774263948004,0.4130458869045295,24
-24.5,41.5,1.1144163995726495,0.24303798973120727,27
-24.5,42.5,1.242405613266593,0.025601129177555765,29
-24.5,43.5,1.0321337842080895,0.0827123834482137,32
-24.5,44.5,-0.15946019900497577,0.6728442148625922,36
-24.5,45.5,-0.4390339261323022,0.1631170151112339,33
-24.5,46.5,-0.8282828282828286,0.09948281525658194,35
-24.5,47.5,0.25919078006146234,0.5387479615505166,37
-24.5,48.5,0.26811806676253847,0.4357099127515781,38
-24.5,49.5,0.002266603007552437,1.0,36
-24.5,50.5,1.138274045765121,0.14628055684434427,34
-24.5,51.5,0.3944861562049029,0.5320609713589797,35
-24.5,52.5,0.7020794748471861,0.5876087946102937,33
-24.5,53.5,0.12028250325718788,0.9055957937612324,34
-24.5,54.5,0.41221564025333496,0.545656108406517,33
-24.5,55.5,0.8918619579169083,0.20946154334050293,33
-24.5,56.5,0.46236375799943047,0.3335023015339059,36
-24.5,57.5,0.8842411163183213,0.18213835260866806,34
-24.5,58.5,0.15826501540787263,0.7044743405984467,37
-24.5,59.5,-0.47298521579447106,0.3668216928826443,37
-24.5,60.5,-1.0109688106011632,0.05790218119568991,37
-24.5,61.5,-0.3193151719495263,0.6728442148625922,36
-24.5,62.5,-0.1558490216854882,0.7547126102355206,35
-24.5,63.5,-0.5271915584415586,0.33419563121006324,35
-24.5,64.5,-0.7895324622410471,0.2001586151353415,32
-24.5,65.5,-0.12181950414243345,0.7091645038629479,32
-24.5,66.5,-0.22127329192546505,0.6352273936721516,34
-24.5,67.5,0.5603073905831822,0.40821489473295614,32
-24.5,68.5,1.4426815431369273,0.04865707312578976,31
-24.5,69.5,0.46594018911378926,0.11857919895819415,28
-24.5,70.5,-0.5297538506579256,0.5359057917615426,29
-24.5,71.5,0.5648877360487424,0.1856070821521849,28
-24.5,72.5,0.6145833333333339,0.3917934361895805,30
-24.5,73.5,0.16363164997502022,0.7972523796379414,25
-24.5,74.5,-0.004029187255370138,0.9578745987779059,23
-24.5,75.5,-0.044784363590469556,0.9550264552939917,22
-24.5,76.5,0.5568811544542924,0.19895893109240226,25
-24.5,77.5,0.6443602231201464,0.1411929728237963,25
-24.5,78.5,1.0231259968102075,0.08557050563653738,26
-24.5,79.5,-0.03139747191966623,0.9813671252686654,25
-24.5,80.5,1.6973632677965722,0.04839822318129834,22
-24.5,81.5,1.5244430963992635,0.010374262567202244,20
-24.5,82.5,1.478808241465697,0.03495507264363055,20
-24.5,83.5,0.036740613873762956,0.9550264552939917,22
-24.5,84.5,1.3043721377127109,0.07983871964585261,25
-24.5,85.5,0.015224358974359475,1.0,22
-24.5,86.5,-0.1974388367581498,0.808380379079272,26
-24.5,87.5,-0.5746441275796406,0.33335824348826115,24
-24.5,88.5,0.06868270784133086,0.9224620671867602,20
-24.5,89.5,-0.11733996877439523,0.8887055908352302,19
-24.5,90.5,-0.3186276733627015,0.5583509093759852,16
-24.5,91.5,-0.013075242779008577,1.0,13
-24.5,92.5,-0.26107056511137067,0.8218916912511594,16
-24.5,93.5,-0.10313399539435864,0.7795660645811546,19
-24.5,94.5,-0.4721424010217115,0.3247123843638571,18
-24.5,95.5,0.07248759920634948,0.8690144410889165,17
-24.5,96.5,0.026041666666666664,1.0,14
-24.5,97.5,-0.44270833333333337,0.32229959587191925,15
-24.5,98.5,-0.6448412698412695,0.7554968749288828,11
-24.5,99.5,-1.6362914061660436,0.28313087066234666,10
-24.5,101.5,-0.01145833333333357,1.0,11
-24.5,102.5,0.46790760249014546,0.5334165134726944,11
-24.5,103.5,1.6286218869731797,0.1498607475130492,12
-24.5,104.5,0.03875656856398273,0.9453298708327,12
-24.5,105.5,-0.1975904670789573,0.6693340144640527,13
-24.5,106.5,1.2099573347048103,0.36012164775537825,13
-24.5,107.5,1.879197721098409,0.0995087321591697,13
-24.5,108.5,0.2972192848711395,0.8547770980655479,13
-24.5,109.5,-1.283286969287796,0.10051817320746463,14
-24.5,110.5,-0.6420874561171209,0.26035056965599135,16
-24.5,111.5,0.5358350892955176,0.2638720094732372,21
-24.5,112.5,1.3294459272591241,0.17403358020816395,17
-24.5,113.5,2.556895053747928,0.0748246071030847,15
-24.5,114.5,0.5432198896304927,0.22688268885268392,21
-24.5,115.5,0.39986397570678056,0.747106327334731,24
-24.5,116.5,0.07837750484809358,0.9824105383022613,26
-24.5,117.5,-0.26777011745578655,0.7387187313672434,27
-24.5,118.5,-0.0063131313131314926,1.0,26
-24.5,119.5,-0.609727945665446,0.13837039523899158,29
-24.5,120.5,-0.3529714302687108,0.3136549364605332,28
-24.5,121.5,-0.1782843050188671,0.7973063403989813,28
-24.5,122.5,0.7696759259259256,0.32830788979748227,23
-24.5,123.5,0.8132349061444611,0.14334161203711995,24
-24.5,124.5,0.0077416331008283825,0.9741177473553713,20
-24.5,125.5,-0.8317106395617768,0.2001281176786024,13
-24.5,126.5,-0.2981582125603863,0.35020138917929566,11
-24.5,127.5,0.8437500000000009,0.3036732148994191,12
-24.5,128.5,1.7192460317460294,0.5334165134726944,11
-24.5,129.5,-0.319471587384674,0.5371338571769023,12
-24.5,130.5,0.17272727272727276,1.0,11
-24.5,147.5,0.7644489247311832,0.4362749288405292,11
-24.5,148.5,0.2635017421602776,0.5526151250628484,15
-24.5,149.5,0.6608969750082101,0.36012164775537825,13
-24.5,150.5,0.8644393241167443,0.2762784158080178,15
-24.5,151.5,2.1323529411764706,0.06904431984775117,18
-24.5,152.5,-0.0645503994560587,1.0,19
-24.5,153.5,0.051638598987979734,1.0,15
-24.5,154.5,-1.5447609604398396,0.17403358020816395,17
-24.5,155.5,-0.720523985700033,0.4338268403653006,17
-24.5,156.5,-0.34444444444444305,0.7527138062630525,19
-24.5,157.5,0.2433659024327247,0.6345102928818573,23
-24.5,158.5,-0.23588928293051925,0.7369758150394312,28
-24.5,159.5,-0.6584359619465696,0.46443447665483895,29
-24.5,160.5,-0.29037436551887524,0.8675468701977536,27
-24.5,161.5,-1.6153030215159605,0.0036818303667073386,28
-24.5,162.5,-1.124678751307363,0.03403464523782446,29
-24.5,163.5,-2.2199550217907595,0.020804548046859103,28
-24.5,164.5,-0.8372350118908024,0.2525233839239892,29
-24.5,165.5,0.12064518540669823,0.802761791874143,30
-24.5,166.5,0.5958806818181812,0.34119875170636194,31
-24.5,167.5,0.43773326091800513,0.3771382028423258,33
-24.5,168.5,0.625275865112993,0.3587201702049656,31
-24.5,169.5,0.6047765076390569,0.4282542252410364,27
-24.5,170.5,0.8426611996496229,0.24303798973120727,27
-24.5,171.5,0.31612163139378435,0.6213676320840416,28
-24.5,172.5,-0.7592984558759952,0.5317037729644349,27
-24.5,173.5,0.9397644927536202,0.20110491981248035,26
-24.5,174.5,1.1094336154098183,0.1542575118326619,25
-24.5,175.5,-0.1492042440318306,0.8600328045734927,26
-24.5,176.5,-0.22874098557692218,0.8675468701977536,27
-24.5,177.5,0.06590206185567027,0.9715358738879935,30
-24.5,178.5,-1.1701473424357458,0.18291855854907912,29
-24.5,179.5,-0.9937220438852056,0.2772098350690809,28
-24.5,180.5,-1.6963001459994353,0.2704279639103756,26
-24.5,181.5,-1.0714285714285714,0.15827221098763344,31
-24.5,182.5,-1.3845588990717368,0.04730904754490376,33
-24.5,183.5,-1.9727912679930826,0.02457810891337301,30
-24.5,184.5,0.05850318925545693,0.9876377419871504,33
-24.5,185.5,-0.22478281853281792,0.7752944295177846,30
-24.5,186.5,0.03110152369355433,0.9252757299002273,29
-24.5,187.5,-0.23445427447995976,0.8255475691294885,26
-24.5,188.5,-0.21916489307793519,0.6915533638570888,26
-24.5,189.5,0.07262996941895732,1.0,23
-24.5,190.5,-0.3827799285288861,0.4487180156191449,18
-24.5,191.5,-0.3325146012554519,0.674611943553671,19
-24.5,192.5,0.12809011164274264,0.8656490997057351,22
-24.5,193.5,1.9685621589362121,0.12974504639571688,18
-24.5,194.5,1.3040413533834594,0.12783672945149901,22
-24.5,195.5,-1.117606764928193,0.14256865901357518,22
-24.5,196.5,-1.2698842042437484,0.1389668939567334,21
-24.5,197.5,-0.9418596626104242,0.1629844132966407,20
-24.5,198.5,-1.0832134360729162,0.38701399031522477,17
-24.5,199.5,2.7668843720712277,0.10051817320746463,14
-24.5,200.5,-0.13801094144971515,0.9671423309063722,17
-24.5,201.5,-0.8908260091434249,0.4434214028640827,14
-24.5,202.5,-1.6442307692307643,0.4434214028640827,14
-24.5,203.5,3.196998242219511,0.3726914904715183,12
-24.5,204.5,2.3113610363188504,0.11475673431864909,12
-24.5,205.5,1.5298234561464474,0.36012164775537825,13
-24.5,206.5,-1.8974462205994413,0.4884223166225936,15
-24.5,207.5,-1.2738095238095277,0.04776124267510367,15
-24.5,208.5,-1.10481158568443,0.06269811626098261,14
-24.5,209.5,-0.7665076151918258,0.5840703669455064,14
-24.5,210.5,0.6132900389296438,0.6312218204782533,12
-24.5,211.5,-0.3301169605773351,0.7205147871362552,10
-23.5,34.5,1.0753807654747594,0.35020138917929566,11
-23.5,35.5,0.6001302083333337,0.25581804946653663,18
-23.5,36.5,0.33609142485119037,0.3630203849440149,19
-23.5,37.5,0.5740307486631013,0.22441148378657239,23
-23.5,38.5,-0.00946281297975519,0.9802109790485439,24
-23.5,39.5,-0.0046263555578328775,1.0,25
-23.5,40.5,-0.11555415744771275,0.7073824349601937,28
-23.5,41.5,-0.4240919723459083,0.7669644911053035,28
-23.5,42.5,0.28286157802207035,0.7684569726000503,33
-23.5,43.5,0.5861111111111109,0.26858474114882236,38
-23.5,44.5,0.4449561403508773,0.23582237975362752,39
-23.5,45.5,0.08321255668491935,0.774848422162878,36
-23.5,46.5,-0.6959386103434664,0.08584114842248187,39
-23.5,47.5,-0.18790442762784848,0.7354536181171747,40
-23.5,48.5,0.029634677960977063,0.9373320419227238,41
-23.5,49.5,0.0012890965980119173,1.0,36
-23.5,50.5,0.533694937541091,0.3634073211862605,35
-23.5,51.5,-0.3846700174825169,0.6908954991268498,35
-23.5,52.5,0.1740841349924762,0.7684569726000503,33
-23.5,53.5,0.43764342477709745,0.485610385141812,32
-23.5,54.5,1.2930594053807563,0.03126187277687824,33
-23.5,55.5,0.3755708240327382,0.6928385117296678,36
-23.5,56.5,0.34344135802469083,0.614239541598542,34
-23.5,57.5,0.42812608451474954,0.4216091010757991,36
-23.5,58.5,0.08333333333333304,0.942139359457642,39
-23.5,59.5,0.19206281833616407,0.7220003552092338,34
-23.5,60.5,-0.25102991255303353,0.7044743405984467,37
-23.5,61.5,-0.13985105893876795,0.8037485428824773,37
-23.5,62.5,0.2665136496587581,0.495448439184329,35
-23.5,63.5,-0.20441883758483462,0.744891472543834,33
-23.5,64.5,-0.6362061123537353,0.2850180897026914,33
-23.5,65.5,0.10422866375016324,0.8162147751081346,33
-23.5,66.5,0.7188954237808056,0.18900350850385061,32
-23.5,67.5,1.0301029383796105,0.05696246823315324,31
-23.5,68.5,1.0921583574491196,0.08564766337928073,28
-23.5,69.5,-0.21430152143953385,0.649540989554171,28
-23.5,70.5,0.5529346955128212,0.19645146482180031,31
-23.5,71.5,0.3777625697781716,0.5252517359771474,33
-23.5,72.5,0.046449862015845625,0.8650383150743489,31
-23.5,73.5,-0.08466366369382397,0.757639735211381,26
-23.5,74.5,-0.5337109904744963,0.3321321174074414,26
-23.5,75.5,0.048611111111110716,0.964838162737043,26
-23.5,76.5,-0.08577949233548995,0.7913957365052897,26
-23.5,77.5,-0.45598783947172616,0.5084542305885602,26
-23.5,78.5,0.023680488079580335,0.964838162737043,26
-23.5,79.5,0.491292613396054,0.5683377615538607,24
-23.5,80.5,1.8569407109703164,0.10689967587922093,24
-23.5,81.5,1.4457026097606938,0.07250866728742084,23
-23.5,82.5,1.1845622129265094,0.22441148378657239,23
-23.5,83.5,0.8717830269005746,0.33335824348826115,24
-23.5,84.5,-0.7479018896529317,0.40226723126443065,26
-23.5,85.5,-2.4903280805406665,0.0013753825612259722,24
-23.5,86.5,-0.5405208451600235,0.3955862561437876,28
-23.5,87.5,-0.4792293116098696,0.2900579790352388,26
-23.5,88.5,0.8995053786700109,0.07018398549149235,24
-23.5,89.5,0.3417168287438359,0.7169572127552462,21
-23.5,90.5,0.30749211812076416,0.4338268403653006,17
-23.5,91.5,-0.5069506160387509,0.2660517601229595,17
-23.5,92.5,0.14691497950565235,0.5959123948117162,18
-23.5,93.5,-0.41087160896689706,0.3247123843638571,18
-23.5,94.5,-0.4811832383926049,0.38103238548434304,20
-23.5,95.5,0.32838983050847403,0.674611943553671,19
-23.5,96.5,0.2282038995479532,0.4837557864964521,17
-23.5,97.5,-0.6549621864311828,0.2660517601229595,17
-23.5,98.5,-1.2067228099893552,0.24638736002924666,13
-23.5,99.5,-0.5522010856863364,0.6693340144640527,13
-23.5,100.5,0.1510294287592951,1.0,12
-23.5,101.5,1.0781320027898535,0.1498607475130492,12
-23.5,102.5,0.3609447772151436,0.2437222847721744,12
-23.5,103.5,0.23184276444611032,0.8547770980655479,13
-23.5,104.5,-0.4501488095238087,0.640428787412791,11
-23.5,105.5,0.51648473416208,0.42848041949799653,15
-23.5,106.5,1.1710416666666674,0.10051817320746463,14
-23.5,107.5,2.195525429735955,0.1376458455182647,15
-23.5,108.5,0.21996163887775189,0.8203382164336169,20
-23.5,109.5,0.13603645837946488,0.9101956836196836,22
-23.5,110.5,-1.408503495217071,0.06887334136057353,19
-23.5,111.5,-0.3695682842149507,0.5161913565020787,20
-23.5,112.5,-0.27082284736811363,0.7618733947779845,18
-23.5,113.5,-0.3366227392576116,0.6264962743469109,20
-23.5,114.5,0.4394784366383278,0.23395060590621997,26
-23.5,115.5,-0.5663029100529096,0.39803568959424807,23
-23.5,116.5,0.08435855402767156,0.8588732339133708,28
-23.5,117.5,0.3934794458681312,0.5683377615538607,24
-23.5,118.5,-0.025465905962744995,0.9213108861184411,28
-23.5,119.5,0.8338406385281394,0.15947049705508698,29
-23.5,120.5,0.017114242071647197,0.9813671252686654,25
-23.5,121.5,0.7932692307692307,0.019551053507286472,27
-23.5,122.5,1.457552326003567,0.02985475370982583,25
-23.5,123.5,0.5934682482431328,0.1411929728237963,25
-23.5,124.5,0.04479771693503282,0.9224620671867602,20
-23.5,125.5,-0.12509968102073393,0.7048534612178423,18
-23.5,126.5,0.273173515308043,0.5583509093759852,16
-23.5,127.5,2.762719680808321,0.2996654484343021,13
-23.5,128.5,1.646446078431372,0.15240628395674932,10
-23.5,129.5,-0.21919173971412642,0.5915050369949166,10
-23.5,135.5,1.1801749857136612,0.04674494105371118,12
-23.5,139.5,1.0416666666666683,0.5915050369949166,10
-23.5,140.5,1.0383831521739124,0.4742743507673295,10
-23.5,143.5,0.017006878212932224,1.0,10
-23.5,144.5,0.10995370370370239,0.8266659696701553,14
-23.5,146.5,0.21407063802083348,0.8370114751054462,12
-23.5,147.5,0.5289968652037621,0.5526151250628484,15
-23.5,148.5,1.5802703680727879,0.03766692222862868,15
-23.5,149.5,1.1389587607618281,0.043545586214321814,17
-23.5,150.5,-0.7220279720279715,0.5919766642679967,22
-23.5,151.5,-0.7138814239094736,0.49856438700636985,22
-23.5,152.5,0.16921916215151267,0.8203382164336169,20
-23.5,153.5,-0.35832570207570125,0.2638720094732372,21
-23.5,154.5,0.01736997498768445,0.9442166279919116,19
-23.5,155.5,-0.03863308630896342,1.0,21
-23.5,156.5,-0.9013554216867536,0.10153683396733745,23
-23.5,157.5,-0.0573716170325851,0.9070384808036948,25
-23.5,158.5,-0.36119114938559377,0.6661517985372294,29
-23.5,159.5,0.012845769968781912,0.984237603525127,28
-23.5,160.5,-0.6848550642841217,0.195559652706897,29
-23.5,161.5,-1.2038798598038327,0.10268972898772688,29
-23.5,162.5,-1.4359873017254243,0.00669115449396484,30
-23.5,163.5,-0.9646567017677186,0.3580197188228159,29
-23.5,164.5,-0.22251988743516044,0.8365263661204166,29
-23.5,165.5,-0.6349589878906892,0.22104956212356597,31
-23.5,166.5,0.08159380717002408,0.8383870987564421,31
-23.5,167.5,-0.3716815682782479,0.6851751854528196,32
-23.5,168.5,-0.21487065254820908,0.8125085458048832,34
-23.5,169.5,0.2955641900192651,0.6936406217837584,29
-23.5,170.5,0.9014861578520056,0.32013656844448835,29
-23.5,171.5,-1.1282376126126141,0.31774734769908775,30
-23.5,172.5,0.11024829828833502,0.8900067739861677,28
-23.5,173.5,1.2676124045013428,0.37795959996135176,26
-23.5,174.5,1.7186367805160105,0.2157852878709826,25
-23.5,175.5,-0.583562542032542,0.48926508700643856,28
-23.5,176.5,0.050687323196605405,0.9715358738879935,30
-23.5,177.5,-1.0387305964052285,0.13396533563924473,30
-23.5,178.5,-1.441016342250196,0.1315212224059174,32
-23.5,179.5,-0.985131845187609,0.22093012126147427,33
-23.5,180.5,-1.4146130535308965,0.1495902257394682,33
-23.5,181.5,-1.1556204023935002,0.0867605711758845,30
-23.5,182.5,-0.6681317042638901,0.390080152762149,32
-23.5,183.5,-0.7661655510016374,0.5864526254323217,29
-23.5,184.5,-0.3707347310623585,0.8073432738589214,29
-23.5,185.5,-0.41610962566844867,0.6946868300138667,30
-23.5,186.5,-0.7477567973491894,0.40435063820524453,27
-23.5,187.5,-0.46700426010770657,0.7703961609830144,27
-23.5,188.5,0.7454427083333333,0.5350244506182873,22
-23.5,189.5,0.8602047560005617,0.17175819814532312,26
-23.5,190.5,-0.6122660235723243,0.40226723126443065,26
-23.5,191.5,-1.4441704810955995,0.027272736557864382,24
-23.5,192.5,-0.9480047302737526,0.42979527233955583,22
-23.5,193.5,0.4749835773273279,0.5283124685330474,25
-23.5,194.5,0.421712433907555,0.7513001501987963,23
-23.5,195.5,-2.762180903289151,0.06887334136057353,19
-23.5,196.5,-0.809756515775034,0.4046702444107403,18
-23.5,197.5,0.09651517956312361,0.9442166279919116,19
-23.5,198.5,-0.004997334754798086,1.0,18
-23.5,199.5,4.378351951556274,0.09123902905538855,17
-23.5,200.5,0.3546412803532011,0.8218916912511594,16
-23.5,201.5,-1.0157458766834582,0.49946120310401465,16
-23.5,202.5,-0.862202318137048,0.8266659696701553,14
-23.5,203.5,1.9559083253409426,0.1546297519658153,14
-23.5,204.5,0.3982128982128976,0.7665252995235718,15
-23.5,205.5,1.2281087806190274,0.6921807727218765,15
-23.5,206.5,-0.45523782987190164,0.6921807727218765,15
-23.5,207.5,-0.4926574760244229,0.2735614117247491,14
-23.5,208.5,0.4489468864468868,0.6504631229507133,17
-23.5,209.5,-2.821113632477182,0.017343359162423525,13
-23.5,210.5,-2.36315,0.11947098677170075,11
-23.5,214.5,-0.5654761904761914,0.511220344688192,14
-23.5,215.5,0.39523966315453407,0.8762696636277617,11
-23.5,216.5,0.7581521739130428,0.5334165134726944,11
-22.5,34.5,2.16231915058666,0.12720368763109946,13
-22.5,35.5,0.27816680363420687,0.6505819869583885,21
-22.5,36.5,-0.1340952514905323,0.7618733947779845,18
-22.5,37.5,0.7044178486997588,0.0393970496843573,23
-22.5,38.5,0.4832008088968673,0.19895893109240226,25
-22.5,39.5,0.3704031447547529,0.4418455025304515,29
-22.5,40.5,0.13110763757315447,0.7752944295177846,30
-22.5,41.5,-1.2454209504304121,0.038119926564599664,31
-22.5,42.5,-0.5636965573489009,0.2559086205193716,35
-22.5,43.5,0.5225225109151198,0.16168099298618033,37
-22.5,44.5,-0.313991893882454,0.16560248483061546,40
-22.5,45.5,-0.39413453753796096,0.07055328302873864,41
-22.5,46.5,-0.4786309594343726,0.2263989227367953,39
-22.5,47.5,-0.5851805224870242,0.20167946846619778,43
-22.5,48.5,-0.08049242424242356,0.8179058629425171,43
-22.5,49.5,-0.3283794486685231,0.6664041829849279,40
-22.5,50.5,-0.08065871697516222,0.8276288084144704,39
-22.5,51.5,-0.23068554217999004,0.6756918645043961,33
-22.5,52.5,0.15991634792751735,0.7763884317697076,35
-22.5,53.5,0.022599944130609728,0.9763470765264379,34
-22.5,54.5,-0.055907824126117944,0.9773408399028476,35
-22.5,55.5,0.5655695142024619,0.31342462874493326,34
-22.5,56.5,-0.3691028368625836,0.43751817737481247,36
-22.5,57.5,-0.3611335889088959,0.27593433728642713,41
-22.5,58.5,-0.7379590850515463,0.08584114842248187,39
-22.5,59.5,-0.2450014094128763,0.632869142286627,40
-22.5,60.5,-0.9142271241202932,0.1956706219250084,36
-22.5,61.5,-0.1699071821168311,0.8037485428824773,37
-22.5,62.5,0.12668296664403428,0.7547126102355206,35
-22.5,63.5,0.1710377423635775,0.7684569726000503,33
-22.5,64.5,0.3902746775793654,0.35790609486477887,39
-22.5,65.5,0.4225779652351743,0.513584888637536,35
-22.5,66.5,-0.46126283674497676,0.5813376262467511,32
-22.5,67.5,0.8210736652463589,0.1818977480986942,35
-22.5,68.5,0.5490221987315005,0.3278699729277641,34
-22.5,69.5,0.4918578268544531,0.4294021898343493,33
-22.5,70.5,0.4356060606060601,0.5531960543178076,34
-22.5,71.5,0.061988617806420405,0.9136301036401862,33
-22.5,72.5,-0.20263373778998783,0.6565125016248674,34
-22.5,73.5,0.3593043369819314,0.5937387052742729,28
-22.5,74.5,-0.7072425970615497,0.21171183194124243,30
-22.5,75.5,-0.5756913662332543,0.4977975765265772,30
-22.5,76.5,1.306223134967903,0.05047747383451228,28
-22.5,77.5,0.946688052044541,0.20882963623889783,29
-22.5,78.5,-0.0992999056715013,0.8588732339133708,28
-22.5,79.5,1.388922863666012,0.09536480979922483,27
-22.5,80.5,1.5548369254924352,0.13336137676854284,27
-22.5,81.5,1.042213497478318,0.2684125627342089,29
-22.5,82.5,1.3612155748833943,0.07168856412850388,29
-22.5,83.5,0.8810711189760818,0.05047747383451228,28
-22.5,84.5,-0.6641660938962624,0.2157852878709826,25
-22.5,85.5,-0.2383620473639133,0.545656108406517,33
-22.5,86.5,0.06321787144946742,0.9382480146046129,33
-22.5,87.5,-0.14886363636363664,0.8584007529637274,30
-22.5,88.5,0.000682940552145597,1.0,28
-22.5,89.5,0.3342900724492537,0.6238124360692694,25
-22.5,90.5,0.3248538320653711,0.45960782304895875,23
-22.5,91.5,0.29488686567074507,0.5612202073936174,23
-22.5,92.5,0.21783324091892955,0.9278177692263682,21
-22.5,93.5,-0.388499149659864,0.6505819869583885,21
-22.5,94.5,-0.6167414298162948,0.4956627244900297,20
-22.5,95.5,-0.053137290337508025,0.8711314915971583,20
-22.5,96.5,-0.17570047559966867,0.8215254231894769,22
-22.5,97.5,-1.2339743589743593,0.06904431984775117,18
-22.5,98.5,-0.6739267676767675,0.37305311625145265,15
-22.5,99.5,-0.35030435093885515,0.7730800663123129,17
-22.5,100.5,-0.1527686006553509,0.9453298708327,12
-22.5,101.5,0.7512129561960732,0.2437222847721744,12
-22.5,102.5,-0.20456236635185188,0.6312218204782533,12
-22.5,103.5,-2.3750140806140907,0.023642218909198473,12
-22.5,104.5,-1.774387412199091,0.08647112777407255,12
-22.5,105.5,0.4654755446481784,0.5923012814329899,17
-22.5,106.5,0.9521593369981682,0.29391717025195707,19
-22.5,107.5,1.3970119346699128,0.024081005177344808,22
-22.5,108.5,-2.4873791156947203,0.20575410127305516,20
-22.5,109.5,0.8291074481131516,0.4953662988030888,18
-22.5,110.5,1.718169229497354,0.05286114843849683,17
-22.5,111.5,0.13822115384615385,0.5959123948117162,18
-22.5,112.5,-0.3827701521244963,0.5959123948117162,18
-22.5,113.5,0.830318036312231,0.36331590966639116,18
-22.5,114.5,0.29481941246891014,0.7387187313672434,27
-22.5,115.5,0.10322033110119021,0.8650383150743489,31
-22.5,116.5,-0.4198590810311975,0.4876519268316105,29
-22.5,117.5,-0.5248959833305425,0.2525233839239892,29
-22.5,118.5,0.6780260180995484,0.1989481007752456,30
-22.5,119.5,0.23852819683908066,0.5878049630676369,27
-22.5,120.5,0.6009689922480619,0.2389927879015219,30
-22.5,121.5,0.8034380657384882,0.14334161203711995,24
-22.5,122.5,1.4310148442092887,0.005118048858841594,23
-22.5,123.5,1.0664081803052259,0.020769866768182408,25
-22.5,124.5,1.1049107142857142,0.090976463086059,23
-22.5,125.5,1.0848433721121102,0.2660517601229595,17
-22.5,126.5,0.7681898998469425,0.14937517875498968,17
-22.5,127.5,0.9537643842380839,0.5583509093759852,16
-22.5,128.5,0.2935860531834494,0.7603323075218761,13
-22.5,129.5,-0.6788287390864312,0.19261627432960227,12
-22.5,132.5,-0.2001689189189188,0.8762696636277617,11
-22.5,133.5,-2.0126838235294113,0.11475673431864909,12
-22.5,134.5,-0.702899376804989,0.4362749288405292,11
-22.5,135.5,2.065139220581849,0.2104977000553373,10
-22.5,138.5,-0.049799481749032946,0.9453298708327,12
-22.5,139.5,0.6864991312106694,0.36012164775537825,13
-22.5,140.5,0.5813112745098037,0.3726914904715183,12
-22.5,141.5,0.6331605942908367,0.37109336952269756,10
-22.5,142.5,-1.015845707484654,0.11947098677170075,11
-22.5,144.5,0.8390022675736931,0.16112494928905186,11
-22.5,145.5,1.3212534477474713,0.21291190281150452,11
-22.5,146.5,0.9222091047932715,0.4338268403653006,17
-22.5,147.5,0.9236842105263164,0.08041700045141827,22
-22.5,148.5,1.4747230489417995,0.06547335845953513,21
-22.5,149.5,0.01498820248820149,1.0,23
-22.5,150.5,0.04656972687400215,0.9578745987779059,23
-22.5,151.5,-0.5844051405879626,0.42979527233955583,22
-22.5,152.5,-0.039682539682539875,0.9158665384265181,23
-22.5,153.5,0.7157867058216166,0.2643373325084948,24
-22.5,154.5,0.7673613705402733,0.41368622699316804,25
-22.5,155.5,0.9147346240411558,0.3375799754591595,27
-22.5,156.5,-0.4665506709410049,0.6277372683701176,26
-22.5,157.5,-0.8926596080910241,0.41182433473249114,30
-22.5,158.5,-0.435770150786824,0.5609035741936789,29
-22.5,159.5,-0.8291380884321715,0.31774734769908775,30
-22.5,160.5,-0.2793243243243239,0.6101267703127584,31
-22.5,161.5,-0.7295950928044758,0.3007717594347785,30
-22.5,162.5,-0.5117637873956167,0.3242351019547286,31
-22.5,163.5,-1.330215725955496,0.0687917281714642,30
-22.5,164.5,-0.16488010435158115,0.7215623759883523,33
-22.5,165.5,-0.41797821006490266,0.390080152762149,32
-22.5,166.5,-0.8404548799994943,0.22104956212356597,31
-22.5,167.5,-1.0794815708141619,0.12509002072034991,35
-22.5,168.5,-0.08184523809523725,0.7668567682388833,34
-22.5,169.5,0.02000000000000028,0.9527149346506575,34
-22.5,170.5,-0.3125,0.617392769071009,30
-22.5,171.5,-0.4252346290265928,0.7973063403989813,28
-22.5,172.5,0.08745551701371404,0.8900067739861677,28
-22.5,173.5,-0.47168682274600754,0.5968073797467659,26
-22.5,174.5,0.4642857142857145,0.5317037729644349,27
-22.5,175.5,-1.3125643339904336,0.055316440556353125,28
-22.5,176.5,-0.26916747564578325,0.7369758150394312,28
-22.5,177.5,-1.260178944561329,0.1315212224059174,32
-22.5,178.5,-1.8098519565517703,0.017696356070156825,34
-22.5,179.5,0.10658496377283012,0.9136301036401862,33
-22.5,180.5,-0.1567430606769552,0.757996646747342,32
-22.5,181.5,-0.050182481751823715,0.9728828650934778,31
-22.5,182.5,0.6043720657276985,0.3587201702049656,31
-22.5,183.5,0.14835838315947728,0.8424035124757051,35
-22.5,184.5,-0.36555618021638436,0.5924901808547871,30
-22.5,185.5,0.4889025550696502,0.4343114428562501,31
-22.5,186.5,-0.7912464820348422,0.24778083040054255,31
-22.5,187.5,-1.0347210288136566,0.10834142617557846,30
-22.5,188.5,0.2917562346730904,0.6661517985372294,29
-22.5,189.5,-0.35679806067497477,0.5593049468922573,25
-22.5,190.5,-1.328125,0.18666052241558184,23
-22.5,191.5,-0.5562769669603395,0.6946444974614776,21
-22.5,192.5,-0.46903998275949516,0.6433750863828368,26
-22.5,193.5,0.2646062850137547,0.5911541483740381,25
-22.5,194.5,-0.6586021505376348,0.3692092650321579,23
-22.5,195.5,-1.011511146420146,0.2389242185787459,21
-22.5,196.5,-0.0021566597653552948,1.0,19
-22.5,197.5,0.32907124836341717,0.8925584658515614,16
-22.5,198.5,3.0295338111843835,0.01374656474067061,18
-22.5,199.5,1.458169324522514,0.1389668939567334,21
-22.5,200.5,-0.35100378072497723,0.8203382164336169,20
-22.5,201.5,-1.1130876341338798,0.22547929744791595,18
-22.5,202.5,2.248446637848929,0.1373470969847837,16
-22.5,203.5,1.765226732193912,0.11507464782117936,16
-22.5,204.5,-0.546513310185186,0.674611943553671,19
-22.5,205.5,0.49657883986928386,0.4487180156191449,18
-22.5,206.5,-0.9491462936329602,0.34341948718274173,17
-22.5,207.5,-1.3357929969564195,0.06441101325280983,20
-22.5,208.5,0.5120192307692296,0.5756369136048027,19
-22.5,209.5,1.1714667747866103,0.5583509093759852,16
-22.5,210.5,-1.124948846524609,0.5829505577618919,13
-22.5,213.5,0.9095814161004556,0.2104977000553373,10
-22.5,214.5,-0.515625,0.1546297519658153,14
-22.5,215.5,-0.8200009221904438,0.7603323075218761,13
-22.5,216.5,0.3879310344827586,0.8762696636277617,11
-21.5,32.5,0.8131003001379589,0.19261627432960227,12
-21.5,33.5,0.5638586956521735,0.5371338571769023,12
-21.5,34.5,0.47491445249597414,0.5959123948117162,18
-21.5,35.5,-0.6063062203692449,0.6505819869583885,21
-21.5,36.5,-0.12519745136063384,0.777959384381542,22
-21.5,37.5,-0.409287049257655,0.44087649866088374,25
-21.5,38.5,-0.10054421481359488,0.9213108861184411,28
-21.5,39.5,0.13581019537363068,0.8865048064138312,30
-21.5,40.5,0.014524353379250154,0.9876377419871504,33
-21.5,41.5,-0.30352506407691493,0.49659521437046883,31
-21.5,42.5,-0.1812743426441325,0.711950905455661,35
-21.5,43.5,0.4142743003881918,0.4506605258238301,38
-21.5,44.5,0.5784568274962738,0.12382644402912081,42
-21.5,45.5,0.3690476190476133,0.32523868110605725,43
-21.5,46.5,0.04436715766503004,0.8794050603461727,42
-21.5,47.5,0.25148835090808885,0.5439213911923737,42
-21.5,48.5,0.3316301588248544,0.4638149773228277,43
-21.5,49.5,0.0748351698108723,0.7847878138372517,44
-21.5,50.5,0.3697054993872544,0.48793753671895557,42
-21.5,51.5,-0.3565851735705211,0.3837679004377369,39
-21.5,52.5,-0.17270400317062007,0.7436890405792607,37
-21.5,53.5,0.4876333313627461,0.3486070834489362,35
-21.5,54.5,-0.14468722055907596,0.6700765413856125,35
-21.5,55.5,-0.1539227321807772,0.774848422162878,36
-21.5,56.5,-0.3503887195121935,0.4357099127515781,38
-21.5,57.5,0.005988361602309311,0.9806980673807666,39
-21.5,58.5,0.29797134483139287,0.3396999262620777,37
-21.5,59.5,0.0076486652257729965,1.0,39
-21.5,60.5,-0.6091641507445066,0.19538604457720776,37
-21.5,61.5,-0.8437344385279564,0.03495863161779444,40
-21.5,62.5,-0.6318145126655423,0.08665121458761957,37
-21.5,63.5,-0.3304263814063546,0.5142234581271419,34
-21.5,64.5,0.032866985376828035,0.9037158067879053,39
-21.5,65.5,0.6249003859693387,0.233976364304341,37
-21.5,66.5,0.6933342214012762,0.09156957765014759,37
-21.5,67.5,1.1464285714285718,0.049853697721470816,38
-21.5,68.5,0.0328878098172769,0.9457024715498787,36
-21.5,69.5,0.5885591672954094,0.22196368922508947,35
-21.5,70.5,0.19312337031512644,0.6142802922561134,36
-21.5,71.5,-0.14395254629629564,0.9320955597597091,35
-21.5,72.5,-0.6819980012374637,0.2712871157829412,33
-21.5,73.5,0.6772206830270537,0.3767967991819644,31
-21.5,74.5,0.35845375149474085,0.5270983110287552,32
-21.5,75.5,-0.2929511437049279,0.5894353805253721,35
-21.5,76.5,0.264412715517242,0.5924901808547871,30
-21.5,77.5,1.1856193573020974,0.08919834224618713,31
-21.5,78.5,-0.028378650446109564,0.9353765292166933,32
-21.5,79.5,0.9845516100283338,0.22389580114431484,32
-21.5,80.5,1.382331591173056,0.12494881685497079,30
-21.5,81.5,0.5966241017309946,0.5114817794495524,29
-21.5,82.5,0.15151603300672895,0.8646652653123481,33
-21.5,83.5,0.3800604293441518,0.4282542252410364,27
-21.5,84.5,0.1593485477505694,0.7215623759883523,33
-21.5,85.5,0.15711779881034546,0.7763884317697076,35
-21.5,86.5,-0.5250650904898346,0.37244389624576013,32
-21.5,87.5,-0.5156567692516518,0.4977975765265772,30
-21.5,88.5,-0.6636023717375629,0.13837039523899158,29
-21.5,89.5,-0.5587679783451839,0.32013656844448835,29
-21.5,90.5,0.4803645808923467,0.3482093920776722,29
-21.5,91.5,1.332671151619199,0.11857919895819415,28
-21.5,92.5,-0.4951975108225114,0.8233490121001951,24
-21.5,93.5,-0.36825791546185477,0.721176307474874,20
-21.5,94.5,0.31058784965035,0.5612202073936174,23
-21.5,95.5,1.2821439430720871,0.03210967274372976,22
-21.5,96.5,0.35626699689199726,0.5130360863677659,25
-21.5,97.5,-0.06384142173615856,0.9442166279919116,19
-21.5,98.5,-0.5129671293950429,0.38701399031522477,17
-21.5,99.5,-1.0609289520845127,0.04244167627001095,19
-21.5,100.5,-0.014768785552351294,0.9640893612679119,16
-21.5,101.5,-0.8084903632306248,0.08647112777407255,12
-21.5,102.5,-0.6272182264528076,0.22843980898867533,14
-21.5,103.5,-1.4993022328548649,0.09245959511086128,15
-21.5,104.5,-0.9152843601895734,0.12531111138942436,14
-21.5,105.5,0.915139073213891,0.5366482363005154,17
-21.5,106.5,0.8003283514492748,0.23423926303398213,19
-21.5,107.5,1.0382915184113106,0.07481148131741681,21
-21.5,108.5,-0.04289215686274532,0.9158665384265181,23
-21.5,109.5,0.5155526620370378,0.45029515330704106,21
-21.5,110.5,1.1094596883468835,0.139144174822425,23
-21.5,111.5,0.48818897637795255,0.4281777903096383,23
-21.5,112.5,0.6960100860936381,0.25246050425043143,25
-21.5,113.5,1.816712411932171,0.05824026959156131,18
-21.5,114.5,0.6451231060606061,0.3988877874910175,24
-21.5,115.5,-1.2709929615110482,0.17175819814532312,26
-21.5,116.5,0.29762600381971643,0.6299590273469693,30
-21.5,117.5,0.3557987711213487,0.568058623631595,30
-21.5,118.5,-0.31839216265445774,0.5865203757130351,31
-21.5,119.5,0.23388185722652433,0.6341458536966633,31
-21.5,120.5,1.6583369919024793,0.02558281311377281,28
-21.5,121.5,1.7372715033373782,0.012602024939936302,29
-21.5,122.5,1.7717683662809485,0.015033143226024602,24
-21.5,123.5,0.5752181578356206,0.2170811376500349,26
-21.5,124.5,0.7768850504861622,0.034345754006712845,26
-21.5,125.5,-0.10374961502925828,0.8656490997057351,22
-21.5,126.5,0.5422522183303216,0.6077081401081054,21
-21.5,127.5,0.7859913599808663,0.3417178800455669,23
-21.5,128.5,-0.2095306513409957,0.6117600292546322,22
-21.5,129.5,-1.0544534326313995,0.4884223166225936,15
-21.5,130.5,1.559342486994798,0.016393316888809052,12
-21.5,131.5,0.8729288499025343,0.27575784782750934,11
-21.5,132.5,-0.9284444955679085,0.37109336952269756,10
-21.5,133.5,1.9597672064777334,0.005583616806378762,15
-21.5,134.5,0.5042477434090593,0.5371338571769023,12
-21.5,135.5,0.8961276280776781,0.5021582515007486,13
-21.5,136.5,0.8623897592647584,0.3726914904715183,12
-21.5,137.5,0.245302261844758,1.0,10
-21.5,138.5,1.2724667836264403,0.16055589143580895,13
-21.5,139.5,0.4222005208333335,0.7425568219265776,14
-21.5,140.5,0.2142569889794832,0.6312218204782533,12
-21.5,141.5,0.7720178303334524,0.2322487419840542,17
-21.5,142.5,-0.011768695708442172,0.9513521309544037,13
-21.5,143.5,-0.4267971611721616,0.6204252937103817,16
-21.5,145.5,0.614134542705972,0.42848041949799653,15
-21.5,146.5,0.06973294775714131,0.8925584658515614,16
-21.5,147.5,-0.18628545518593095,0.7397638077281241,21
-21.5,148.5,0.1461255858633639,0.9213108861184411,28
-21.5,149.5,-0.13534091031574905,0.9527374072913991,28
-21.5,150.5,-0.13784386923804143,0.8335157043083458,25
-21.5,151.5,-0.47282768354349775,0.41989889923791546,29
-21.5,152.5,-1.205842391304348,0.02275519924010994,31
-21.5,153.5,-0.1288089895773013,0.9252757299002273,29
-21.5,154.5,0.08710287387060092,0.9335433162568849,27
-21.5,155.5,-0.6894033197871905,0.4179302333168975,28
-21.5,156.5,0.14215279367987202,0.9728828650934778,31
-21.5,157.5,0.1796260683760688,0.9252757299002273,29
-21.5,158.5,-0.007540102016846283,1.0,31
-21.5,159.5,-0.9666770383298956,0.2712871157829412,33
-21.5,160.5,-1.0028318034312391,0.1157197552188083,32
-21.5,161.5,0.4998522600713996,0.46646827743679087,33
-21.5,162.5,0.7735912777483245,0.24520258402450212,33
-21.5,163.5,0.3128523198621033,0.6151681449180015,32
-21.5,164.5,-0.3007515241266009,0.7215623759883523,33
-21.5,165.5,-0.739137403401714,0.3069529533583134,32
-21.5,166.5,0.3929750804750804,0.5974854542954886,38
-21.5,167.5,-0.5147903066866804,0.38087509602077263,37
-21.5,168.5,-0.7460821303230356,0.30698585474987417,36
-21.5,169.5,-0.4005318463767635,0.5699960728963258,35
-21.5,170.5,-0.26626081938034174,0.6833368087995224,31
-21.5,171.5,-0.20338991322468022,0.7752944295177846,30
-21.5,172.5,1.2183946724498356,0.29505551931395413,28
-21.5,173.5,0.5204326923076916,0.5317037729644349,27
-21.5,174.5,0.6240718224594557,0.5114817794495524,29
-21.5,175.5,-0.4465444654668332,0.5633463699559165,31
-21.5,176.5,-0.3151520334935875,0.757996646747342,32
-21.5,177.5,-1.4139573217832713,0.12313627567524701,34
-21.5,178.5,-1.115221985303689,0.20946154334050293,33
-21.5,179.5,0.6842074125314213,0.3427404657152944,34
-21.5,180.5,-0.7255710004134031,0.4324504235358998,30
-21.5,181.5,-0.6359486077723286,0.4754490495282657,30
-21.5,182.5,0.17689612415114053,0.883962377036416,32
-21.5,183.5,0.10052541479928606,0.9136301036401862,33
-21.5,184.5,0.45641741071428404,0.5359057917615426,29
-21.5,185.5,-0.047712779802188146,1.0,33
-21.5,186.5,0.4713519313304756,0.390080152762149,32
-21.5,187.5,0.019439050701186032,0.9457970432721066,31
-21.5,188.5,0.7013622463163749,0.2783473662511158,27
-21.5,189.5,1.1369619963369968,0.1007196267645143,30
-21.5,190.5,-0.6300467235898345,0.5878049630676369,27
-21.5,191.5,-0.9046579929732104,0.2684125627342089,29
-21.5,192.5,0.11152882205513848,0.8675468701977536,27
-21.5,193.5,0.3299500252625248,0.7260951618325295,25
-21.5,194.5,-1.4583752515090544,0.31004602085382316,22
-21.5,195.5,-0.6751068376068364,0.8215254231894769,22
-21.5,196.5,1.022997835497836,0.2839350843566295,22
-21.5,197.5,0.4035409053285861,0.6077081401081054,21
-21.5,198.5,0.2001668841598078,0.9101956836196836,22
-21.5,199.5,0.10751088765065936,0.9278177692263682,21
-21.5,200.5,-0.3518800813008127,0.7795660645811546,19
-21.5,201.5,-1.0616918028208349,0.34341948718274173,17
-21.5,202.5,0.4182850753295675,0.6767121100336992,18
-21.5,203.5,0.40221527246515315,0.7702877264736667,20
-21.5,204.5,-0.40851490946972147,0.7264469840368603,19
-21.5,205.5,-1.2920359001647463,0.21568869559132287,21
-21.5,206.5,-0.2767857142857163,0.42979527233955583,22
-21.5,207.5,-0.895425131108628,0.2389242185787459,21
-21.5,208.5,0.823475311115563,0.2629105671183505,19
-21.5,209.5,-0.3144290123456794,0.7264469840368603,19
-21.5,210.5,-0.6498015873015877,0.4884223166225936,15
-21.5,211.5,-2.6735303617571056,0.016006155153163254,14
-21.5,212.5,-0.21767976616322177,0.6312218204782533,12
-21.5,213.5,1.2857744107744107,0.37109336952269756,10
-21.5,214.5,0.9687318191109645,0.7205147871362552,10
-21.5,215.5,-0.6581253762003446,0.7205147871362552,10
-20.5,33.5,1.4567057477242535,0.344417522979072,16
-20.5,34.5,1.2268688725490202,0.12783672945149901,22
-20.5,35.5,1.4236511230468745,0.06273522885003777,22
-20.5,36.5,0.7829111842105263,0.19333804664397292,26
-20.5,37.5,-0.1854996574196705,0.6915533638570888,26
-20.5,38.5,-0.4163680757716087,0.1989481007752456,30
-20.5,39.5,-0.2541795966368512,0.5142234581271419,34
-20.5,40.5,-0.09954545454545495,0.8125085458048832,34
-20.5,41.5,0.5434268275985926,0.030436062092645055,34
-20.5,42.5,0.11765008820841777,0.795791881562907,36
-20.5,43.5,-0.21801723164015105,0.632840693851598,38
-20.5,44.5,0.5102482078161039,0.20409789310190107,40
-20.5,45.5,-0.12928612711439963,0.7385526280584778,44
-20.5,46.5,-0.14908606477416822,0.6804707785321866,42
-20.5,47.5,0.0939213815393624,0.828404904759906,42
-20.5,48.5,0.46558585451960927,0.38994765540100507,44
-20.5,49.5,0.28378457571495375,0.3741826491069974,42
-20.5,50.5,0.18211855017410628,0.6007856611761987,43
-20.5,51.5,-0.04501376917304765,0.883909392651155,41
-20.5,52.5,0.270651080411523,0.6132517855744676,41
-20.5,53.5,0.08584549892579618,0.7348263750767032,39
-20.5,54.5,0.2051020827657251,0.6471242716513834,37
-20.5,55.5,0.16366075839147648,0.7239911390149285,37
-20.5,56.5,-0.2177461009347681,0.33934271674572325,38
-20.5,57.5,-0.0005373677248705633,1.0,39
-20.5,58.5,0.2891925320850254,0.32017406683149174,35
-20.5,59.5,-0.02685440495642677,0.942139359457642,39
-20.5,60.5,-0.38081686641257817,0.5045014597713458,36
-20.5,61.5,0.12822079354337293,0.6874625535563468,38
-20.5,62.5,-0.5295892480156006,0.07839650345012887,38
-20.5,63.5,-0.856668764233489,0.08317128750194616,35
-20.5,64.5,0.021222796377620107,0.9687017187842498,37
-20.5,65.5,0.44705129490746187,0.1452877890952672,40
-20.5,66.5,0.23342891454010412,0.4122551679916763,41
-20.5,67.5,0.7578264124979768,0.11031315574785941,39
-20.5,68.5,1.0639011346726186,0.050031642800905274,39
-20.5,69.5,0.49091819221967986,0.13968932660540637,35
-20.5,70.5,0.8615894219665257,0.08864074661698312,36
-20.5,71.5,-0.45590716848940516,0.35803517004775176,34
-20.5,72.5,0.5749289772727273,0.4101196678534941,35
-20.5,73.5,0.5836767572660492,0.40821489473295614,32
-20.5,74.5,-0.0371388531896946,0.9136301036401862,33
-20.5,75.5,0.40025746462925627,0.5580781774416292,36
-20.5,76.5,0.057886192754613645,0.9527149346506575,34
-20.5,77.5,1.1826886723532455,0.14102919353281582,33
-20.5,78.5,0.8712246472663139,0.18213835260866806,34
-20.5,79.5,1.7435442560464076,0.012438553401623788,35
-20.5,80.5,0.9703563538343631,0.3771382028423258,33
-20.5,81.5,1.020629678628338,0.11789500171022899,31
-20.5,82.5,0.5934313649495735,0.355310453336267,32
-20.5,83.5,-0.0975238214398903,0.744891472543834,33
-20.5,84.5,0.3702288206524587,0.41153015108926394,33
-20.5,85.5,0.3149829298572314,0.5876087946102937,33
-20.5,86.5,-0.0096668893720605,1.0,31
-20.5,87.5,0.23908359029492843,0.7895923705025335,34
-20.5,88.5,0.5120155963172011,0.20946154334050293,33
-20.5,89.5,-0.05215798530623693,0.9147523390847367,30
-20.5,90.5,-0.37268798762442845,0.5359057917615426,29
-20.5,91.5,-0.022167111339345298,0.964838162737043,26
-20.5,92.5,-0.5145461868774249,0.41368622699316804,25
-20.5,93.5,-0.32866816646480834,0.3853099749909059,24
-20.5,94.5,1.3355591377643976,0.05004866332140968,24
-20.5,95.5,0.8273105314960629,0.24369251012790516,24
-20.5,96.5,0.11974312551655479,0.8621556082271453,24
-20.5,97.5,-0.07991848275410844,0.8335157043083458,25
-20.5,98.5,-0.5416666666666665,0.24521106099767986,23
-20.5,99.5,-0.854946179502728,0.10754282889930056,19
-20.5,100.5,-0.5804048163887975,0.40110257289194073,19
-20.5,101.5,0.05627705627705679,0.9640893612679119,16
-20.5,102.5,-0.4199271398992078,0.29391717025195707,19
-20.5,103.5,-0.07454549127343224,0.832591967665674,21
-20.5,104.5,0.018058561808559484,1.0,20
-20.5,105.5,1.5910689170182843,0.05009030568337501,19
-20.5,106.5,0.9325162907477371,0.2561449666035266,20
-20.5,107.5,-0.9297705257218094,0.25581804946653663,18
-20.5,108.5,-0.5273044592682832,0.8203382164336169,20
-20.5,109.5,0.4040374436985031,0.5812547604118179,20
-20.5,110.5,2.0371685606060588,0.06449652825042429,23
-20.5,111.5,0.7974635715431132,0.29327072669776233,25
-20.5,112.5,-0.023202537593987365,1.0,23
-20.5,113.5,1.0254184472934469,0.24521106099767986,23
-20.5,114.5,-0.5622889751435327,0.3875143778393141,25
-20.5,115.5,1.4056831758444666,0.12354986589680401,21
-20.5,116.5,1.2694658944658936,0.05047747383451228,28
-20.5,117.5,-0.8959164826766318,0.4282542252410364,27
-20.5,118.5,0.4059044441420942,0.617392769071009,30
-20.5,119.5,1.366336892559278,0.11825088388903625,35
-20.5,120.5,0.9509433715956189,0.11011795401290479,31
-20.5,121.5,0.4632774559448005,0.2992115611491839,33
-20.5,122.5,0.5792766222802491,0.3386829866956895,32
-20.5,123.5,0.7753620109202344,0.19908116182657798,28
-20.5,124.5,0.11627906976744207,0.6946868300138667,30
-20.5,125.5,0.4999085573578983,0.1724913614849527,24
-20.5,126.5,0.45235744194077543,0.25246050425043143,25
-20.5,127.5,0.8084415584415583,0.19780102703780067,18
-20.5,128.5,-0.3589930290297946,0.6505819869583885,21
-20.5,129.5,-0.37848527568922397,0.4487180156191449,18
-20.5,130.5,1.665103189493434,0.02577040004587413,15
-20.5,131.5,0.4823645860391568,0.19167059142275544,16
-20.5,132.5,0.7678174198712534,0.052871592614987556,16
-20.5,133.5,0.8593931664369491,0.24638736002924666,13
-20.5,134.5,0.18480445906432844,0.6206907170753546,15
-20.5,135.5,0.8801424050632918,0.19821061903884274,15
-20.5,136.5,0.3465870596205971,0.8202167495096627,18
-20.5,137.5,-2.292788656655844,0.06003829090957912,15
-20.5,138.5,0.7171546859698643,0.4440436396628866,16
-20.5,139.5,0.2621215078211419,0.6504631229507133,17
-20.5,140.5,-0.8933963077984821,0.344417522979072,16
-20.5,141.5,-0.08535943792178931,1.0,17
-20.5,142.5,-1.511884950108775,0.02902040244056635,17
-20.5,143.5,-0.6953125000000004,0.24744603198720694,22
-20.5,144.5,-0.6340725806451601,0.2299690777236404,20
-20.5,145.5,0.7839912280701711,0.090976463086059,23
-20.5,146.5,0.7573196350821383,0.10287454664474686,26
-20.5,147.5,0.2524447278911584,0.7669644911053035,28
-20.5,148.5,-0.7041191992821629,0.3954246967469043,31
-20.5,149.5,-0.041890956069826984,0.9252757299002273,29
-20.5,150.5,0.5465355118132899,0.34428878188211076,30
-20.5,151.5,0.05181080426356566,1.0,34
-20.5,152.5,-0.8468614718614731,0.15556599427132728,35
-20.5,153.5,0.29144470370696496,0.6341458536966633,31
-20.5,154.5,-0.7973982621341634,0.3289911279552147,33
-20.5,155.5,-0.49482127497454986,0.5061307168657696,32
-20.5,156.5,-0.4627691663804946,0.5061307168657696,32
-20.5,157.5,-0.8114306670072967,0.13837039523899158,29
-20.5,158.5,-1.2858429080420521,0.05036786813108444,34
-20.5,159.5,-0.013786370236655845,1.0,36
-20.5,160.5,0.9399649871068647,0.13256299976889044,37
-20.5,161.5,0.29608059764309824,0.556163415969644,37
-20.5,162.5,-0.11878164142693749,0.9024333200095812,36
-20.5,163.5,0.399862796347171,0.4294021898343493,33
-20.5,164.5,-0.7681000487498855,0.23582237975362752,39
-20.5,165.5,-1.0808026682628715,0.019849908135755892,36
-20.5,166.5,-0.46986814375371466,0.5061307168657696,32
-20.5,167.5,-1.2081603049759957,0.05667450273392113,33
-20.5,168.5,-0.5252000020100703,0.4357099127515781,38
-20.5,169.5,-0.07847432435106015,0.9870617094920746,32
-20.5,170.5,-0.6948012061648418,0.28580934018510085,34
-20.5,171.5,-0.33849059360227096,0.7334457521953335,32
-20.5,172.5,1.3691724941724934,0.14347708151957062,30
-20.5,173.5,0.3975603926079714,0.6833368087995224,31
-20.5,174.5,0.119978884882826,0.9096221353961885,32
-20.5,175.5,-0.3167567430197886,0.6700765413856125,35
-20.5,176.5,-0.06588892507625843,0.8355864341125854,34
-20.5,177.5,-0.6614388831687062,0.3908282308519907,36
-20.5,178.5,0.04807387541642073,0.9382480146046129,33
-20.5,179.5,1.0467543532582382,0.24755577818020225,34
-20.5,180.5,-0.12331346010934396,0.9457970432721066,31
-20.5,181.5,-0.34447695801718603,0.7334457521953335,32
-20.5,182.5,-0.1630039102123623,0.7982398124572034,35
-20.5,183.5,0.46529724825561436,0.3335023015339059,36
-20.5,184.5,0.14061760187262456,0.7922384250904911,33
-20.5,185.5,0.5039605826681219,0.513584888637536,35
-20.5,186.5,1.3943591492419618,0.05778505532796988,32
-20.5,187.5,-0.24427691255478806,0.7334457521953335,32
-20.5,188.5,0.2732951205173435,0.5594130972023401,27
-20.5,189.5,0.9090909090909092,0.1438256691076362,31
-20.5,190.5,0.17212515886559895,0.5206932698330874,30
-20.5,191.5,-0.25015545330182737,0.7481053914270006,30
-20.5,192.5,0.009562811515172836,0.9850341097366097,29
-20.5,193.5,-0.0576085832496097,0.9550264552939917,22
-20.5,194.5,-0.7591608679856918,0.5683377615538607,24
-20.5,195.5,-0.1427965350739332,0.9578745987779059,23
-20.5,196.5,-0.08855498721227187,0.9158665384265181,23
-20.5,197.5,-0.31312421152228653,0.3272855802219552,19
-20.5,198.5,-0.40637788298272276,0.3853099749909059,24
-20.5,199.5,-1.2309364646529437,0.31900803011512957,21
-20.5,200.5,-0.8058769463667825,0.4953662988030888,18
-20.5,201.5,1.4524611928104574,0.14172595380646796,19
-20.5,202.5,0.4755772095332681,0.8887055908352302,19
-20.5,203.5,-0.14760137256660974,0.8337352412499334,19
-20.5,204.5,-1.1610877777338175,0.3467641835161842,20
-20.5,205.5,-1.2046832084125627,0.06378663704794149,17
-20.5,206.5,-1.1922195982739319,0.16168621659204063,19
-20.5,207.5,-0.9810444651271993,0.18344722817247316,20
-20.5,208.5,-0.499659323188735,0.674611943553671,19
-20.5,209.5,-0.2609120657191448,0.5812547604118179,20
-20.5,210.5,-1.5182147728883224,0.03433985000756262,16
-20.5,211.5,-0.865304709141274,0.1376458455182647,15
-20.5,212.5,0.3190611978989167,0.5829505577618919,13
-20.5,213.5,2.001816239316239,0.28313087066234666,10
-19.5,31.5,-0.40885416666666563,1.0,10
-19.5,32.5,1.8462643678160884,0.19821061903884274,15
-19.5,33.5,2.2892969015321407,0.021667399928426374,16
-19.5,34.5,2.3599853860261675,0.003399434591581013,21
-19.5,35.5,2.322580774041763,0.0025885719761729173,25
-19.5,36.5,0.6414288008690219,0.3136549364605332,28
-19.5,37.5,0.15224485709360636,0.8304750241244809,30
-19.5,38.5,0.05717501109909103,0.8650383150743489,31
-19.5,39.5,0.20827467468787447,0.614239541598542,34
-19.5,40.5,-0.16375893387916168,0.9095458052651214,35
-19.5,41.5,-0.05027173913042304,0.8646820584594126,35
-19.5,42.5,0.18581117008869136,0.685150206155831,37
-19.5,43.5,0.03991000317811162,0.9398714539943918,38
-19.5,44.5,0.20126591263449045,0.4629394880460814,40
-19.5,45.5,-0.010443793402776791,0.9499317198507831,43
-19.5,46.5,-0.3794886271158848,0.305074881337578,43
-19.5,47.5,-0.0826997108416947,0.930910680164664,42
-19.5,48.5,0.01012755665638644,0.9757936732598803,44
-19.5,49.5,0.49977305266904615,0.11862192122260574,42
-19.5,50.5,0.19268440971049272,0.6211391975666177,41
-19.5,51.5,0.8221803385934745,0.02935073106045927,40
-19.5,52.5,0.5639711311035038,0.21724725095772912,39
-19.5,53.5,0.7740888326133376,0.1678813518323119,39
-19.5,54.5,0.3598409220906761,0.3788412517838009,38
-19.5,55.5,0.6517104206604968,0.17750773887281412,36
-19.5,56.5,0.28490521121883666,0.4981364283916775,39
-19.5,57.5,0.1813879843160926,0.4791861756075628,41
-19.5,58.5,0.440332272887946,0.049853697721470816,38
-19.5,59.5,0.27577203017173735,0.4488598208640492,40
-19.5,60.5,0.21874912140126013,0.5136072924876847,39
-19.5,61.5,0.21280904040074716,0.5216481488445233,40
-19.5,62.5,-0.1249511413383376,0.8405809140670598,38
-19.5,63.5,-0.3943347585513083,0.6946868300138667,30
-19.5,64.5,0.045018904200576575,0.927053855932963,37
-19.5,65.5,0.21685663012118886,0.4791861756075628,41
-19.5,66.5,0.6381899563107283,0.38221215176158163,40
-19.5,67.5,0.19800933625032324,0.7628611639449314,38
-19.5,68.5,0.02092673505064132,0.9229050934914809,39
-19.5,69.5,-0.21091260306740406,0.8168835068089898,36
-19.5,70.5,-0.2589368833159769,0.6660299201417484,37
-19.5,71.5,0.3959629000825444,0.36537154850862097,38
-19.5,72.5,0.44863458397515144,0.3759635132769804,36
-19.5,73.5,-0.1788387600000949,0.7540675143570155,36
-19.5,74.5,-0.39470048354519566,0.4060445067036338,36
-19.5,75.5,-0.3720722090238896,0.4981364283916775,39
-19.5,76.5,-0.15254849675403043,0.774848422162878,36
-19.5,77.5,0.9162616062946445,0.11901621744361217,38
-19.5,78.5,0.6499736532809488,0.19538604457720776,37
-19.5,79.5,1.2792391506735623,0.04003531627596207,37
-19.5,80.5,0.7228527187143483,0.16063112444447003,36
-19.5,81.5,0.21341281905390402,0.6874625535563468,38
-19.5,82.5,-0.012110106626361345,0.9799402562507286,38
-19.5,83.5,-0.11855822003291344,0.8240484528174716,37
-19.5,84.5,0.377525702990412,0.6690554101034223,38
-19.5,85.5,0.5508179800851005,0.2909499400610437,38
-19.5,86.5,0.19227774113163357,0.6851751854528196,32
-19.5,87.5,0.22320693808540565,0.6999147656727215,34
-19.5,88.5,0.09705349021125217,0.8330324989520455,32
-19.5,89.5,0.024873102145408152,0.9611987334080325,32
-19.5,90.5,-1.2428122030866495,0.02630669219479247,32
-19.5,91.5,-0.6716008771929821,0.06641490832840093,31
-19.5,92.5,-0.09887473197252762,0.7784259141888469,29
-19.5,93.5,-0.4292428900026084,0.3955862561437876,28
-19.5,94.5,0.2576754385964913,0.6277372683701176,26
-19.5,95.5,0.8036394817073172,0.08557050563653738,26
-19.5,96.5,0.25447791563411337,0.7614215361463608,25
-19.5,97.5,-0.09444444444444441,0.7703961609830144,27
-19.5,98.5,-0.6301629405077687,0.15382082239203035,23
-19.5,99.5,-1.368038830971888,0.04780459789390245,20
-19.5,100.5,-1.5525446953824136,0.06887334136057353,19
-19.5,101.5,0.10780136476934399,0.8799878558277134,21
-19.5,102.5,-0.35415955008466277,0.44148821101397295,19
-19.5,103.5,-0.7688067036290323,0.14256865901357518,22
-19.5,104.5,0.21581247722519842,0.8203382164336169,20
-19.5,105.5,1.0280987394957988,0.3692092650321579,23
-19.5,106.5,0.103260911237885,0.9224620671867602,20
-19.5,107.5,0.553666819291819,0.6264962743469109,20
-19.5,108.5,-1.0777243589743593,0.4953662988030888,18
-19.5,109.5,0.09734352866371968,1.0,19
-19.5,110.5,-0.19851273015827936,0.8326659395181515,23
-19.5,111.5,-0.3701073232323241,0.9578745987779059,23
-19.5,112.5,-0.595663265306123,0.29725152529777643,27
-19.5,113.5,-0.3155193236714974,0.7913957365052897,26
-19.5,114.5,0.3465056285178228,0.80246135962087,27
-19.5,115.5,0.11748937185143664,0.944141999801307,25
-19.5,116.5,1.122714246557909,0.15631053721479246,27
-19.5,117.5,0.6380208333333336,0.20882963623889783,29
-19.5,118.5,0.3229239144606665,0.6381570271128183,32
-19.5,119.5,0.1547619047619051,0.9546999508650751,35
-19.5,120.5,-0.5086943519189959,0.6213676320840416,28
-19.5,121.5,0.39960575462902215,0.6151681449180015,32
-19.5,122.5,1.3047510357526466,0.0241906962991752,32
-19.5,123.5,1.013745029992144,0.18600402378747005,26
-19.5,124.5,1.0181267122873847,0.062196528651478886,32
-19.5,125.5,0.06930561698363569,0.7243397423849234,26
-19.5,126.5,0.7606942519676702,0.11083858110212827,29
-19.5,127.5,-0.7295163638292128,0.13837039523899158,29
-19.5,128.5,0.2876497821350732,0.5924901808547871,30
-19.5,129.5,-0.3153696051423325,0.5047075455861033,27
-19.5,130.5,0.07719797097317235,0.9012978441563574,24
-19.5,131.5,0.36830357142857095,0.2900579790352388,26
-19.5,132.5,0.9663530207004677,0.12354986589680401,21
-19.5,133.5,1.027711001212193,0.19167059142275544,16
-19.5,134.5,0.7484879032258054,0.4046702444107403,18
-19.5,135.5,2.267325510635458,0.009455362161615887,17
-19.5,136.5,0.656014958615879,0.6921807727218765,15
-19.5,137.5,0.3107471955128216,0.721176307474874,20
-19.5,138.5,0.03946093633908643,0.8966886680598936,20
-19.5,139.5,-0.039738581730769384,1.0,22
-19.5,140.5,0.2101902942840968,0.8656490997057351,22
-19.5,141.5,-0.5404565859852568,0.29056075537876946,21
-19.5,142.5,-0.8609439341146667,0.058016482085702606,26
-19.5,143.5,0.113081636892401,0.7387187313672434,27
-19.5,144.5,-0.41576086956521785,0.3321321174074414,26
-19.5,145.5,-0.017007898401330362,0.9728828650934778,31
-19.5,146.5,0.46816489718318466,0.54850039361213,32
-19.5,147.5,0.01225723900230399,1.0,29
-19.5,148.5,0.6694928368510739,0.48926508700643856,28
-19.5,149.5,0.5260055235465367,0.24958080203971644,32
-19.5,150.5,0.08081930976934236,0.8594521306883358,36
-19.5,151.5,0.34969240258615986,0.6984894773302321,33
-19.5,152.5,0.036629831782390584,0.9763470765264379,34
-19.5,153.5,-0.003931727471034059,1.0,33
-19.5,154.5,-0.34516739086681625,0.6292031763118552,35
-19.5,155.5,-0.3282335069444464,0.39416640444789575,35
-19.5,156.5,-0.45628291635346696,0.2712871157829412,33
-19.5,157.5,-0.4324175139813749,0.47672905828844614,34
-19.5,158.5,-0.5811592842192054,0.5508678704577775,35
-19.5,159.5,0.3881952305719859,0.5738490427115428,37
-19.5,160.5,-0.27264095861027826,0.7044743405984467,37
-19.5,161.5,-1.1920060853980126,0.06247375178439424,39
-19.5,162.5,0.08321220930232798,0.8845825962766167,39
-19.5,163.5,0.011077833406015463,0.9891324349096958,36
-19.5,164.5,-0.387114006117569,0.43751817737481247,36
-19.5,165.5,-1.1814226188126762,0.06203262229447817,36
-19.5,166.5,-0.2092657342657343,0.774848422162878,36
-19.5,167.5,-0.1562339602334529,0.8594521306883358,36
-19.5,168.5,-0.3981527093596057,0.5452829029299784,39
-19.5,169.5,0.5930447620302066,0.2909499400610437,38
-19.5,170.5,0.09418922238818878,0.8444667630816368,37
-19.5,171.5,-0.1320063909484087,0.8890947898386434,33
-19.5,172.5,0.863821758142575,0.40644333792854104,34
-19.5,173.5,0.7027952322026176,0.5061307168657696,32
-19.5,174.5,-0.7635952654278633,0.16400104161437512,35
-19.5,175.5,-0.43866684893290253,0.539915857350804,36
-19.5,176.5,-0.25154764078703984,0.7635561283061163,37
-19.5,177.5,-0.24708132045088615,0.5778990721352786,39
-19.5,178.5,0.13627123594795956,0.8209725423085437,38
-19.5,179.5,0.006986100112447231,1.0,33
-19.5,180.5,-1.0753205128205086,0.14628055684434427,34
-19.5,181.5,-0.42106536569570474,0.4856472470963893,33
-19.5,182.5,-0.10350909734657478,0.8646820584594126,35
-19.5,183.5,-0.32449476983310854,0.4537672973691913,36
-19.5,184.5,0.4000887567083295,0.539915857350804,36
-19.5,185.5,1.7604825114667193,0.022223861814083035,32
-19.5,186.5,1.670684387828866,0.04139316901026302,31
-19.5,187.5,0.36115765911648445,0.8304750241244809,30
-19.5,188.5,-0.7322949460854753,0.3022157697479979,29
-19.5,189.5,-1.4704644097222221,0.06657564401317712,27
-19.5,190.5,-0.6541033220720721,0.21848596900340644,34
-19.5,191.5,-1.2198453060319858,0.18291855854907912,29
-19.5,192.5,-0.8958384370406659,0.1688538160168197,27
-19.5,193.5,-0.2703373015873018,0.7243397423849234,26
-19.5,194.5,-1.217701756088975,0.1574056639748741,24
-19.5,195.5,-1.1914215637041725,0.18344722817247316,20
-19.5,196.5,0.025608834087332725,0.9578745987779059,23
-19.5,197.5,0.859434037767684,0.1542575118326619,25
-19.5,198.5,-1.5160472972972974,0.15857024949675513,22
-19.5,199.5,-1.2140456989247308,0.3247123843638571,18
-19.5,200.5,-0.1748238357843131,0.7795660645811546,19
-19.5,201.5,0.13741915744384614,0.8795727890074994,18
-19.5,202.5,1.4944988701499118,0.2843217140080182,20
-19.5,203.5,-1.0682256445477603,0.5376032363488861,20
-19.5,204.5,-0.7068727700116294,0.45029515330704106,21
-19.5,205.5,-0.7056196692179989,0.38103238548434304,20
-19.5,206.5,-0.9530248057554513,0.17419048270007742,21
-19.5,207.5,-0.30657698123188937,0.9396136982356221,18
-19.5,208.5,-1.2834687813100643,0.2638720094732372,21
-19.5,209.5,-2.7995594070961705,0.09309214399370513,19
-19.5,210.5,-1.268020299877418,0.14937517875498968,17
-19.5,211.5,-0.7571868180055197,0.26035056965599135,16
-19.5,212.5,-0.05881345785440632,0.7603323075218761,13
-19.5,213.5,0.02757352941176471,1.0,10
-18.5,31.5,-0.884933464405284,0.058587575310488894,13
-18.5,32.5,0.3958983905837135,0.674611943553671,19
-18.5,33.5,1.3346136377416808,0.04780459789390245,20
-18.5,34.5,0.8645722934742833,0.10104860561904867,28
-18.5,35.5,0.0433170845631141,0.9335433162568849,27
-18.5,36.5,0.22663773292727085,0.5864526254323217,29
-18.5,37.5,0.03906878612398022,0.8646652653123481,33
-18.5,38.5,0.08511756250177861,0.8890947898386434,33
-18.5,39.5,-0.18232215545648245,0.8125085458048832,34
-18.5,40.5,-0.4462660251506888,0.33419563121006324,35
-18.5,41.5,-0.7366737739872065,0.023639211913870313,38
-18.5,42.5,0.33354594430055756,0.38087509602077263,37
-18.5,43.5,0.2349603921152612,0.38087509602077263,37
-18.5,44.5,0.34957208689927627,0.12920748707657007,42
-18.5,45.5,0.4926867759989572,0.04614335216376593,42
-18.5,46.5,-0.024784482758620406,0.9481546239300995,42
-18.5,47.5,-0.4788955347989196,0.27593433728642713,41
-18.5,48.5,0.2395892581151264,0.6490072252715706,44
-18.5,49.5,-0.016721388367729517,1.0,43
-18.5,50.5,-0.5092963350267504,0.15183576182655356,40
-18.5,51.5,-0.19900393260796329,0.6632086746173176,39
-18.5,52.5,0.2587611739945266,0.45325103254848365,39
-18.5,53.5,0.4473941610469272,0.40668256873463315,38
-18.5,54.5,0.08857733026300504,0.8800839006711906,38
-18.5,55.5,0.15408125243970205,0.6808572133380827,39
-18.5,56.5,0.43200604838709683,0.3453965562420982,39
-18.5,57.5,0.43110900379266937,0.1534557123832828,39
-18.5,58.5,1.014257103863748,0.004004519102657698,40
-18.5,59.5,0.6785278745644607,0.09512571219316361,42
-18.5,60.5,0.364716804934196,0.3971171572571701,39
-18.5,61.5,0.3302086713173269,0.32937921868675046,42
-18.5,62.5,0.23403156567225436,0.4744436456632575,42
-18.5,63.5,0.035865782062114035,0.9164874459935288,40
-18.5,64.5,-0.08846663462047148,0.9535453737590693,40
-18.5,65.5,0.23648609619149688,0.5296315348267777,42
-18.5,66.5,0.6201879092311352,0.15180150558116184,38
-18.5,67.5,0.5117866173694681,0.27767939777642237,37
-18.5,68.5,0.06542101832303275,0.8808988697656468,36
-18.5,69.5,-0.10627291899990621,0.8808988697656468,36
-18.5,70.5,0.5605347659556262,0.22746955681557257,38
-18.5,71.5,0.5016591089503445,0.19139541400462046,39
-18.5,72.5,0.2417780748663115,0.4107427047210993,39
-18.5,73.5,0.9003330575226937,0.042639245657504966,37
-18.5,74.5,1.0262968291850227,0.08256310085481298,40
-18.5,75.5,0.679465909934659,0.19974847790467765,39
-18.5,76.5,0.8840377800837561,0.03569609241623643,41
-18.5,77.5,0.5730324635686679,0.25841287570987015,40
-18.5,78.5,0.21226164988982354,0.632840693851598,38
-18.5,79.5,-0.06800025237109128,0.9062974979468705,37
-18.5,80.5,-0.12659244657006966,0.7635561283061163,37
-18.5,81.5,-0.06073360192304719,0.8248046168337547,40
-18.5,82.5,0.38605022417430246,0.43881262153485934,39
-18.5,83.5,0.42118422617494555,0.3335023015339059,36
-18.5,84.5,0.29741425416062095,0.632869142286627,40
-18.5,85.5,0.6658341396266172,0.24872473553918228,40
-18.5,86.5,-0.29208872671295993,0.4264505315507925,35
-18.5,87.5,-0.804478888635417,0.09156957765014759,37
-18.5,88.5,0.12948924731182815,0.6292031763118552,35
-18.5,89.5,0.19251561976606768,0.7540675143570155,36
-18.5,90.5,-1.016351039113562,0.09378345200874334,35
-18.5,91.5,-0.767617617622315,0.17765391067092295,33
-18.5,92.5,-0.36544547523373355,0.33300968343191173,28
-18.5,93.5,-0.3546947004608297,0.372365302198027,30
-18.5,94.5,-0.35256410256410303,0.5633463699559165,31
-18.5,95.5,0.2116030235623664,0.6585566199856315,31
-18.5,96.5,0.5786942981206835,0.2227402060902387,29
-18.5,97.5,0.20931607240974515,0.7074914603643583,29
-18.5,98.5,-0.4148927100884475,0.4690632682744802,25
-18.5,99.5,-0.6968917964356722,0.24521106099767986,23
-18.5,100.5,-0.011885372772971081,0.9667427806663149,27
-18.5,101.5,0.12941280108737788,0.7614215361463608,25
-18.5,102.5,-0.34791718332827454,0.3623776993195864,25
-18.5,103.5,-0.1847536721917511,0.747106327334731,24
-18.5,104.5,-0.2536508478371622,0.7098436764690532,24
-18.5,105.5,0.9094732403672281,0.04105271765334275,27
-18.5,106.5,0.38011480178308843,0.31004602085382316,22
-18.5,107.5,0.3972517651308023,0.3382878549727658,25
-18.5,108.5,1.0658216152576236,0.23361300135229124,25
-18.5,109.5,0.2952633047462402,0.45960782304895875,23
-18.5,110.5,-0.4596591053259244,0.5084542305885602,26
-18.5,111.5,-0.21424862973653885,0.6851751854528196,32
-18.5,112.5,-0.20728145728145736,0.8650383150743489,31
-18.5,113.5,-0.09963576858107892,0.9431079616717606,30
-18.5,114.5,-0.7429304765480806,0.3954246967469043,31
-18.5,115.5,0.12609401946292134,0.8584007529637274,30
-18.5,116.5,1.1541118084453241,0.041963944579415956,30
-18.5,117.5,1.1944261516785097,0.062196528651478886,32
-18.5,118.5,0.5399222821204795,0.26626505196565464,37
-18.5,119.5,-0.185367736789463,0.7166749729859458,39
-18.5,120.5,-0.7548076923076927,0.15556599427132728,35
-18.5,121.5,0.43771743503740745,0.44771724277486147,33
-18.5,122.5,1.3276627536979708,0.031127310111324795,40
-18.5,123.5,0.44605533549474746,0.32256351748255707,32
-18.5,124.5,0.5471037582798737,0.37244389624576013,32
-18.5,125.5,-0.19646457373271886,0.7752944295177846,30
-18.5,126.5,-0.044339958132323054,0.9353765292166933,32
-18.5,127.5,-0.35122963659147605,0.46646827743679087,33
-18.5,128.5,-0.698501925998265,0.08039114754218035,30
-18.5,129.5,0.16261365051687654,0.7596537518193331,31
-18.5,130.5,-0.8654179336745125,0.0965338291080208,24
-18.5,131.5,0.5538091715976333,0.04105271765334275,27
-18.5,132.5,0.03571428571428559,0.9667427806663149,27
-18.5,133.5,1.1676394042465452,0.0409545443203829,20
-18.5,134.5,1.0128093030677519,0.007839543040639064,19
-18.5,135.5,1.0774224973192403,0.10754282889930056,19
-18.5,136.5,1.2144468582887713,0.014961017675175704,20
-18.5,137.5,0.5233791768579853,0.2373017786499999,29
-18.5,138.5,0.7128116136736826,0.19895893109240226,25
-18.5,139.5,0.9375,0.18675613776082567,30
-18.5,140.5,-0.5916012497776195,0.20110491981248035,26
-18.5,141.5,-0.06884603405315826,0.8255475691294885,26
-18.5,142.5,0.4430125492707693,0.3136549364605332,28
-18.5,143.5,0.31740283966064453,0.41153015108926394,33
-18.5,144.5,-0.26953208411037854,0.7215386520496392,29
-18.5,145.5,-0.21923076923076934,0.8088286305084,39
-18.5,146.5,0.6594033772064077,0.42144237894257297,40
-18.5,147.5,0.6070185509400698,0.42340961568627655,34
-18.5,148.5,1.148732165179534,0.0827123834482137,32
-18.5,149.5,-0.4234294121672543,0.42684260879570113,32
-18.5,150.5,-0.09513242021687796,0.9062974979468705,37
-18.5,151.5,-0.3714533502166313,0.5580781774416292,36
-18.5,152.5,-0.9315276352934726,0.09386166319420307,36
-18.5,153.5,-0.2361165249897157,0.6728442148625922,36
-18.5,154.5,0.7806533006001093,0.1250856595446185,38
-18.5,155.5,-0.2206688596491231,0.7166749729859458,39
-18.5,156.5,-0.5274616368286446,0.21793165186589147,38
-18.5,157.5,-0.9717927631578958,0.023639211913870313,38
-18.5,158.5,-0.6265856236786481,0.23582237975362752,39
-18.5,159.5,0.8572780330006671,0.1879838381386536,40
-18.5,160.5,-0.967908340129438,0.09386166319420307,36
-18.5,161.5,-0.34478626509690086,0.4602261776270049,35
-18.5,162.5,0.8582845074619774,0.13256299976889044,37
-18.5,163.5,0.5093328272842225,0.2712871157829412,33
-18.5,164.5,0.08099658930878828,0.8655164609304618,39
-18.5,165.5,-0.3943174292363657,0.5045014597713458,36
-18.5,166.5,0.01528520179176088,0.9799402562507286,38
-18.5,167.5,0.047831620955047505,0.9687017187842498,37
-18.5,168.5,0.7008621926968696,0.1603211528324091,41
-18.5,169.5,0.3867650773903139,0.5216481488445233,40
-18.5,170.5,0.0865806308155447,0.8037485428824773,37
-18.5,171.5,-0.24859664351851843,0.6780801094706034,34
-18.5,172.5,-0.627637508886169,0.2598872365092252,34
-18.5,173.5,-0.9014365346739222,0.06486517886852888,35
-18.5,174.5,-1.1545727322895525,0.014763053182982894,36
-18.5,175.5,-1.3048392333871939,0.04699325890555889,38
-18.5,176.5,0.038655034249713116,0.9478599779684119,37
-18.5,177.5,0.04840025362862245,0.8856049474550872,37
-18.5,178.5,0.5105340305954047,0.233976364304341,37
-18.5,179.5,0.21284839527027088,0.6292031763118552,35
-18.5,180.5,-1.1334061703205163,0.1157197552188083,32
-18.5,181.5,-0.3480284657722738,0.5142234581271419,34
-18.5,182.5,-0.8943842449260402,0.27263754267559726,34
-18.5,183.5,-0.6280846938514459,0.27263754267559726,34
-18.5,184.5,-0.20017325411433692,0.7827940862749598,32
-18.5,185.5,0.4487843243468461,0.5441196833389506,30
-18.5,186.5,0.11500969000761753,0.8119200006410022,31
-18.5,187.5,-0.5366140924508684,0.5359057917615426,29
-18.5,188.5,-0.6709506307137936,0.39860638537703863,29
-18.5,189.5,-0.7773170877385824,0.5359057917615426,29
-18.5,190.5,-0.7488997120661958,0.20946154334050293,33
-18.5,191.5,-0.9080833804942461,0.1382221053601419,34
-18.5,192.5,-1.256568084693086,0.029509993369559867,30
-18.5,193.5,-1.0087943500694925,0.12866108508859356,29
-18.5,194.5,-0.6541264921946744,0.24303798973120727,27
-18.5,195.5,-0.19840552336027856,0.7098436764690532,24
-18.5,196.5,-0.38541666666666696,0.3668796006462124,22
-18.5,197.5,-0.005124000819840546,1.0,23
-18.5,198.5,-1.0267857142857117,0.23628916450237403,22
-18.5,199.5,-1.723955521084052,0.011231776901026872,23
-18.5,200.5,-0.5743816942134612,0.39803568959424807,23
-18.5,201.5,1.3243823976827538,0.14172595380646796,19
-18.5,202.5,0.14412772266869409,0.8203382164336169,20
-18.5,203.5,0.3693977591036416,0.6518692807184261,22
-18.5,204.5,-0.9244791666666667,0.18666052241558184,23
-18.5,205.5,-1.427138581399074,0.037197693729123814,21
-18.5,206.5,-0.1168716094032547,0.8887055908352302,19
-18.5,207.5,-1.2845488617250922,0.14172595380646796,19
-18.5,208.5,-0.6632447572756172,0.5376032363488861,20
-18.5,209.5,-1.6159563857889923,0.19780102703780067,18
-18.5,210.5,-0.639991086381071,0.42848041949799653,15
-18.5,211.5,-0.0448646539371916,0.9671423309063722,17
-18.5,212.5,1.1845119127591246,0.09245959511086128,15
-18.5,214.5,0.6049132251325728,0.7205147871362552,10
-18.5,216.5,-0.2614795918367336,0.8580276569875211,10
-17.5,30.5,-0.20518543956044022,0.35020138917929566,11
-17.5,31.5,-0.04704446503610349,1.0,17
-17.5,32.5,0.5286561264822136,0.29056075537876946,21
-17.5,33.5,0.19618063655588375,0.45029515330704106,21
-17.5,34.5,0.20937065975901945,0.2772098350690809,28
-17.5,35.5,-0.2035864775483926,0.4179302333168975,28
-17.5,36.5,-0.5224350437973481,0.2266164478008148,27
-17.5,37.5,0.10024907835890433,0.8646652653123481,33
-17.5,38.5,0.273975527732792,0.6099979618746088,37
-17.5,39.5,-0.4254953101814065,0.3759635132769804,36
-17.5,40.5,-0.057679316687264524,0.9229050934914809,39
-17.5,41.5,-0.349134529161752,0.48141616651791197,38
-17.5,42.5,-0.3351653781664196,0.5699960728963258,35
-17.5,43.5,0.1040076821326805,0.8405809140670598,38
-17.5,44.5,0.34718373685985515,0.09822173608073281,43
-17.5,45.5,0.792247436069033,0.007768495537450971,41
-17.5,46.5,0.3463827838827811,0.35707287482858807,43
-17.5,47.5,0.1521503401173268,0.7692824541886295,44
-17.5,48.5,-0.28035679491971166,0.5296315348267777,42
-17.5,49.5,0.07919619420850137,0.8476082739456742,44
-17.5,50.5,0.3055058657126219,0.32523868110605725,43
-17.5,51.5,0.11093290958339028,0.7354536181171747,40
-17.5,52.5,0.3396741154237573,0.3696497329509345,40
-17.5,53.5,0.23913043478260843,0.4658973881161266,38
-17.5,54.5,-0.3173552234677565,0.5066205695044608,40
-17.5,55.5,-0.24988217135222568,0.632869142286627,40
-17.5,56.5,0.28451413094156386,0.3871160541691657,41
-17.5,57.5,0.23886062211035541,0.4629394880460814,40
-17.5,58.5,0.8898969944979676,0.01691905399278494,40
-17.5,59.5,0.5870657498089039,0.29622163753056174,41
-17.5,60.5,0.12604321325679702,0.7108952874500365,41
-17.5,61.5,0.12027318981442833,0.7616899520580042,41
-17.5,62.5,0.4518232399800688,0.27593433728642713,41
-17.5,63.5,0.11134316937888299,0.8342074867818815,43
-17.5,64.5,-0.47474364199384556,0.2506536089538406,42
-17.5,65.5,0.3257612239124903,0.37490496599151035,41
-17.5,66.5,0.9973372635056685,0.004519902533204656,42
-17.5,67.5,0.4862304117960292,0.2263989227367953,39
-17.5,68.5,0.14475109731535324,0.7835801504291398,37
-17.5,69.5,0.27271102491225185,0.6664041829849279,40
-17.5,70.5,-0.24084752642485482,0.6495478982562364,40
-17.5,71.5,-0.27851196828892527,0.4383374552726653,41
-17.5,72.5,0.2745020890256156,0.5680669608513922,40
-17.5,73.5,1.533256252444336,0.00011502565396420038,40
-17.5,74.5,1.3063123558618328,0.004310416117843348,40
-17.5,75.5,0.7692576423756553,0.1534557123832828,39
-17.5,76.5,0.7204456557149613,0.12693877134651707,40
-17.5,77.5,0.05220369920293806,0.8453357931297271,42
-17.5,78.5,-0.33492074013883544,0.4517264720866897,41
-17.5,79.5,0.024317746179545713,0.9721171358417333,40
-17.5,80.5,0.20440550695031817,0.5516478210183581,41
-17.5,81.5,-0.15749919536530432,0.6777161122500928,41
-17.5,82.5,0.06706074610114261,0.9398714539943918,38
-17.5,83.5,0.15248371282558854,0.770840345264592,40
-17.5,84.5,0.6022501105705442,0.2762780286051475,39
-17.5,85.5,0.9564506673881668,0.04680582338209154,41
-17.5,86.5,-0.19205996337094172,0.7044743405984467,37
-17.5,87.5,0.05313391180578664,0.7446315154396081,41
-17.5,88.5,0.37445805770251817,0.2909499400610437,38
-17.5,89.5,0.7648809221421827,0.12745727477614618,39
-17.5,90.5,0.7127713145492071,0.18880018541004573,41
-17.5,91.5,-0.4985235047872356,0.21139964872138195,35
-17.5,92.5,-0.6175595238095237,0.11825088388903625,35
-17.5,93.5,0.27506850455687903,0.440783366600357,34
-17.5,94.5,0.2315941728043662,0.6309950399173054,33
-17.5,95.5,-0.06655746775459848,0.8768506998703315,33
-17.5,96.5,-0.09610131632007636,0.8403644195470178,33
-17.5,97.5,-0.09663058672828298,0.9136301036401862,33
-17.5,98.5,-0.07648242073922011,0.9876377419871504,33
-17.5,99.5,-0.1827805068466688,0.8584007529637274,30
-17.5,100.5,-0.344690288983601,0.3353389634847318,30
-17.5,101.5,-0.24533991228070207,0.5968073797467659,26
-17.5,102.5,-0.5245118845500847,0.5047075455861033,27
-17.5,103.5,-0.23609834558823484,0.7074787276069775,27
-17.5,104.5,-0.6279794587559586,0.16070247376846514,28
-17.5,105.5,-0.16316296339425584,0.8701367570919353,25
-17.5,106.5,-0.6454428528005623,0.33335824348826115,24
-17.5,107.5,-0.665271164632643,0.37795959996135176,26
-17.5,108.5,0.44205492025942106,0.5666859527923179,28
-17.5,109.5,-0.7083493582039341,0.29725152529777643,27
-17.5,110.5,0.3932851702508966,0.4145985082462331,31
-17.5,111.5,0.4210207406230153,0.4324504235358998,30
-17.5,112.5,0.5603090688119056,0.27725679757119037,32
-17.5,113.5,1.4338913667073876,0.0490921578899666,33
-17.5,114.5,1.2560322990818882,0.03813422469279878,35
-17.5,115.5,0.5135466348701639,0.28942248603022047,37
-17.5,116.5,0.47902513651812306,0.44595658115373593,32
-17.5,117.5,0.5025761844742516,0.4856472470963893,33
-17.5,118.5,0.8035622667910447,0.057041602863574285,35
-17.5,119.5,0.18414224847600646,0.8168835068089898,36
-17.5,120.5,0.19997778436018976,0.7628611639449314,38
-17.5,121.5,0.14546162509211621,0.7835801504291398,37
-17.5,122.5,0.9515619679812417,0.13943091259492635,37
-17.5,123.5,-0.43385038253117747,0.22541303195972806,36
-17.5,124.5,0.8530281784188052,0.1305544066089274,36
-17.5,125.5,-0.5568001166398248,0.35428659773788107,36
-17.5,126.5,-0.13823045665634304,0.8125085458048832,34
-17.5,127.5,-0.0057449391046745565,1.0,37
-17.5,128.5,0.07385794429973959,0.8465282828044682,39
-17.5,129.5,0.32622486856590416,0.3759635132769804,36
-17.5,130.5,0.36403694542333,0.34457761884916804,33
-17.5,131.5,0.699938728676929,0.10268972898772688,29
-17.5,132.5,0.11590597117364518,0.9147523390847367,30
-17.5,133.5,-0.27130883809102174,0.35874300337869447,24
-17.5,134.5,-0.2679277802893302,0.6726109872286647,23
-17.5,135.5,0.47426900584795423,0.22441148378657239,23
-17.5,136.5,-0.1447999170760703,0.7215386520496392,29
-17.5,137.5,0.9375888036373974,0.2389927879015219,30
-17.5,138.5,0.2559631335711815,0.6292031763118552,35
-17.5,139.5,1.0614809782608692,0.21139964872138195,35
-17.5,140.5,-0.9522729761460241,0.1818977480986942,35
-17.5,141.5,-0.18651738982779995,0.744891472543834,33
-17.5,142.5,1.0872007976787383,0.0827123834482137,32
-17.5,143.5,0.902878443043883,0.09486107679233952,32
-17.5,144.5,0.544274176294395,0.29198463590975887,31
-17.5,145.5,-0.33102714454324716,0.5879084322109032,42
-17.5,146.5,0.34768310733384256,0.40995687995177954,37
-17.5,147.5,0.5295429208472675,0.23563988710649852,34
-17.5,148.5,-0.04468522312417915,0.96292509372887,33
-17.5,149.5,-0.51953125,0.28045007531092314,35
-17.5,150.5,-0.6023322758052251,0.23290059118518391,35
-17.5,151.5,-0.0012865299376461081,1.0,35
-17.5,152.5,-0.7316768066768069,0.20120398589876765,35
-17.5,153.5,-0.1802704543967053,0.8424035124757051,35
-17.5,154.5,0.29960981047937646,0.5699960728963258,35
-17.5,155.5,-0.28621025698837554,0.556163415969644,37
-17.5,156.5,-0.7556846029137807,0.11961612760211916,37
-17.5,157.5,-0.421619501838002,0.40668256873463315,38
-17.5,158.5,-0.45724754601344,0.5367357981091126,41
-17.5,159.5,-0.39929815554727827,0.5667605869699316,41
-17.5,160.5,-0.7564662057320188,0.1754654405428091,39
-17.5,161.5,0.6059448292011012,0.3396999262620777,37
-17.5,162.5,0.5566723332483124,0.3908282308519907,36
-17.5,163.5,0.06899153743109192,0.795791881562907,36
-17.5,164.5,-0.082340602978659,0.8276288084144704,39
-17.5,165.5,-0.7766102841677927,0.20836472630402936,39
-17.5,166.5,0.05670311506413395,0.8800839006711906,38
-17.5,167.5,0.259909949730494,0.6874625535563468,38
-17.5,168.5,1.040041093374588,0.11044599236405402,40
-17.5,169.5,0.05979412365030698,0.7961487032320338,41
-17.5,170.5,0.1586458771814034,0.753082135935896,40
-17.5,171.5,-0.7621755546112869,0.2657461083422321,39
-17.5,172.5,-0.2627487562189046,0.6690554101034223,38
-17.5,173.5,-0.31288437884378817,0.6808572133380827,39
-17.5,174.5,-0.015120967741935484,0.9799402562507286,38
-17.5,175.5,-0.7146305218888666,0.09504439020170478,39
-17.5,176.5,0.15676370437466502,0.8870686942118248,35
-17.5,177.5,0.9827865127229352,0.1093680867708039,34
-17.5,178.5,0.42887693069181376,0.3759635132769804,36
-17.5,179.5,0.3170800712422105,0.6142802922561134,36
-17.5,180.5,0.2672987643673892,0.8162147751081346,33
-17.5,181.5,-0.14446434453227958,0.8282490089919419,33
-17.5,182.5,-0.2583837057542017,0.5935629766221353,34
-17.5,183.5,-0.07223820706028102,0.7547126102355206,35
-17.5,184.5,-0.07731536724599777,0.8330324989520455,32
-17.5,185.5,-0.2338169642857144,0.6352273936721516,34
-17.5,186.5,0.16718833494437874,0.9096221353961885,32
-17.5,187.5,-0.406857326513141,0.3771382028423258,33
-17.5,188.5,0.005751236582473673,1.0,32
-17.5,189.5,-0.7794416323628608,0.18900350850385061,32
-17.5,190.5,-1.472973831857631,0.02823414345038594,34
-17.5,191.5,-1.2537471611187274,0.028580768516166685,32
-17.5,192.5,-1.0284126177450523,0.24520258402450212,33
-17.5,193.5,-1.5238672338741592,0.14574060364798977,26
-17.5,194.5,-0.7924592039171761,0.3375799754591595,27
-17.5,195.5,-0.41098974910748154,0.48926508700643856,28
-17.5,196.5,-0.45648895404487294,0.22420756495904925,24
-17.5,197.5,-0.8411894158312023,0.6264962743469109,20
-17.5,198.5,-1.2777047712569325,0.14256865901357518,22
-17.5,199.5,-1.280884585126899,0.07983871964585261,25
-17.5,200.5,-0.38160306091427065,0.6024416860423838,24
-17.5,201.5,1.2388725849841045,0.2839350843566295,22
-17.5,202.5,0.3743635345948285,0.9158665384265181,23
-17.5,203.5,-0.2340506188103464,0.7098436764690532,24
-17.5,204.5,-0.3206229233005675,0.45960782304895875,23
-17.5,205.5,-1.0706085189452108,0.19780102703780067,18
-17.5,206.5,-0.05332341269841241,1.0,22
-17.5,207.5,-0.7154226069620997,0.1629844132966407,20
-17.5,208.5,0.0035077634376699607,1.0,19
-17.5,209.5,-0.0998993024855099,0.9671423309063722,17
-17.5,210.5,0.499604430379744,0.4884223166225936,15
-17.5,211.5,0.35102704147993047,0.5366482363005154,17
-17.5,212.5,0.5405578424551636,0.16280544974369293,16
-17.5,214.5,0.47274749721913245,0.7205147871362552,10
-17.5,215.5,-0.08710767422404228,0.8370114751054462,12
-17.5,216.5,0.5952380952380943,0.4742743507673295,10
-16.5,31.5,0.2796339377378798,0.7425568219265776,14
-16.5,32.5,0.22205525669085202,0.5923012814329899,17
-16.5,33.5,1.2336011202830175,0.009480868515616272,22
-16.5,34.5,0.7792510117706358,0.050657030094118746,23
-16.5,35.5,0.25796930881975555,0.7073824349601937,28
-16.5,36.5,-0.30416725976058856,0.5402386775632395,28
-16.5,37.5,0.20930411156239692,0.6984894773302321,33
-16.5,38.5,-0.21875,0.513279941352429,38
-16.5,39.5,0.21375849495590238,0.3926123103751683,38
-16.5,40.5,0.79742431640625,0.016612173242996766,39
-16.5,41.5,0.6436298863169108,0.20868467068315721,38
-16.5,42.5,0.07238878580187459,0.927053855932963,37
-16.5,43.5,0.08661583123834879,0.8602887048423336,38
-16.5,44.5,0.646543586147374,0.013476416637708776,42
-16.5,45.5,0.6738205224083781,0.039484279304467074,42
-16.5,46.5,0.48977911060427437,0.12385910748901892,41
-16.5,47.5,0.08849476081224537,0.737705458452796,43
-16.5,48.5,0.10211850107458635,0.8115533673850394,42
-16.5,49.5,0.13517978127129704,0.7082349133954652,44
-16.5,50.5,0.03393873678503618,0.9481546239300995,42
-16.5,51.5,-0.3946250170373422,0.266154543300259,41
-16.5,52.5,0.16315989411060833,0.6777161122500928,41
-16.5,53.5,0.3052178318135823,0.4981364283916775,39
-16.5,54.5,0.14661962386463134,0.7108952874500365,41
-16.5,55.5,0.4789852142454325,0.08169227155835207,41
-16.5,56.5,0.2983627601880444,0.4101432374855566,42
-16.5,57.5,-0.020362656640747767,0.9136991092503179,42
-16.5,58.5,0.6438488676453853,0.10403298714422621,42
-16.5,59.5,0.17843934911242698,0.7348263750767032,39
-16.5,60.5,0.5279603007878921,0.24182473164655216,42
-16.5,61.5,-0.09169929309676578,0.7887194899032053,40
-16.5,62.5,-0.10847856850121115,0.8453357931297271,42
-16.5,63.5,0.3989591742590242,0.1872884962268888,43
-16.5,64.5,0.48927749578750346,0.29622163753056174,41
-16.5,65.5,0.39348734530799623,0.3356385211551284,43
-16.5,66.5,0.3388699868041971,0.38221215176158163,40
-16.5,67.5,0.6009767036540663,0.12693877134651707,40
-16.5,68.5,0.3093454306059112,0.2455200156805981,39
-16.5,69.5,0.07100464926993011,0.828404904759906,42
-16.5,70.5,-0.055033598448331666,0.9481546239300995,42
-16.5,71.5,0.7413586382032147,0.040245291491988786,43
-16.5,72.5,0.37991660926802306,0.34024045120657065,42
-16.5,73.5,1.2496357411576235,0.0038941895149650985,41
-16.5,74.5,1.216835563432659,0.016738460142238634,41
-16.5,75.5,0.9813889237785121,0.008302708612703743,41
-16.5,76.5,0.9060399899816924,0.02704778999579454,42
-16.5,77.5,0.40355248034381674,0.32523868110605725,43
-16.5,78.5,-0.2550622036008825,0.5439213911923737,42
-16.5,79.5,-0.09834469315171936,0.8835141491217923,43
-16.5,80.5,-0.17857628492209732,0.5667605869699316,41
-16.5,81.5,-0.05500394790118221,0.9373320419227238,41
-16.5,82.5,-0.3158946505431448,0.31874518262725193,42
-16.5,83.5,0.12847837779914087,0.7287442378062506,42
-16.5,84.5,0.2370145203360558,0.7108952874500365,41
-16.5,85.5,0.6965420586435689,0.3174835513106081,41
-16.5,86.5,-0.5565340141070065,0.19538604457720776,37
-16.5,87.5,0.09240904850746468,0.8014754175793354,38
-16.5,88.5,0.30302691251938946,0.38502356531620374,43
-16.5,89.5,0.20986321651183576,0.632869142286627,40
-16.5,90.5,-0.34499265424251524,0.46795381352609333,39
-16.5,91.5,-0.18691378066378156,0.6986822359824363,39
-16.5,92.5,-0.27107999519222387,0.4881961566987404,37
-16.5,93.5,-0.20482102536446958,0.546208417913761,38
-16.5,94.5,-0.23342817660589807,0.5945442759036267,39
-16.5,95.5,-0.7731639333974814,0.13051014968251043,34
-16.5,96.5,0.12821856161687856,0.7763884317697076,35
-16.5,97.5,-0.3372250871970195,0.5699960728963258,35
-16.5,98.5,0.024244599951460298,1.0,31
-16.5,99.5,0.48690422787152016,0.3917934361895805,30
-16.5,100.5,-0.26553995421192056,0.6585566199856315,31
-16.5,101.5,-0.6349606374807987,0.2535263593015791,30
-16.5,102.5,-0.11919184547268083,0.8588732339133708,28
-16.5,103.5,-0.605295389048992,0.09353135296636007,30
-16.5,104.5,0.25551069055893627,0.5593049468922573,25
-16.5,105.5,1.1845092703874813,0.23361300135229124,25
-16.5,106.5,0.10783298826776999,0.9297445787752688,26
-16.5,107.5,-0.5386938974219251,0.5878049630676369,27
-16.5,108.5,-0.37785071443225565,0.6427431760684212,30
-16.5,109.5,0.008420763185137403,1.0,30
-16.5,110.5,0.06695556890202772,0.9353765292166933,32
-16.5,111.5,0.2475654692981668,0.5335299141597474,34
-16.5,112.5,0.20159164827175174,0.7835801504291398,37
-16.5,113.5,-0.10565769204851715,0.8856049474550872,37
-16.5,114.5,1.0029452947845816,0.16063112444447003,36
-16.5,115.5,0.15699807191506393,0.6986822359824363,39
-16.5,116.5,0.8896259671176656,0.2819046108192158,36
-16.5,117.5,1.8338235294117644,0.0016598077803320664,39
-16.5,118.5,0.9850305944055938,0.08584114842248187,39
-16.5,119.5,0.4131287092841374,0.42497974024989427,37
-16.5,120.5,0.18319913532554627,0.6660299201417484,37
-16.5,121.5,0.27362073072412785,0.546208417913761,38
-16.5,122.5,-0.08895281622157998,0.9457024715498787,36
-16.5,123.5,1.006135037013883,0.05914524746319665,39
-16.5,124.5,0.13547925955910334,0.8014754175793354,38
-16.5,125.5,-0.1474501746240882,0.6928385117296678,36
-16.5,126.5,0.10786847929117617,0.7628611639449314,38
-16.5,127.5,0.5435111850620142,0.10823718866402149,41
-16.5,128.5,0.019744344118262938,0.959893189819583,38
-16.5,129.5,0.4507646188072102,0.326634122741402,37
-16.5,130.5,0.04282720600820378,0.8646652653123481,33
-16.5,131.5,-1.0530257212821448,0.04563224527431993,33
-16.5,132.5,0.05650154798761707,0.9055957937612324,34
-16.5,133.5,0.19287634408602145,0.6101267703127584,31
-16.5,134.5,0.125721153846154,0.6946868300138667,30
-16.5,135.5,0.7299999999999996,0.24778083040054255,31
-16.5,136.5,0.334707086179189,0.6101267703127584,31
-16.5,137.5,-0.22445233509869983,0.8119200006410022,31
-16.5,138.5,0.5033812341504652,0.2559086205193716,35
-16.5,139.5,0.6011812045690511,0.40644333792854104,34
-16.5,140.5,0.34045599503733304,0.3952543278515894,37
-16.5,141.5,0.36997767857142916,0.5216102816326905,37
-16.5,142.5,0.8930979117112317,0.04678952115450226,35
-16.5,143.5,1.1475088082107845,0.00992544145265846,32
-16.5,144.5,-0.05665238528027577,0.8662064065863085,41
-16.5,145.5,0.0777453640961591,0.9114126436396226,44
-16.5,146.5,0.37886414780533817,0.3220089692456941,40
-16.5,147.5,0.4635580979318511,0.3331693388353718,39
-16.5,148.5,-0.03949696663296288,0.8821498665400751,34
-16.5,149.5,0.8953711956162937,0.16404343214420547,30
-16.5,150.5,0.6820529215030482,0.3078304301336964,31
-16.5,151.5,0.2141816008960534,0.5801512457006335,38
-16.5,152.5,0.1373376476826303,0.7446315154396081,41
-16.5,153.5,0.1751321157833791,0.6457450970456375,39
-16.5,154.5,1.1286747030560063,0.01248728344604335,37
-16.5,155.5,0.6795687060335509,0.11725434197843615,36
-16.5,156.5,-0.12395472180947706,0.6874625535563468,38
-16.5,157.5,-0.8348995501187223,0.233976364304341,37
-16.5,158.5,-0.8527099194764058,0.23582237975362752,39
-16.5,159.5,-0.4203337640427682,0.49182374314403665,40
-16.5,160.5,-0.40365279592736086,0.5680669608513922,40
-16.5,161.5,0.14052697590419225,0.8276288084144704,39
-16.5,162.5,-0.07866010273972565,0.8209725423085437,38
-16.5,163.5,-0.26127484749702995,0.4791861756075628,41
-16.5,164.5,-0.3552697652771686,0.4122551679916763,41
-16.5,165.5,0.08937760600187958,0.842992183820956,40
-16.5,166.5,-0.3230163359442142,0.600072292463655,40
-16.5,167.5,0.41719804921579373,0.2882065615900148,42
-16.5,168.5,0.487981486454232,0.2328466829852629,43
-16.5,169.5,-0.45264631660718263,0.4101432374855566,42
-16.5,170.5,-0.5117770587438337,0.2764169138485879,43
-16.5,171.5,-0.43711394362047207,0.4186586389017438,41
-16.5,172.5,-1.637731392384429,0.015547224241134276,39
-16.5,173.5,-0.6706236176603053,0.33934271674572325,38
-16.5,174.5,-0.16379594118716076,0.8612638836213089,40
-16.5,175.5,-0.7310806562874967,0.2125219354050587,40
-16.5,176.5,-0.5570066971392187,0.20868467068315721,38
-16.5,177.5,0.8522437830496508,0.13968932660540637,35
-16.5,178.5,0.5592631869645852,0.26626505196565464,37
-16.5,179.5,0.6010216140982398,0.43881262153485934,39
-16.5,180.5,0.7552083333333326,0.23582237975362752,39
-16.5,181.5,-0.640650931218883,0.29940460703930927,34
-16.5,182.5,-0.16320843759163323,0.6756918645043961,33
-16.5,183.5,-0.15845743497240034,0.5531960543178076,34
-16.5,184.5,-0.3650092023360958,0.390080152762149,32
-16.5,185.5,0.2189664537974541,0.7763884317697076,35
-16.5,186.5,0.2906724833808205,0.5531960543178076,34
-16.5,187.5,-0.5016447368421051,0.13051014968251043,34
-16.5,188.5,0.11218604357423571,0.9291243012099806,34
-16.5,189.5,-0.7481019276232044,0.09684654514932389,34
-16.5,190.5,-0.8830243497509683,0.08024188634387087,34
-16.5,191.5,-0.9861715726920952,0.1920457783931343,34
-16.5,192.5,-1.2733176767900822,0.033640439810058896,32
-16.5,193.5,-1.559404799792028,0.03451974428666936,28
-16.5,194.5,-0.27010460934946046,0.6767236120473166,27
-16.5,195.5,0.3602861599185131,0.5878049630676369,27
-16.5,196.5,1.0155610774992796,0.1542575118326619,25
-16.5,197.5,0.5931712962962965,0.4281777903096383,23
-16.5,198.5,0.10053294573643493,0.8600328045734927,26
-16.5,199.5,-0.3292131306483187,0.4690632682744802,25
-16.5,200.5,-1.1697005539605851,0.29327072669776233,25
-16.5,201.5,-0.4694963190689047,0.6572273920607943,25
-16.5,202.5,0.8918071620640675,0.2638720094732372,21
-16.5,203.5,-0.33282746583993394,0.721176307474874,20
-16.5,204.5,-0.08755250763747502,0.9368266041662954,23
-16.5,205.5,-0.005482393589509985,1.0,20
-16.5,206.5,-0.5383470695970693,0.48410753779266247,19
-16.5,207.5,0.5831473214285715,0.44148821101397295,19
-16.5,208.5,-0.3845749158249174,0.511220344688192,14
-16.5,209.5,0.3920142100935367,0.674611943553671,19
-16.5,210.5,-0.06547619047619044,0.8266659696701553,14
-16.5,211.5,0.7212089866434375,0.344417522979072,16
-16.5,212.5,0.6473620375985444,0.4434214028640827,14
-16.5,213.5,0.33659689045344143,0.8762696636277617,11
-16.5,214.5,-0.04557291666666667,1.0,10
-16.5,215.5,0.2894461859979103,0.8762696636277617,11
-16.5,216.5,-0.32037459093034515,0.7317017232242102,12
-15.5,29.5,0.13221153846153846,0.8580276569875211,10
-15.5,30.5,-0.3683574879227061,0.8580276569875211,10
-15.5,31.5,0.7358276374809272,0.2001281176786024,13
-15.5,32.5,0.033602988467490214,0.9016495048953725,17
-15.5,33.5,0.6229967948717953,0.04244167627001095,19
-15.5,34.5,0.3645366528460123,0.41368622699316804,25
-15.5,35.5,0.5392878822240811,0.24778083040054255,31
-15.5,36.5,0.2995951417004057,0.4343114428562501,31
-15.5,37.5,0.4072766402274766,0.1678939123854778,33
-15.5,38.5,0.13429041670459843,0.7215623759883523,33
-15.5,39.5,0.402548227784909,0.19843040968125814,33
-15.5,40.5,0.44197930043417066,0.13794566169862826,38
-15.5,41.5,0.20923594847775462,0.35220493219511184,38
-15.5,42.5,-0.07980860394070188,0.7437665722846407,38
-15.5,43.5,-0.26045562203939127,0.4246421234065477,39
-15.5,44.5,0.9834817102713178,0.02558178981539793,42
-15.5,45.5,0.904736065193596,0.04633520099984568,40
-15.5,46.5,0.9743673833140662,0.007768495537450971,41
-15.5,47.5,0.5666346856725143,0.20167946846619778,43
-15.5,48.5,1.4324656991439466,0.02935073106045927,40
-15.5,49.5,0.9220652436664033,0.03121368510682657,44
-15.5,50.5,0.8067094688409631,0.0837126990249212,44
-15.5,51.5,0.013901805495278254,0.9827073827546051,42
-15.5,52.5,0.02224943374227385,0.9373320419227238,41
-15.5,53.5,-0.5026829637247845,0.28903354254194413,40
-15.5,54.5,-0.10954268528090699,0.7961487032320338,41
-15.5,55.5,0.3978681503432313,0.21686042056605592,43
-15.5,56.5,-0.025192773968264845,0.9114126436396226,44
-15.5,57.5,-0.07613267475017235,0.7082349133954652,44
-15.5,58.5,0.07331213145166621,0.737705458452796,43
-15.5,59.5,0.06864102552247532,0.9000604006879467,43
-15.5,60.5,0.6634282512556778,0.12652460633655835,43
-15.5,61.5,0.3992730100849329,0.39080164551413843,43
-15.5,62.5,0.596813465634741,0.12174702987918576,44
-15.5,63.5,0.5867271392836115,0.11694867361133053,44
-15.5,64.5,0.2512713538766238,0.5239955384561089,44
-15.5,65.5,0.011926328502415373,0.930910680164664,42
-15.5,66.5,-0.31168827964855084,0.28595642810117994,41
-15.5,67.5,-0.3504387437634559,0.21724725095772912,39
-15.5,68.5,0.2746757115393814,0.2997628531295812,40
-15.5,69.5,0.41941734055538554,0.14644317557278405,42
-15.5,70.5,0.6970047767596022,0.017115104092117885,42
-15.5,71.5,1.0535017214054603,0.0010121221176945833,44
-15.5,72.5,0.44645233283610253,0.1736702772203822,43
-15.5,73.5,0.5446092808966506,0.2689803649247009,42
-15.5,74.5,0.4792531633056544,0.2496515050691538,43
-15.5,75.5,1.265718715513444,0.0038941895149650985,41
-15.5,76.5,0.9838008107647358,0.04383878716210917,40
-15.5,77.5,0.410671329537122,0.2506536089538406,42
-15.5,78.5,0.28721318857069855,0.5719835030644609,43
-15.5,79.5,0.43667183626744793,0.25307527931601204,44
-15.5,80.5,-0.03247870684159006,0.9000604006879467,43
-15.5,81.5,-0.2196098018032977,0.67549619466395,43
-15.5,82.5,0.3359593197818838,0.5820690716517367,41
-15.5,83.5,-0.24810606060605994,0.32523868110605725,43
-15.5,84.5,-0.5077068609416853,0.2882065615900148,42
-15.5,85.5,-0.34270327897989317,0.5439213911923737,42
-15.5,86.5,0.29206705195581595,0.3871160541691657,41
-15.5,87.5,0.32342217276694996,0.3971171572571701,39
-15.5,88.5,0.0244140625,0.9833008244315274,43
-15.5,89.5,0.18063160894310792,0.7615493074182684,42
-15.5,90.5,0.07977638718416191,0.7961487032320338,41
-15.5,91.5,0.7348611111111107,0.11031315574785941,39
-15.5,92.5,0.726190476190478,0.1250856595446185,38
-15.5,93.5,0.11623969612537882,0.8465282828044682,39
-15.5,94.5,-0.07460585585585565,0.9037158067879053,39
-15.5,95.5,-0.030589786829960493,0.927053855932963,37
-15.5,96.5,0.15672905935737091,0.6632086746173176,39
-15.5,97.5,0.036195273977552844,0.959893189819583,38
-15.5,98.5,0.26837199369821374,0.5633463699559165,31
-15.5,99.5,0.4313847186384123,0.440783366600357,34
-15.5,100.5,0.4247023809523809,0.5865203757130351,31
-15.5,101.5,0.18296828208739305,0.7215386520496392,29
-15.5,102.5,-0.7270933814941459,0.1534984884368536,30
-15.5,103.5,-0.6222056964571303,0.24778083040054255,31
-15.5,104.5,1.2505645039891617,0.0873682521331009,27
-15.5,105.5,1.4958155595360245,0.015096660976156678,28
-15.5,106.5,0.2734540007559083,0.6946868300138667,30
-15.5,107.5,0.17761996036704866,0.8073432738589214,29
-15.5,108.5,0.27355750608550855,0.8162147751081346,33
-15.5,109.5,0.9536853060815131,0.062196528651478886,32
-15.5,110.5,0.10624166246359291,0.7091645038629479,32
-15.5,111.5,0.17776086114683398,0.8383870987564421,31
-15.5,112.5,0.260538691983605,0.8588067571357121,34
-15.5,113.5,0.3130945957210136,0.6457974374528255,34
-15.5,114.5,0.3452840251577556,0.6291146665070553,41
-15.5,115.5,0.4831116578685498,0.3950329766408668,40
-15.5,116.5,0.49362116300107167,0.513279941352429,38
-15.5,117.5,0.9889210480355209,0.15183576182655356,40
-15.5,118.5,0.7198428195990836,0.42497974024989427,37
-15.5,119.5,0.6123116526123472,0.3472987680371583,36
-15.5,120.5,1.5086611210753094,0.015740969401490543,41
-15.5,121.5,0.32419645527556595,0.4251795087510767,41
-15.5,122.5,1.0197064262598257,0.05601363814589585,38
-15.5,123.5,1.5875898382547329,0.015875547141379124,40
-15.5,124.5,-0.1847966375605961,0.6451505807102356,41
-15.5,125.5,0.4627196745470058,0.38221215176158163,40
-15.5,126.5,-0.5223981404577329,0.1465695145892742,37
-15.5,127.5,0.26945807965000057,0.5820690716517367,41
-15.5,128.5,-0.09642902602497413,0.8088286305084,39
-15.5,129.5,-0.6072831754424622,0.0331538831191508,35
-15.5,130.5,-0.08771929824561465,0.9055957937612324,34
-15.5,131.5,0.16898148148148096,0.7668567682388833,34
-15.5,132.5,-0.11385681538877467,0.8240484528174716,37
-15.5,133.5,-1.0026859573833973,0.09670984960896452,37
-15.5,134.5,0.38587173753349124,0.504757480200261,37
-15.5,135.5,0.3868372895922242,0.30654284259023945,35
-15.5,136.5,-0.14992025518341368,0.7763884317697076,35
-15.5,137.5,0.7389596563664056,0.38087509602077263,37
-15.5,138.5,0.46167464101445005,0.3453056974481019,40
-15.5,139.5,-0.3089443919586294,0.4791861756075628,41
-15.5,140.5,0.38533420720816947,0.19647045178774414,41
-15.5,141.5,0.15160290138097193,0.7635561283061163,37
-15.5,142.5,-0.25264591460949193,0.5369017953048784,40
-15.5,143.5,0.39177460084718163,0.24731745742367417,41
-15.5,144.5,0.30148237179487225,0.47668240722040733,43
-15.5,145.5,-0.10970857344532475,0.7887194899032053,40
-15.5,146.5,0.03518118594828118,0.9349988039705048,40
-15.5,147.5,-0.27120546766686493,0.4791861756075628,41
-15.5,148.5,-0.8957739220234575,0.11825088388903625,35
-15.5,149.5,-0.5397085833634483,0.2819046108192158,36
-15.5,150.5,-0.6353499363921209,0.24695545939811314,36
-15.5,151.5,-0.06473447131341832,0.9037158067879053,39
-15.5,152.5,-0.1861750537252449,0.7887194899032053,40
-15.5,153.5,0.23951427032233774,0.6291146665070553,41
-15.5,154.5,0.329781111085538,0.4251795087510767,41
-15.5,155.5,-0.15233159352511144,0.8088286305084,39
-15.5,156.5,-0.5832475961867575,0.3453965562420982,39
-15.5,157.5,-1.059450812868778,0.07852551092654692,40
-15.5,158.5,0.103515625,0.8276288084144704,39
-15.5,159.5,1.5720817947557808e-05,1.0,40
-15.5,160.5,0.04315185617815621,0.930910680164664,42
-15.5,161.5,0.5324633581747205,0.38087509602077263,37
-15.5,162.5,-0.4410910545558202,0.4107427047210993,39
-15.5,163.5,-0.026495607539369637,0.9136991092503179,42
-15.5,164.5,-0.1462308793511478,0.7694978647855905,43
-15.5,165.5,0.22179487179487226,0.7531271266832608,39
-15.5,166.5,-0.48805658627087184,0.32122506421997354,39
-15.5,167.5,0.09307801035059027,0.8067106222830901,40
-15.5,168.5,0.6176373392035946,0.22482884061570196,42
-15.5,169.5,-0.15722609445040503,0.7276974359007813,41
-15.5,170.5,-0.8494905049783096,0.0752198467062146,43
-15.5,171.5,-0.7944806481591206,0.17282861084833245,40
-15.5,172.5,-0.4324440964986262,0.504757480200261,37
-15.5,173.5,-1.1568662818662818,0.01774065424093878,39
-15.5,174.5,-0.965100988849148,0.01774065424093878,39
-15.5,175.5,-1.1045013920942583,0.01890113810484906,41
-15.5,176.5,-0.9477409438481738,0.032995394669336355,40
-15.5,177.5,-0.5450775192001938,0.1259600310567378,37
-15.5,178.5,-0.018529598594254116,0.927053855932963,37
-15.5,179.5,-0.15392785453882574,0.7334631920155024,36
-15.5,180.5,-0.13963534420934248,0.7540675143570155,36
-15.5,181.5,-0.16758022012892576,0.6531878724354717,33
-15.5,182.5,0.30534788676235947,0.6292031763118552,35
-15.5,183.5,0.3011283926732962,0.37859457687479137,35
-15.5,184.5,-0.036975904003881954,0.9478599779684119,37
-15.5,185.5,-0.6213728917519318,0.19538604457720776,37
-15.5,186.5,-0.28195563789445105,0.6099979618746088,37
-15.5,187.5,-0.2769725979906094,0.5508678704577775,35
-15.5,188.5,0.10227996621015478,0.7220003552092338,34
-15.5,189.5,-0.20057337521398821,0.5335299141597474,34
-15.5,190.5,-0.4359138151465503,0.29940460703930927,34
-15.5,191.5,-0.3848980690043935,0.5052450905766701,33
-15.5,192.5,-0.6906507340657614,0.23563988710649852,34
-15.5,193.5,-0.5774560117302059,0.20234388657884772,34
-15.5,194.5,0.20898148868320676,0.7481053914270006,30
-15.5,195.5,0.4294108005521047,0.19908116182657798,28
-15.5,196.5,0.49998029331241567,0.15834511256712158,26
-15.5,197.5,0.8667081752055659,0.16070247376846514,28
-15.5,198.5,0.46875,0.5968073797467659,26
-15.5,199.5,-0.49356617647058876,0.4282542252410364,27
-15.5,200.5,-1.3787387763449521,0.0706988181459461,26
-15.5,201.5,0.1762213020127654,0.44193101201121243,24
-15.5,202.5,0.3999274233649238,0.3975873918299724,22
-15.5,203.5,0.6173537863067335,0.5350244506182873,22
-15.5,204.5,0.009677639848794812,0.975910003234818,21
-15.5,205.5,0.30659352075809,0.9016495048953725,17
-15.5,206.5,-0.656749859336066,0.25581804946653663,18
-15.5,207.5,-0.9555802048750827,0.14937517875498968,17
-15.5,208.5,-0.09329814707648892,0.9640893612679119,16
-15.5,209.5,0.6797079632420675,0.3004271167492414,16
-15.5,210.5,0.06117664079520524,0.8925584658515614,16
-15.5,211.5,0.5457949972351928,0.6614159170078631,14
-15.5,212.5,0.7185562994220607,0.6693340144640527,13
-15.5,215.5,-1.2446490128781207,0.07363827012030266,10
-15.5,216.5,0.2640086206896552,0.5334165134726944,11
-15.5,217.5,-0.02797619047619041,1.0,10
-14.5,30.5,-0.07352941176470588,0.5915050369949166,10
-14.5,31.5,0.38124999999999964,0.546443354962665,14
-14.5,32.5,0.38578570632798576,0.0957466564738153,16
-14.5,33.5,0.39375757990441174,0.31452486905097243,20
-14.5,34.5,0.40873015873015817,0.3375799754591595,27
-14.5,35.5,0.776315789473685,0.015664078399094845,34
-14.5,36.5,0.703125,0.016325339682913366,34
-14.5,37.5,0.6954887218045112,0.04168527148667449,38
-14.5,38.5,1.3484859719516742,0.013860537013784388,34
-14.5,39.5,1.6496084976682324,0.006697505189175834,33
-14.5,40.5,0.01701036879542489,0.9895648601306644,37
-14.5,41.5,-0.18236947079137905,0.38087509602077263,37
-14.5,42.5,-0.08320131092809274,0.8405809140670598,38
-14.5,43.5,0.09730746686984752,0.753082135935896,40
-14.5,44.5,0.5886772350265639,0.1833022339925804,39
-14.5,45.5,0.2970746431835181,0.507532735474822,41
-14.5,46.5,0.4601397230423615,0.23825744188756015,41
-14.5,47.5,0.09257235819735735,0.8453357931297271,42
-14.5,48.5,0.7370505531953706,0.08169227155835207,41
-14.5,49.5,0.9657645048713093,0.04912570463735361,43
-14.5,50.5,0.7677849830665023,0.12652460633655835,43
-14.5,51.5,0.7552070557244419,0.07465008977427949,40
-14.5,52.5,0.9589734694979595,0.019238550639031536,42
-14.5,53.5,-0.023702564541328262,0.990704029723175,40
-14.5,54.5,-0.23294328494888217,0.6114052024347297,39
-14.5,55.5,0.12287808641975317,0.648986688212116,42
-14.5,56.5,-0.10056940572211313,0.7847878138372517,44
-14.5,57.5,0.10218842378346946,0.7694978647855905,43
-14.5,58.5,0.19796631035901963,0.4852496795837916,44
-14.5,59.5,-0.26868226443534915,0.31667600886647385,44
-14.5,60.5,0.20517325594699456,0.47268784744188586,44
-14.5,61.5,0.7354648904899236,0.07672782335192403,44
-14.5,62.5,0.8700404927489944,0.038132858564131,44
-14.5,63.5,0.364507629532298,0.28823680135136065,44
-14.5,64.5,0.19611657773732763,0.5239955384561089,44
-14.5,65.5,-0.14449882184589669,0.6291146665070553,41
-14.5,66.5,-0.10431649129364631,0.7788649901956481,41
-14.5,67.5,-0.14438008954100023,0.661353237644444,41
-14.5,68.5,0.16124243368066038,0.5820690716517367,41
-14.5,69.5,0.14865193235380758,0.516431410692801,43
-14.5,70.5,0.4672791031448456,0.22084614564234595,41
-14.5,71.5,0.058998093989251287,0.8115533673850394,42
-14.5,72.5,0.31193413854214724,0.39080164551413843,43
-14.5,73.5,0.6170765781784354,0.10255197276540567,43
-14.5,74.5,0.08947124124859727,0.8179058629425171,43
-14.5,75.5,0.4678890092782525,0.08234132298454933,43
-14.5,76.5,0.6150117421724949,0.08739348112980251,44
-14.5,77.5,0.36618393350930145,0.4101432374855566,42
-14.5,78.5,0.6153850993964849,0.1214100320643294,43
-14.5,79.5,0.6965648860052681,0.11230009255971522,44
-14.5,80.5,0.1656952136075951,0.7694978647855905,43
-14.5,81.5,-0.12686070740209898,0.8342074867818815,43
-14.5,82.5,0.4805649664676672,0.20436652918574671,41
-14.5,83.5,0.052576735442355416,0.828404904759906,42
-14.5,84.5,0.08075787471939933,0.9000604006879467,43
-14.5,85.5,0.267500578979175,0.6451505807102356,41
-14.5,86.5,0.07709135053758918,0.901670538587607,41
-14.5,87.5,0.4921468807845165,0.1790013356721437,42
-14.5,88.5,0.5340962857020727,0.24872473553918228,40
-14.5,89.5,0.8496411967724126,0.03771778264913326,41
-14.5,90.5,0.38809693471295437,0.4488598208640492,40
-14.5,91.5,0.7281110443647063,0.16560248483061546,40
-14.5,92.5,0.6107925027599197,0.3220089692456941,40
-14.5,93.5,0.16486256282917042,0.7436890405792607,37
-14.5,94.5,0.3048308021541337,0.632840693851598,38
-14.5,95.5,0.2337097004554678,0.5801512457006335,38
-14.5,96.5,-0.06509373466285773,0.8796101413969478,40
-14.5,97.5,-0.03754847201415501,0.9398714539943918,38
-14.5,98.5,0.5532083176130302,0.09205896803641289,38
-14.5,99.5,1.0126692819859375,0.042639245657504966,37
-14.5,100.5,1.1517521223229785,0.0910305299729307,34
-14.5,101.5,-0.1657882988713992,0.8355864341125854,34
-14.5,102.5,-0.10607521411500898,0.8646652653123481,33
-14.5,103.5,1.4490940686861125,0.10145053336149581,32
-14.5,104.5,2.29410923565392,0.00035800799918550894,31
-14.5,105.5,1.2686487169861786,0.0490921578899666,33
-14.5,106.5,-0.12478445044234565,0.8355864341125854,34
-14.5,107.5,0.7452627805126915,0.2712871157829412,33
-14.5,108.5,1.740375409086599,0.00676599093999094,32
-14.5,109.5,0.953959740569959,0.06081694918575563,33
-14.5,110.5,0.5758402768587723,0.29940460703930927,34
-14.5,111.5,0.28961229497448343,0.5894353805253721,35
-14.5,112.5,0.5434273218812891,0.4431544530574595,35
-14.5,113.5,0.9034328313723738,0.17750773887281412,36
-14.5,114.5,0.47254776895946915,0.556163415969644,37
-14.5,115.5,-0.06969230299277651,0.9257330730002957,40
-14.5,116.5,1.4450785393716838,0.02935073106045927,40
-14.5,117.5,0.987241392118263,0.05914524746319665,39
-14.5,118.5,0.21788349731663653,0.6150513215653133,38
-14.5,119.5,-0.28518489304232286,0.556163415969644,37
-14.5,120.5,0.3034639708381364,0.632840693851598,38
-14.5,121.5,0.7407866860790785,0.2997628531295812,40
-14.5,122.5,0.39102801564840817,0.5016358122745783,42
-14.5,123.5,0.18568978132420327,0.6964285776954346,42
-14.5,124.5,0.27058852948171763,0.6345230397276371,44
-14.5,125.5,0.6757781717888101,0.1872884962268888,43
-14.5,126.5,0.2898700644223282,0.4383374552726653,41
-14.5,127.5,0.3801369863013693,0.414326973448099,43
-14.5,128.5,0.2783776856471203,0.6132517855744676,41
-14.5,129.5,-0.88535106462738,0.14118732660180083,41
-14.5,130.5,0.05283816425120769,0.930910680164664,42
-14.5,131.5,0.26567673707728784,0.5216481488445233,40
-14.5,132.5,-0.46242360580595776,0.4246421234065477,39
-14.5,133.5,-0.7487535612535617,0.1754654405428091,39
-14.5,134.5,-0.2703046679197994,0.5452829029299784,39
-14.5,135.5,0.4156029827120647,0.5452829029299784,39
-14.5,136.5,-0.7062113685890709,0.18028794638930246,40
-14.5,137.5,0.011489430007526526,0.9731197167307598,41
-14.5,138.5,-0.20675133261075038,0.5516478210183581,41
-14.5,139.5,-0.22659465135962842,0.5155350369501336,42
-14.5,140.5,0.07899561172876624,0.8505806821024309,43
-14.5,141.5,-0.24520143428386101,0.5584004547635599,42
-14.5,142.5,-0.16672743533616602,0.6964285776954346,42
-14.5,143.5,0.14708538013055394,0.6291146665070553,41
-14.5,144.5,0.3862500000000004,0.3706969845683531,39
-14.5,145.5,-0.11604317087263338,0.774848422162878,36
-14.5,146.5,0.01692636514065139,1.0,38
-14.5,147.5,0.02141728498599687,0.990704029723175,40
-14.5,148.5,-0.2731020292732473,0.563056451033163,38
-14.5,149.5,-0.6533903625804438,0.1075717833780356,38
-14.5,150.5,-1.7447726058537518,0.0018218638467875593,38
-14.5,151.5,-0.8837393486980284,0.0593238365527303,38
-14.5,152.5,-0.6238816545384915,0.1934342049120681,42
-14.5,153.5,0.29472058495999276,0.4488598208640492,40
-14.5,154.5,-0.5995915033724043,0.059148942010576674,41
-14.5,155.5,-0.08840236889730263,0.8662064065863085,41
-14.5,156.5,0.20982629988666307,0.770840345264592,40
-14.5,157.5,0.6753358004386,0.32678580538480595,38
-14.5,158.5,0.3270988204970011,0.25841287570987015,40
-14.5,159.5,0.8343412181090132,0.0453849737765619,37
-14.5,160.5,0.5585976523476526,0.26626505196565464,37
-14.5,161.5,0.6571174043510873,0.28709103347587495,39
-14.5,162.5,-0.11993740972414837,0.8179058629425171,43
-14.5,163.5,-0.25366705993081645,0.4638149773228277,43
-14.5,164.5,0.1913399770837549,0.8310096580691152,41
-14.5,165.5,0.7236705465005262,0.35790609486477887,39
-14.5,166.5,-0.43402292505217765,0.0827544697136204,38
-14.5,167.5,-0.553734750760891,0.22084614564234595,41
-14.5,168.5,-0.20495755859127907,0.5719835030644609,43
-14.5,169.5,-0.6237002032520327,0.08292122494939509,42
-14.5,170.5,-0.6522936688110692,0.12920748707657007,42
-14.5,171.5,0.09310222959049874,0.9164874459935288,40
-14.5,172.5,0.04024885092475602,0.961407429045934,39
-14.5,173.5,-0.7236842105263158,0.11581299001268638,39
-14.5,174.5,-0.589176245210727,0.14997121013477357,39
-14.5,175.5,-0.8617804834507581,0.037454161891628694,42
-14.5,176.5,-0.5436659663865543,0.07411898766808683,41
-14.5,177.5,-0.25209972745244097,0.5216481488445233,40
-14.5,178.5,-0.376349770811183,0.2762780286051475,39
-14.5,179.5,-0.5462184873949577,0.20868467068315721,38
-14.5,180.5,-0.5164628809399195,0.32678580538480595,38
-14.5,181.5,-0.29655092751161594,0.5252517359771474,33
-14.5,182.5,-0.14289627386192996,0.9024333200095812,36
-14.5,183.5,0.06510770379909658,0.9062974979468705,37
-14.5,184.5,-0.14779786210919668,0.7248282628697524,38
-14.5,185.5,-0.4059216996503683,0.35220493219511184,38
-14.5,186.5,-0.18683850886326664,0.4431544530574595,35
-14.5,187.5,0.7446535126901221,0.05971240157522326,34
-14.5,188.5,0.7189112493136665,0.1315212224059174,32
-14.5,189.5,0.624855632551528,0.13684527733025953,33
-14.5,190.5,0.5509641873278248,0.1093680867708039,34
-14.5,191.5,-0.04129018798423375,0.9382480146046129,33
-14.5,192.5,-0.987362883291265,0.09486107679233952,32
-14.5,193.5,-0.1430059878202294,0.8119200006410022,31
-14.5,194.5,-0.16983949693951836,0.6101267703127584,31
-14.5,195.5,0.9166666666666679,0.054000651353365896,30
-14.5,196.5,0.8305711276521826,0.1739206495334844,31
-14.5,197.5,1.011263955342903,0.10287454664474686,26
-14.5,198.5,-0.2691514922467992,0.7972523796379414,25
-14.5,199.5,-0.8861268931242079,0.20110491981248035,26
-14.5,200.5,-0.43190131124913717,0.37795959996135176,26
-14.5,201.5,-0.19041864088444976,0.8947871042097532,26
-14.5,202.5,-0.33427237021748757,0.7098436764690532,24
-14.5,203.5,-0.4399760740173958,0.7397638077281241,21
-14.5,204.5,-0.7156358557269884,0.5812547604118179,20
-14.5,205.5,0.1827498927080487,0.9211586502250249,15
-14.5,206.5,-1.064381976097334,0.3433216398435015,18
-14.5,207.5,-0.49565499752597764,0.42848041949799653,15
-14.5,208.5,0.5780378833134208,0.19821061903884274,15
-14.5,209.5,0.08012820512820484,0.9128140271840749,14
-14.5,210.5,0.6153397817460317,0.32229959587191925,15
-14.5,211.5,0.518170426065163,0.5526151250628484,15
-14.5,212.5,-0.1529606436879997,0.8580276569875211,10
-14.5,214.5,0.22048611111111072,0.6534220947553175,10
-13.5,31.5,0.15064102564102522,0.640428787412791,11
-13.5,32.5,0.18945888838162753,0.6614159170078631,14
-13.5,33.5,0.39273648648648685,0.04191987144829677,23
-13.5,34.5,0.4366469109195399,0.13026223878322818,24
-13.5,35.5,0.31835749971251964,0.27725679757119037,32
-13.5,36.5,0.4804435005633638,0.02630669219479247,32
-13.5,37.5,0.9376982573339285,7.78008595005054e-05,33
-13.5,38.5,0.5025570834394364,0.29198463590975887,31
-13.5,39.5,0.5731484948884109,0.06053600235803501,28
-13.5,40.5,0.3027508619011261,0.36145300334070685,36
-13.5,41.5,0.2646187832657098,0.539915857350804,36
-13.5,42.5,0.3211171937808535,0.5917967492239535,37
-13.5,43.5,0.2097743124570954,0.4881961566987404,37
-13.5,44.5,0.9702160493827149,0.0702408633894631,38
-13.5,45.5,-0.36586978502376605,0.5045014597713458,36
-13.5,46.5,0.03498143148547604,0.7961487032320338,41
-13.5,47.5,0.08823227566888842,0.6777161122500928,41
-13.5,48.5,-0.06603335415915895,0.8485702914543127,41
-13.5,49.5,0.4634599504541709,0.21665846771152952,42
-13.5,50.5,0.7090597286148042,0.18135303115367463,41
-13.5,51.5,1.0403404282955964,0.008302708612703743,41
-13.5,52.5,1.1642888242290361,0.001527642073308946,39
-13.5,53.5,0.5902777777777778,0.13361124376778633,39
-13.5,54.5,0.7250670183327563,0.03973739578667363,39
-13.5,55.5,0.9331288972371292,0.010539001199870947,42
-13.5,56.5,0.21760981930016304,0.7063555824925177,43
-13.5,57.5,0.4176765747210398,0.22874529700344437,44
-13.5,58.5,0.3125214715440142,0.3265515945621936,44
-13.5,59.5,-0.3256144442235447,0.18518164530957248,44
-13.5,60.5,0.2280755439445129,0.4360985999947923,44
-13.5,61.5,0.8112485480391614,0.04232690968053381,43
-13.5,62.5,1.1269804324248636,0.0009417850609519687,44
-13.5,63.5,0.9373734354902121,0.00048406903355287565,44
-13.5,64.5,0.4975075582603,0.05338122053679904,44
-13.5,65.5,0.5870019760670995,0.062317355978733335,42
-13.5,66.5,-0.11219351114911096,0.7219721517415344,43
-13.5,67.5,-0.072576308958201,0.828404904759906,42
-13.5,68.5,0.12303280185004875,0.7947886866284579,42
-13.5,69.5,0.2914059664724111,0.5016358122745783,42
-13.5,70.5,0.35949993280924575,0.2411460322383383,43
-13.5,71.5,0.1556564364298237,0.67549619466395,43
-13.5,72.5,0.2780657069127323,0.46115733267686354,42
-13.5,73.5,0.4078144183629842,0.46030716787530535,44
-13.5,74.5,0.05851116667007042,0.9114126436396226,44
-13.5,75.5,0.6077372859267273,0.0420558851936368,44
-13.5,76.5,0.2425573697207084,0.1736702772203822,43
-13.5,77.5,0.23617393907727602,0.46030716787530535,44
-13.5,78.5,-0.027652594410592406,0.9833008244315274,43
-13.5,79.5,0.2305921864513607,0.5506799969195222,44
-13.5,80.5,0.06846848116736098,0.9000604006879467,43
-13.5,81.5,0.43534811753701386,0.19896310814724016,44
-13.5,82.5,0.7001684233828269,0.10703273315951566,43
-13.5,83.5,0.25010751872090686,0.414326973448099,43
-13.5,84.5,-0.6328372365197159,0.12385910748901892,41
-13.5,85.5,-0.22697183584505942,0.516431410692801,43
-13.5,86.5,-0.15631679365007045,0.5975679869340738,41
-13.5,87.5,0.49668095625718933,0.11846727616685725,41
-13.5,88.5,0.622250353813152,0.10823718866402149,41
-13.5,89.5,1.0137746629581932,0.04680582338209154,41
-13.5,90.5,0.40102100811540153,0.3696497329509345,40
-13.5,91.5,0.2777277927772672,0.6291146665070553,41
-13.5,92.5,-0.1762043603930788,0.8655164609304618,39
-13.5,93.5,0.09038648639457136,0.8453357931297271,42
-13.5,94.5,0.4262298177698048,0.19972540519351434,38
-13.5,95.5,-0.15790953464120436,0.6874625535563468,38
-13.5,96.5,-0.2722065657629817,0.46795381352609333,39
-13.5,97.5,-0.3353238515640099,0.2689803649247009,42
-13.5,98.5,0.6195429813334549,0.08256310085481298,40
-13.5,99.5,0.424880914019688,0.2211942719822526,40
-13.5,100.5,0.5378218237085042,0.3486070834489362,35
-13.5,101.5,-0.438552433108812,0.45597179082236294,37
-13.5,102.5,-0.037764143447898135,0.8870686942118248,35
-13.5,103.5,0.8632614864268834,0.13762928522835532,36
-13.5,104.5,0.31376802042502205,0.47765973512758664,35
-13.5,105.5,-0.2500149450023906,0.5894353805253721,35
-13.5,106.5,-0.8551459973646686,0.09670984960896452,37
-13.5,107.5,0.13666132782277796,0.820250411786219,35
-13.5,108.5,0.3172581291721424,0.31389928595925765,37
-13.5,109.5,0.19854289298509145,0.5580781774416292,36
-13.5,110.5,0.43245447132372855,0.2373013210375159,38
-13.5,111.5,0.5100141463777829,0.14628055684434427,34
-13.5,112.5,0.04624717415202668,0.9687017187842498,37
-13.5,113.5,0.8278218694885362,0.027691398345963878,39
-13.5,114.5,0.2731618400632481,0.546208417913761,38
-13.5,115.5,0.8562722949681911,0.024534793626321022,40
-13.5,116.5,1.0685597216779863,0.021051395411657386,40
-13.5,117.5,0.3746875245418304,0.33352610308834585,40
-13.5,118.5,0.01838235294117647,0.942139359457642,39
-13.5,119.5,-0.7270753919363102,0.051324893600682084,37
-13.5,120.5,-0.829860305571206,0.2578567219573975,38
-13.5,121.5,-0.6846933264068533,0.11326125914478817,41
-13.5,122.5,-0.04333272853730108,0.8965279189482994,42
-13.5,123.5,-0.22289222292690702,0.6646547813082152,42
-13.5,124.5,-0.38423295454545325,0.346250063352757,43
-13.5,125.5,-0.45596306047379515,0.32937921868675046,42
-13.5,126.5,0.4506752712870197,0.4511433381462897,43
-13.5,127.5,0.4788172001641517,0.2328466829852629,43
-13.5,128.5,-0.5187585809551839,0.34024045120657065,42
-13.5,129.5,-0.386702484382198,0.4081104204610595,40
-13.5,130.5,0.7348802354600625,0.1861143787191537,42
-13.5,131.5,-0.2445285224952246,0.5439213911923737,42
-13.5,132.5,-0.12218555900621104,0.8623384168158529,42
-13.5,133.5,0.2704836829836826,0.5369017953048784,40
-13.5,134.5,0.5207600161410328,0.3898895337647029,34
-13.5,135.5,-0.552991071428572,0.351206894526375,41
-13.5,136.5,-0.5563398371203333,0.266154543300259,41
-13.5,137.5,-0.15112627383714994,0.6334724060856932,42
-13.5,138.5,-0.589845512052461,0.03192885401922455,41
-13.5,139.5,-0.3329363703125219,0.3174835513106081,41
-13.5,140.5,0.5150155282390221,0.18880018541004573,41
-13.5,141.5,-0.3952413774319615,0.2657461083422321,39
-13.5,142.5,0.04036784670008357,0.9136991092503179,42
-13.5,143.5,-0.5349950071715623,0.38221215176158163,40
-13.5,144.5,0.2656249999999982,0.448081548716583,42
-13.5,145.5,0.3908132530120483,0.30956401229803665,39
-13.5,146.5,-0.26906132518796966,0.38502356531620374,43
-13.5,147.5,0.41865679322096416,0.3859468605971169,42
-13.5,148.5,0.21406706431437184,0.7276974359007813,41
-13.5,149.5,-0.3696840222575523,0.3859468605971169,42
-13.5,150.5,-0.7469396084104241,0.04895023859965303,40
-13.5,151.5,-0.7716953702726065,0.0345139910383244,43
-13.5,152.5,-0.2134926854754424,0.6334724060856932,42
-13.5,153.5,0.17164313759454877,0.7781182480506512,42
-13.5,154.5,0.49517090854082463,0.18028794638930246,40
-13.5,155.5,0.03359964077393639,0.9166502013630717,43
-13.5,156.5,0.07085189642989095,0.9164874459935288,40
-13.5,157.5,0.29352678375184954,0.6834306388633604,40
-13.5,158.5,-0.34299617350403544,0.4383374552726653,41
-13.5,159.5,-0.018254047151676406,1.0,38
-13.5,160.5,0.8504401961473101,0.09421734525006324,41
-13.5,161.5,0.1690146111314253,0.6664041829849279,40
-13.5,162.5,-0.1681997962060653,0.700619648328836,40
-13.5,163.5,0.590504259205096,0.22943429057595655,41
-13.5,164.5,-0.0067686628554975165,0.990704029723175,40
-13.5,165.5,-0.07628381731421206,0.8088286305084,39
-13.5,166.5,-0.8566596281369687,0.030589851276307516,38
-13.5,167.5,-0.7030125047366431,0.14051257074997378,42
-13.5,168.5,-0.6072356090204312,0.11166721889060978,43
-13.5,169.5,-0.6529563184258955,0.09114279884429305,40
-13.5,170.5,-0.5514415861316281,0.15860607706086882,40
-13.5,171.5,-0.5013424185463662,0.29622163753056174,41
-13.5,172.5,-0.13820155735442485,0.6777161122500928,41
-13.5,173.5,-0.2429945849137975,0.5614764462408652,39
-13.5,174.5,-0.39165024567514295,0.23582237975362752,39
-13.5,175.5,-0.6297886199272875,0.05168804975531464,40
-13.5,176.5,-0.39257978334065297,0.03325015974325361,39
-13.5,177.5,-0.3451173848558664,0.24731745742367417,41
-13.5,178.5,-0.6737117226467265,0.11326125914478817,41
-13.5,179.5,-0.3741444959058181,0.29818612881587525,39
-13.5,180.5,-0.37434030543824043,0.30258950281847785,38
-13.5,181.5,-0.21314102564102513,0.4210494421975055,38
-13.5,182.5,0.2722847387205941,0.4537672973691913,36
-13.5,183.5,0.45891327483371913,0.31389928595925765,37
-13.5,184.5,0.36031231799650537,0.3926123103751683,38
-13.5,185.5,0.20988139449004004,0.5974854542954886,38
-13.5,186.5,-0.3439767563701879,0.2582511905140965,36
-13.5,187.5,0.7433624723774861,0.15469367377127763,34
-13.5,188.5,0.9111101017441858,0.049702740867608466,30
-13.5,189.5,0.5858988531146168,0.17831360778170335,32
-13.5,190.5,0.7926082862523536,0.02673101668251787,35
-13.5,191.5,-0.1769683752949871,0.7827940862749598,32
-13.5,192.5,-0.5340605531005505,0.1533785068859166,31
-13.5,193.5,-0.15193207001923237,0.7596537518193331,31
-13.5,194.5,0.04744689981255723,0.9136301036401862,33
-13.5,195.5,0.2841666666666664,0.4977975765265772,30
-13.5,196.5,0.8826086956521737,0.26027849278171566,27
-13.5,197.5,0.039457229488039515,0.8701367570919353,25
-13.5,198.5,0.4600607114911659,0.5261780967197713,23
-13.5,199.5,-0.10129438939587693,0.9012978441563574,24
-13.5,200.5,0.3854458152574136,0.5351853194474852,24
-13.5,201.5,0.19717287570426398,0.7513001501987963,23
-13.5,202.5,-1.9089960739023328,0.06273522885003777,22
-13.5,203.5,-1.3002317687422429,0.08041700045141827,22
-13.5,204.5,-0.2248570686070691,0.6117600292546322,22
-13.5,205.5,0.21711082229174394,0.9016495048953725,17
-13.5,206.5,-0.6363557858376513,0.8430852292699837,15
-13.5,207.5,0.4079101562500004,0.8430852292699837,15
-13.5,208.5,-0.014269179894179789,0.9640893612679119,16
-13.5,209.5,-0.022061082736185962,0.9640893612679119,16
-13.5,210.5,0.6204591920594665,0.22413430196016682,16
-13.5,211.5,0.8024220867208677,0.511220344688192,14
-13.5,212.5,0.06884592060329017,1.0,10
-13.5,214.5,0.29592803030303055,0.7876157667022055,10
-12.5,31.5,0.33024777853442827,0.5829505577618919,13
-12.5,32.5,-0.0812180715197957,0.7603323075218761,13
-12.5,33.5,0.32476128472222143,0.5288645203641904,19
-12.5,34.5,0.2553763440860219,0.3975873918299724,22
-12.5,35.5,0.2585073884626314,0.1821375864449275,27
-12.5,36.5,0.28767767558528395,0.16404343214420547,30
-12.5,37.5,0.302671000553896,0.5270983110287552,32
-12.5,38.5,1.0323113849496166,0.0241906962991752,32
-12.5,39.5,0.9169139146886811,0.017336219440732988,31
-12.5,40.5,0.4643707275390625,0.23582237975362752,39
-12.5,41.5,0.42650462962962976,0.23290059118518391,35
-12.5,42.5,0.3117617938289845,0.42497974024989427,37
-12.5,43.5,-0.03634125083523071,0.8856049474550872,37
-12.5,44.5,-0.14199857226337542,0.6495079756621349,35
-12.5,45.5,0.059780562117011424,0.8655164609304618,39
-12.5,46.5,-0.14156444040587618,0.6664041829849279,40
-12.5,47.5,-0.3392395280094501,0.351206894526375,41
-12.5,48.5,-0.2996074343749941,0.47726203508105114,40
-12.5,49.5,-0.27840856457993646,0.47726203508105114,40
-12.5,50.5,0.03344784421434489,0.9721171358417333,40
-12.5,51.5,0.5577229734735845,0.12745727477614618,39
-12.5,52.5,0.8161378775356578,0.05158652234795686,43
-12.5,53.5,0.6446744409824046,0.13476842433139016,42
-12.5,54.5,0.6139871286532452,0.09421734525006324,41
-12.5,55.5,0.8051591146582067,0.021304326357000327,41
-12.5,56.5,0.7061959695338675,0.021313046850502212,43
-12.5,57.5,0.7772220264202172,0.015183282740178328,43
-12.5,58.5,0.46913498032532264,0.18518164530957248,44
-12.5,59.5,0.059609544927254586,0.8003790608501801,44
-12.5,60.5,0.4393326117350915,0.1658526005713854,44
-12.5,61.5,0.8181251135176839,0.01844195327937014,44
-12.5,62.5,0.8598816209486491,0.02167945281843703,44
-12.5,63.5,1.1953791323833742,0.0007570204552799284,44
-12.5,64.5,0.8891410359954738,0.006923366491607887,44
-12.5,65.5,0.8030410264254597,0.01066271081493743,43
-12.5,66.5,0.25448374265194385,0.29751878206452487,44
-12.5,67.5,0.2647100100141889,0.3681063271849119,43
-12.5,68.5,-0.08999826183362516,0.6181176400135012,42
-12.5,69.5,0.23502456004830644,0.5220292746208864,41
-12.5,70.5,-0.09582899934220594,0.7287442378062506,42
-12.5,71.5,-0.2425342995497148,0.4360985999947923,44
-12.5,72.5,0.021274191211770568,0.9499317198507831,43
-12.5,73.5,0.6493159245848601,0.1318042280915117,44
-12.5,74.5,0.8016465966638521,0.04912570463735361,43
-12.5,75.5,0.37348928827578204,0.29531084070475133,43
-12.5,76.5,0.003111609256629677,0.9833008244315274,43
-12.5,77.5,0.26055108454360626,0.15975903067588082,44
-12.5,78.5,0.10043413319743233,0.7063555824925177,43
-12.5,79.5,0.3426129259637295,0.47268784744188586,44
-12.5,80.5,-0.09848871635620773,0.7847878138372517,44
-12.5,81.5,0.10765171458040415,0.8317953693672806,44
-12.5,82.5,-0.02159525257351445,0.9833008244315274,43
-12.5,83.5,-0.06486933211777819,0.8476082739456742,44
-12.5,84.5,-0.23584303513071614,0.6602647550462682,43
-12.5,85.5,-0.5748668774928538,0.16080587689971526,43
-12.5,86.5,-0.3467667657174631,0.4488598208640492,40
-12.5,87.5,0.7216586183846552,0.08292122494939509,42
-12.5,88.5,0.8257536320028585,0.12652460633655835,43
-12.5,89.5,-0.3282191353574362,0.4744436456632575,42
-12.5,90.5,-0.1290730181312711,0.8662064065863085,41
-12.5,91.5,-0.06337098568466748,0.8135330043961142,41
-12.5,92.5,0.01784270410750527,1.0,42
-12.5,93.5,0.1471324807192406,0.6808572133380827,39
-12.5,94.5,1.1237860182828585,0.020419129858165606,40
-12.5,95.5,0.5422205977907725,0.13999263656729635,39
-12.5,96.5,0.2681455399061022,0.3788412517838009,38
-12.5,97.5,-0.1332969985419189,0.8248046168337547,40
-12.5,98.5,-0.15069116220033368,0.7108952874500365,41
-12.5,99.5,0.3380863927738932,0.2762780286051475,39
-12.5,100.5,-0.08259405144598041,0.8980212621322816,40
-12.5,101.5,-0.5018773329963446,0.36537154850862097,38
-12.5,102.5,-0.5958711651369025,0.30698585474987417,36
-12.5,103.5,-0.4108796296296292,0.5508678704577775,35
-12.5,104.5,-0.20020897864825857,0.6928385117296678,36
-12.5,105.5,-0.30164727050162354,0.6495079756621349,35
-12.5,106.5,0.09770704996577706,0.8870686942118248,35
-12.5,107.5,0.3803478878103782,0.5220542678768723,36
-12.5,108.5,0.06402439024390258,0.8276288084144704,39
-12.5,109.5,-0.5133872898060984,0.15911527765643207,38
-12.5,110.5,0.15625,0.7901381702817245,39
-12.5,111.5,-0.10676328215460126,0.770840345264592,40
-12.5,112.5,0.25077160493827183,0.19105038913843664,38
-12.5,113.5,0.19981942875964606,0.5508678704577775,35
-12.5,114.5,0.19805554317980825,0.6530785762864474,36
-12.5,115.5,0.6356125914315571,0.06279476272993412,38
-12.5,116.5,-0.026704028612328373,0.8796101413969478,40
-12.5,117.5,0.23003472222222252,0.435219001789256,42
-12.5,118.5,-0.06628787878787878,0.6986822359824363,39
-12.5,119.5,-0.5518281058233586,0.05790218119568991,37
-12.5,120.5,-0.614872685185185,0.0664319208094236,38
-12.5,121.5,-0.37791496815307746,0.16538510374217374,42
-12.5,122.5,-0.6333719966881862,0.08292122494939509,42
-12.5,123.5,-1.194526192552192,0.007768495537450971,41
-12.5,124.5,-1.6895012917475443,0.008174287438533805,40
-12.5,125.5,-0.17679385493750804,0.6783726944702002,44
-12.5,126.5,-0.08494787510449875,0.7781182480506512,42
-12.5,127.5,-0.24178071103023266,0.5438546354123606,43
-12.5,128.5,-0.5377045348293592,0.19438626928107727,43
-12.5,129.5,0.411011555033293,0.35132852409266013,42
-12.5,130.5,0.2430950538142721,0.6132517855744676,41
-12.5,131.5,0.31862627468189786,0.3950329766408668,40
-12.5,132.5,-0.18000533632449695,0.5155350369501336,42
-12.5,133.5,0.213645117137765,0.6646547813082152,42
-12.5,134.5,-0.7079458739695808,0.08676736221250979,40
-12.5,135.5,-0.7887235817575089,0.04912570463735361,43
-12.5,136.5,-0.11716981132075546,0.785544411956157,43
-12.5,137.5,0.13659785852588532,0.7616899520580042,41
-12.5,138.5,-0.057188597775175404,0.8845825962766167,39
-12.5,139.5,-0.5870624895215392,0.13284330966269112,40
-12.5,140.5,0.023253758748372398,0.9481546239300995,42
-12.5,141.5,0.4604658108822428,0.20868467068315721,38
-12.5,142.5,-0.5040634674922603,0.09403879939083565,43
-12.5,143.5,-0.22023123293642657,0.5879084322109032,42
-12.5,144.5,-0.6093245489135641,0.1053410585646772,40
-12.5,145.5,-0.671339928762952,0.27593433728642713,41
-12.5,146.5,-0.10913825757575898,0.8453357931297271,42
-12.5,147.5,-0.10013017587122991,0.7616899520580042,41
-12.5,148.5,0.2772658775307653,0.6284746536839203,39
-12.5,149.5,0.03586944765432468,0.9373320419227238,41
-12.5,150.5,0.1991038350988,0.6777161122500928,41
-12.5,151.5,-0.40535990227196894,0.32937921868675046,42
-12.5,152.5,-0.38307541863431605,0.15383630866989784,44
-12.5,153.5,-0.14086086790304175,0.7446315154396081,41
-12.5,154.5,0.13960531210238897,0.8179058629425171,43
-12.5,155.5,-0.1139711584075319,0.7233394974219045,44
-12.5,156.5,0.17749615933872204,0.7354536181171747,40
-12.5,157.5,-0.5447491496598644,0.2328466829852629,43
-12.5,158.5,-0.25674869538178935,0.6664041829849279,40
-12.5,159.5,0.15993137973398558,0.7531271266832608,39
-12.5,160.5,0.07791585126753597,0.8048167280364196,41
-12.5,161.5,0.02716083725887197,0.9552145926892925,41
-12.5,162.5,0.2820585025751069,0.36293485816471427,41
-12.5,163.5,0.370044981476536,0.3871160541691657,41
-12.5,164.5,-0.14313326704128468,0.7628611639449314,38
-12.5,165.5,-0.32591753637918774,0.3926123103751683,38
-12.5,166.5,-0.5026330845347889,0.28595642810117994,41
-12.5,167.5,-0.9619677197802197,0.0027614995745816125,43
-12.5,168.5,-1.3377178660256877,0.017791022959138696,41
-12.5,169.5,-0.8329347515958061,0.08988158946826487,41
-12.5,170.5,0.1778079903749823,0.661353237644444,41
-12.5,171.5,-0.4577879775258631,0.11044599236405402,40
-12.5,172.5,-0.04818223721507511,0.8465282828044682,39
-12.5,173.5,-0.45469401817639954,0.233217008256964,42
-12.5,174.5,-0.487103174603174,0.13794566169862826,38
-12.5,175.5,-0.5617330575566319,0.12745727477614618,39
-12.5,176.5,-1.2463530971663652,0.00254769872740663,40
-12.5,177.5,-0.3577514185092623,0.3453965562420982,39
-12.5,178.5,-0.3207145069943519,0.3696497329509345,40
-12.5,179.5,-0.20103500828598408,0.6284746536839203,39
-12.5,180.5,-0.15003769639905773,0.8405809140670598,38
-12.5,181.5,0.07782038284064738,0.9478599779684119,37
-12.5,182.5,0.9680514151923703,0.02153870474869155,39
-12.5,183.5,1.5926043864188202,0.0004513311834541008,39
-12.5,184.5,0.5674253606436198,0.13794566169862826,38
-12.5,185.5,-0.11926470281325763,0.7348263750767032,39
-12.5,186.5,-0.21205481094255818,0.5952698888863501,36
-12.5,187.5,0.2577076905342539,0.5580781774416292,36
-12.5,188.5,0.0815121805939584,0.8870686942118248,35
-12.5,189.5,0.5028527004961656,0.21303867828843515,34
-12.5,190.5,0.1171875,0.5935629766221353,34
-12.5,191.5,-0.595238095238095,0.20234388657884772,34
-12.5,192.5,-0.6992140100295569,0.10834142617557846,30
-12.5,193.5,-0.2342357893799003,0.5633463699559165,31
-12.5,194.5,0.2813852813852818,0.5633463699559165,31
-12.5,195.5,0.43145430249019956,0.40435063820524453,27
-12.5,196.5,0.7178825964296903,0.24369251012790516,24
-12.5,197.5,-0.18745633145109025,0.747106327334731,24
-12.5,198.5,0.2744465258644023,0.7098436764690532,24
-12.5,199.5,1.3054027248996614,0.090976463086059,23
-12.5,200.5,0.7701178297405914,0.3417178800455669,23
-12.5,201.5,0.09821428571428521,1.0,23
-12.5,202.5,-0.9487563543936083,0.46346928023769907,22
-12.5,203.5,-0.5362889566395664,0.5727823105937271,22
-12.5,204.5,-0.35567468294098115,0.8799878558277134,21
-12.5,205.5,-1.0838349099852953,0.04780459789390245,20
-12.5,206.5,-1.685017596782303,0.008014957359750854,18
-12.5,207.5,-0.08680555555555655,0.9128140271840749,14
-12.5,208.5,1.0124728391422066,0.2762784158080178,15
-12.5,209.5,0.3489540932474027,0.7526419827681854,16
-12.5,210.5,0.8197219421224267,0.19167059142275544,16
-12.5,211.5,0.16533367733058205,0.8762696636277617,11
-11.5,32.5,0.1844618055555558,0.7205147871362552,10
-11.5,33.5,0.4659032260670377,0.38701399031522477,17
-11.5,34.5,0.7824900793650791,0.23423926303398213,19
-11.5,35.5,0.47510808270676635,0.1411929728237963,25
-11.5,36.5,-0.17131275480525804,0.3812637215931578,27
-11.5,37.5,0.20203877005347506,0.5878049630676369,27
-11.5,38.5,0.581259393182985,0.25246050425043143,25
-11.5,39.5,0.3056420001124025,0.45563422360192884,32
-11.5,40.5,0.4136607203583331,0.24755577818020225,34
-11.5,41.5,0.3397646401916929,0.18900350850385061,32
-11.5,42.5,0.9815520456401292,0.014989907887240058,33
-11.5,43.5,1.0250786777775414,0.009979477555722316,37
-11.5,44.5,0.10055454541943804,0.7540675143570155,36
-11.5,45.5,-0.12680681714491845,0.7547126102355206,35
-11.5,46.5,-0.289180705904772,0.39416640444789575,35
-11.5,47.5,-0.16331444188536065,0.5136072924876847,39
-11.5,48.5,-0.25630676726946866,0.6163750034803586,40
-11.5,49.5,-0.1365295516846128,0.7354536181171747,40
-11.5,50.5,0.02667361722780713,0.919481045938793,41
-11.5,51.5,0.06825284293044198,0.7788649901956481,41
-11.5,52.5,0.1577920623721651,0.632869142286627,40
-11.5,53.5,0.2421481225654124,0.36293485816471427,41
-11.5,54.5,0.07455654381063227,0.7276974359007813,41
-11.5,55.5,0.7700509895708942,0.002358564725582935,40
-11.5,56.5,0.6663247872588449,0.02691890042169844,41
-11.5,57.5,0.1296287646525751,0.4897429301593238,43
-11.5,58.5,0.2779738890363013,0.29531084070475133,43
-11.5,59.5,0.5642649200923638,0.04912570463735361,43
-11.5,60.5,0.525038495228832,0.04160705071888318,42
-11.5,61.5,0.2128149989602435,0.346250063352757,43
-11.5,62.5,0.1487602674779814,0.5438546354123606,43
-11.5,63.5,0.2260281942208664,0.40119789259699423,44
-11.5,64.5,0.5868909305973067,0.021313046850502212,43
-11.5,65.5,0.7233685279632817,0.022863431302471683,44
-11.5,66.5,0.4935819243156193,0.1736702772203822,43
-11.5,67.5,0.35559258649696446,0.40246125139431455,43
-11.5,68.5,0.4520671206817647,0.31874518262725193,42
-11.5,69.5,0.684145480225989,0.06542306610469041,42
-11.5,70.5,-0.3465454202713298,0.48793753671895557,42
-11.5,71.5,-0.17063475282276866,0.6181176400135012,42
-11.5,72.5,-0.2289939413265305,0.40246125139431455,43
-11.5,73.5,0.40438426053295623,0.40119789259699423,44
-11.5,74.5,0.31104472622223417,0.414326973448099,43
-11.5,75.5,0.5131476753461544,0.18038393817009857,43
-11.5,76.5,0.5431533219696701,0.2506536089538406,42
-11.5,77.5,0.4474516053880051,0.14287757777265858,43
-11.5,78.5,-0.10583752576599299,0.7947886866284579,42
-11.5,79.5,-0.3461574357715209,0.5719835030644609,43
-11.5,80.5,0.14890915250838638,0.6602647550462682,43
-11.5,81.5,0.23349665794052016,0.5016358122745783,42
-11.5,82.5,-0.3877656601490425,0.33662512075788886,44
-11.5,83.5,-0.23033430801091215,0.42427491772837767,44
-11.5,84.5,-0.26448545482603103,0.5919199160567152,44
-11.5,85.5,0.13006846418900153,0.8016826064347501,43
-11.5,86.5,0.08894595658090253,0.7961487032320338,41
-11.5,87.5,0.8532495982002481,0.024185036295084422,42
-11.5,88.5,0.6038787543706098,0.15256341552303945,42
-11.5,89.5,-0.5162726720491851,0.3174835513106081,41
-11.5,90.5,-0.6816549111807744,0.1790013356721437,42
-11.5,91.5,-0.06575905367457852,0.9552145926892925,41
-11.5,92.5,-0.10192311535502632,0.7788649901956481,41
-11.5,93.5,-0.06898084072056704,0.883909392651155,41
-11.5,94.5,0.1354486478270503,0.6132517855744676,41
-11.5,95.5,0.5220819063926951,0.2764169138485879,43
-11.5,96.5,0.37994882880910685,0.5296315348267777,42
-11.5,97.5,-0.20412146614069648,0.6964285776954346,42
-11.5,98.5,-0.6603845484738458,0.1537367181744661,41
-11.5,99.5,-0.32801464350536685,0.4246421234065477,39
-11.5,100.5,0.11820205954649714,0.8612638836213089,40
-11.5,101.5,0.4525334001037328,0.33935033795235936,40
-11.5,102.5,-0.24795659525848646,0.6471242716513834,37
-11.5,103.5,0.11986438920387268,0.8168835068089898,36
-11.5,104.5,-0.288124234068628,0.5531960543178076,34
-11.5,105.5,0.007674114331723084,1.0,35
-11.5,106.5,0.7930958878362216,0.1305544066089274,36
-11.5,107.5,0.38343729998243914,0.33934271674572325,38
-11.5,108.5,0.6547070802005013,0.18265591265350245,38
-11.5,109.5,-0.122387993609678,0.7628611639449314,38
-11.5,110.5,0.25800622316345995,0.6099979618746088,37
-11.5,111.5,-0.6324404761904763,0.02365749261610542,37
-11.5,112.5,-0.07367221861242745,0.8594521306883358,36
-11.5,113.5,-0.006447232607025606,1.0,35
-11.5,114.5,-0.38378213146893436,0.2582511905140965,36
-11.5,115.5,0.09683579498920628,0.7835801504291398,37
-11.5,116.5,-0.1397118132689484,0.5296140782563044,38
-11.5,117.5,0.04790056563620062,0.8209725423085437,38
-11.5,118.5,0.04464285714285714,0.8835141491217923,43
-11.5,119.5,-0.5275704904814731,0.006791530712635128,41
-11.5,120.5,-0.7085422169078482,0.004305554387414633,39
-11.5,121.5,-0.7796325051759835,0.00025893633995803875,39
-11.5,122.5,-0.9029732582688256,2.3726800125286095e-05,42
-11.5,123.5,-1.1500140707821642,5.524165962468231e-05,41
-11.5,124.5,-1.0682064665882924,0.0013132882518654572,43
-11.5,125.5,-0.4658210132145421,0.1381516462628412,41
-11.5,126.5,-0.22894654780247933,0.39080164551413843,43
-11.5,127.5,-0.5337122851626538,0.031888692179085805,42
-11.5,128.5,-0.34030773841802486,0.2496515050691538,43
-11.5,129.5,-0.07512262586098133,0.901670538587607,41
-11.5,130.5,-0.294402287746938,0.42144237894257297,40
-11.5,131.5,0.016198200360921077,0.9481546239300995,42
-11.5,132.5,-0.5614081872179288,0.2328466829852629,43
-11.5,133.5,-0.11615020523176105,0.8115533673850394,42
-11.5,134.5,-0.23015045042410615,0.6495478982562364,40
-11.5,135.5,-0.37430816624895635,0.3859468605971169,42
-11.5,136.5,0.44007297050775385,0.22084614564234595,41
-11.5,137.5,-0.025131892999869773,0.942139359457642,39
-11.5,138.5,-0.6472340515782132,0.04145690967579192,40
-11.5,139.5,-0.7533679206611033,0.015875547141379124,40
-11.5,140.5,-0.644076099730943,0.032995394669336355,40
-11.5,141.5,0.23144113713430947,0.40246125139431455,43
-11.5,142.5,-0.05600516068496272,0.8835141491217923,43
-11.5,143.5,-0.3351596320346317,0.09403879939083565,43
-11.5,144.5,-0.05176727434982224,0.8115533673850394,42
-11.5,145.5,0.34603336263313533,0.25661600271303897,41
-11.5,146.5,-0.1833599578489733,0.632869142286627,40
-11.5,147.5,0.22686863115873496,0.5213811743123279,38
-11.5,148.5,0.2811295248022141,0.3908282308519907,36
-11.5,149.5,-0.11332508608230507,0.8240484528174716,37
-11.5,150.5,0.11020070047720466,0.8310096580691152,41
-11.5,151.5,-0.285909513199483,0.33934271674572325,38
-11.5,152.5,-0.9301001571600835,0.10403298714422621,42
-11.5,153.5,0.22457920528390377,0.67549619466395,43
-11.5,154.5,-0.580654645219701,0.16711655519767832,41
-11.5,155.5,-1.0456062105488397,0.020161788172325775,43
-11.5,156.5,-0.13793519664874498,0.7446315154396081,41
-11.5,157.5,0.4313998249087343,0.23929351176558455,40
-11.5,158.5,0.13051470588235337,0.7166749729859458,39
-11.5,159.5,0.24791492714056756,0.4629394880460814,40
-11.5,160.5,0.6188997967113506,0.14118732660180083,41
-11.5,161.5,0.028059023768614362,0.9552145926892925,41
-11.5,162.5,-0.33268337493882716,0.5016358122745783,42
-11.5,163.5,-0.28169813630595897,0.4081104204610595,40
-11.5,164.5,-0.062224335400813555,0.8649901175825423,37
-11.5,165.5,0.432856346805566,0.36293485816471427,41
-11.5,166.5,-0.26083323076574416,0.46534374401080913,41
-11.5,167.5,-0.8212057405331996,0.005161904401369395,41
-11.5,168.5,-0.8224420037790474,0.03973739578667363,39
-11.5,169.5,-0.8194885828828923,0.08194839918746107,37
-11.5,170.5,-0.4333140497020676,0.25841287570987015,40
-11.5,171.5,-0.10321496909177372,0.7092538245352756,40
-11.5,172.5,-0.021655697269514666,0.9349988039705048,40
-11.5,173.5,-0.44031305316853836,0.27593433728642713,41
-11.5,174.5,-0.8382397787498084,0.031127310111324795,40
-11.5,175.5,-0.44200601648608173,0.22385697199826116,37
-11.5,176.5,-0.4181190741773566,0.32678580538480595,38
-11.5,177.5,-0.1229257159556555,0.7628611639449314,38
-11.5,178.5,-0.34124306066874305,0.3453056974481019,40
-11.5,179.5,-0.462192538781105,0.21724725095772912,39
-11.5,180.5,-0.21031496678981715,0.556163415969644,37
-11.5,181.5,-0.6973676040039267,0.015537886169473053,37
-11.5,182.5,0.36271836582120864,0.15183576182655356,40
-11.5,183.5,0.647900561997423,0.09701680612834312,38
-11.5,184.5,-0.2299647303946175,0.497212088120326,38
-11.5,185.5,-0.23643475513432372,0.6632086746173176,39
-11.5,186.5,-0.014680399487730155,0.9674053677177911,36
-11.5,187.5,0.2508212422577585,0.3908282308519907,36
-11.5,188.5,0.1874131944444457,0.6999147656727215,34
-11.5,189.5,0.09222370440865321,0.8955329031670437,29
-11.5,190.5,0.16846264367816083,0.6091749235356739,35
-11.5,191.5,0.4549470724039688,0.2992115611491839,33
-11.5,192.5,0.39058058325676326,0.39860638537703863,29
-11.5,193.5,0.06270511289693914,0.9252757299002273,29
-11.5,194.5,0.5951069093252914,0.2525233839239892,29
-11.5,195.5,0.6485507475628048,0.11857919895819415,28
-11.5,196.5,0.7600973580629766,0.09066965950862332,22
-11.5,197.5,-0.6289478944562903,0.22441148378657239,23
-11.5,198.5,-0.26433414494937957,0.8233490121001951,24
-11.5,199.5,-0.13835782665231822,0.6345102928818573,23
-11.5,200.5,-0.07343924191750272,0.9101956836196836,22
-11.5,201.5,0.48958333333333215,0.5350244506182873,22
-11.5,202.5,-0.2950451504933665,0.7857971061789661,21
-11.5,203.5,-1.7839065708725883,0.033909075949607466,18
-11.5,204.5,-0.5203508320466632,0.6242768461207494,19
-11.5,205.5,-0.8121452910938981,0.5444860568259107,18
-11.5,206.5,-2.4263368279955957,0.07651365424139898,17
-11.5,207.5,-0.12255053206077746,0.9211586502250249,15
-11.5,208.5,-0.6086590648157815,0.4434214028640827,14
-11.5,209.5,1.3572553809119232,0.11328720822235322,15
-11.5,210.5,1.3850534308211464,0.12531111138942436,14
-11.5,211.5,1.0094832113180738,0.15240628395674932,10
-10.5,33.5,-0.494281045751634,0.6801369854363228,17
-10.5,34.5,-0.3894927536231887,0.29077716928272723,23
-10.5,35.5,-0.45408163265306156,0.10754282889930056,19
-10.5,36.5,0.02448083793265769,0.9802109790485439,24
-10.5,37.5,0.9375,0.027120958252384177,27
-10.5,38.5,0.19858871344975643,0.6936406217837584,29
-10.5,39.5,-0.16302051458588304,0.7334457521953335,32
-10.5,40.5,0.2603725771360762,0.4655488870531287,32
-10.5,41.5,0.2820668164944593,0.2933017774384965,35
-10.5,42.5,0.01523960062534607,0.96292509372887,33
-10.5,43.5,0.35429331306990886,0.3136549364605332,28
-10.5,44.5,0.17940054990258025,0.6391042707127212,29
-10.5,45.5,0.22843224800860287,0.6341458536966633,31
-10.5,46.5,0.38222064393939403,0.18493228677225526,31
-10.5,47.5,0.7155593093093089,0.132233654832753,35
-10.5,48.5,0.3155908381051532,0.18265591265350245,38
-10.5,49.5,0.6021095968510682,0.06959603296117639,39
-10.5,50.5,0.27930228248824746,0.5066205695044608,40
-10.5,51.5,0.31243675582039854,0.33352610308834585,40
-10.5,52.5,0.2193141319970341,0.3871160541691657,41
-10.5,53.5,0.2755211370811773,0.27593433728642713,41
-10.5,54.5,0.040470289056472514,0.7961487032320338,41
-10.5,55.5,0.20327152600170453,0.4506605258238301,38
-10.5,56.5,0.44298864888585143,0.4081104204610595,40
-10.5,57.5,0.3747390458374564,0.43502642785483836,40
-10.5,58.5,0.3136764618363218,0.2764169138485879,43
-10.5,59.5,0.5445484072251323,0.08988158946826487,41
-10.5,60.5,0.6312830810385122,0.03495863161779444,40
-10.5,61.5,0.2858168051709439,0.33352610308834585,40
-10.5,62.5,0.5500596566008613,0.10042517436963748,40
-10.5,63.5,0.16980222462858052,0.5975679869340738,41
-10.5,64.5,0.47588919639196375,0.0994998537797868,42
-10.5,65.5,0.4902310598642123,0.13725539302831113,43
-10.5,66.5,0.30445447409733006,0.34024045120657065,42
-10.5,67.5,0.34828466569053473,0.2791520888849168,44
-10.5,68.5,0.21287952546155983,0.6490072252715706,44
-10.5,69.5,0.543173395349096,0.22475200898884962,43
-10.5,70.5,0.6135737358759961,0.1352154124488679,41
-10.5,71.5,0.6940855991586028,0.044376506851960394,41
-10.5,72.5,0.2803919991419991,0.5584004547635599,42
-10.5,73.5,0.03421442687747084,0.8965279189482994,42
-10.5,74.5,0.3543784638788835,0.46115733267686354,42
-10.5,75.5,0.4513717805151183,0.158876387923079,42
-10.5,76.5,0.43668622557349224,0.3741826491069974,42
-10.5,77.5,0.2387654695515501,0.6132517855744676,41
-10.5,78.5,-0.020095962113657606,0.8794050603461727,42
-10.5,79.5,-0.1891036863463338,0.5438546354123606,43
-10.5,80.5,0.012529481132075304,1.0,42
-10.5,81.5,-0.27704106323847255,0.435219001789256,42
-10.5,82.5,-0.5541076580120633,0.07871507631982917,43
-10.5,83.5,0.046314287653790795,0.9731197167307598,41
-10.5,84.5,0.4516440066073528,0.36293485816471427,41
-10.5,85.5,0.7847649470314695,0.14051257074997378,42
-10.5,86.5,0.5752323395303829,0.24731745742367417,41
-10.5,87.5,0.6749576042401441,0.22943429057595655,41
-10.5,88.5,0.3619825665487187,0.2791520888849168,44
-10.5,89.5,-0.13338384091364439,0.8317953693672806,44
-10.5,90.5,0.03255736319303156,0.9000604006879467,43
-10.5,91.5,-0.08309875954198478,0.8505806821024309,43
-10.5,92.5,-0.3629453450069331,0.5367357981091126,41
-10.5,93.5,0.0774626436589834,0.883909392651155,41
-10.5,94.5,0.043213634417346235,0.9654228872862333,42
-10.5,95.5,0.19677554080792048,0.6181176400135012,42
-10.5,96.5,-0.4560595994567771,0.2411460322383383,43
-10.5,97.5,-0.4348104531343223,0.28903354254194413,40
-10.5,98.5,-0.24253856774532423,0.35132852409266013,42
-10.5,99.5,0.03714998738544553,0.959893189819583,38
-10.5,100.5,-0.4951347682489927,0.266154543300259,41
-10.5,101.5,-0.7101648351648351,0.2657461083422321,39
-10.5,102.5,0.27628100730801886,0.49182374314403665,40
-10.5,103.5,0.4879458716484031,0.255493968302292,39
-10.5,104.5,0.29242957314077994,0.5508678704577775,35
-10.5,105.5,-0.05440518405943977,0.7339104943970113,31
-10.5,106.5,-0.1961414469863767,0.4872648904642325,36
-10.5,107.5,0.12863040792530978,0.7443201343805719,34
-10.5,108.5,0.28918037749999265,0.40644333792854104,34
-10.5,109.5,0.07139126305792942,0.8870686942118248,35
-10.5,110.5,-0.1756127002610025,0.5801512457006335,38
-10.5,111.5,-0.2980957194762575,0.30956401229803665,39
-10.5,112.5,-0.4437178014480645,0.26626505196565464,37
-10.5,113.5,-0.44948873848750676,0.17277617599388595,35
-10.5,114.5,-0.3765753049116869,0.18213835260866806,34
-10.5,115.5,-0.47277726074769094,0.015537886169473053,37
-10.5,116.5,-0.16377314814814858,0.4107427047210993,39
-10.5,117.5,-0.14746474358974365,0.23929351176558455,40
-10.5,118.5,0.13858889517454165,0.3859468605971169,42
-10.5,119.5,-0.13509503277138815,0.4791861756075628,41
-10.5,120.5,-0.18895232371794857,0.2689803649247009,42
-10.5,121.5,-0.4217576291079812,0.13476842433139016,42
-10.5,122.5,-0.35484531847251466,0.17412614678904348,41
-10.5,123.5,0.13575885790819342,0.6007856611761987,43
-10.5,124.5,-0.1798403532608681,0.6678462748782503,43
-10.5,125.5,-0.09193745937319311,0.6451505807102356,41
-10.5,126.5,-0.1391045548654244,0.5719835030644609,43
-10.5,127.5,-0.5845240234843038,0.03634164761155113,43
-10.5,128.5,-0.5959980720534073,0.008357234555317982,43
-10.5,129.5,-0.264163120775519,0.48793753671895557,42
-10.5,130.5,0.2302436702252318,0.6007856611761987,43
-10.5,131.5,-0.9936904551649545,0.01305525928135,41
-10.5,132.5,-1.245232450285101,0.03771778264913326,41
-10.5,133.5,-0.21691328245915628,0.5439213911923737,42
-10.5,134.5,-0.2937262013348969,0.305074881337578,43
-10.5,135.5,-0.2720818084284291,0.4517264720866897,41
-10.5,136.5,-0.22087465313605642,0.46534374401080913,41
-10.5,137.5,-0.19643473023158425,0.5439213911923737,42
-10.5,138.5,-0.14669110972393556,0.33972197352938505,41
-10.5,139.5,-0.3031511565529079,0.1603211528324091,41
-10.5,140.5,-0.3291432244211704,0.12693877134651707,40
-10.5,141.5,-0.21511729691876727,0.4952867602977147,34
-10.5,142.5,-0.05015221693561212,0.9095458052651214,35
-10.5,143.5,-0.24063109172002425,0.3871160541691657,41
-10.5,144.5,-0.07371018451328747,0.6777161122500928,41
-10.5,145.5,0.20465408011661523,0.21793165186589147,38
-10.5,146.5,0.19320549353328803,0.5917967492239535,37
-10.5,147.5,0.3363506610576916,0.495448439184329,35
-10.5,148.5,0.21937403993855603,0.6874625535563468,38
-10.5,149.5,0.3765126473745646,0.42144237894257297,40
-10.5,150.5,0.4147461748507826,0.24182473164655216,42
-10.5,151.5,-0.06020642201834736,0.7947886866284579,42
-10.5,152.5,-0.3420773914668839,0.5680669608513922,40
-10.5,153.5,-0.6401681286549676,0.2672858752494308,43
-10.5,154.5,-0.6222680221813992,0.3067305590248952,41
-10.5,155.5,-0.6246585319868656,0.1212405318906675,40
-10.5,156.5,0.10744424489528523,0.828404904759906,42
-10.5,157.5,0.41219236423604133,0.3453056974481019,40
-10.5,158.5,1.0970927394799581,0.0453849737765619,37
-10.5,159.5,0.8151524666063537,0.10218587988644089,38
-10.5,160.5,0.6971209150131716,0.1157443684298359,40
-10.5,161.5,-0.3056558982428924,0.4122551679916763,41
-10.5,162.5,-0.7860839264358064,0.022602740262960618,41
-10.5,163.5,-0.19972852033021904,0.497212088120326,38
-10.5,164.5,-0.07621673925778187,0.6508450294523307,38
-10.5,165.5,-0.019282650544347062,0.901670538587607,41
-10.5,166.5,-0.2742821570461323,0.3331693388353718,39
-10.5,167.5,-0.4580812798919959,0.20436652918574671,41
-10.5,168.5,-0.7496987539851727,0.12920748707657007,42
-10.5,169.5,-0.7199591536778787,0.09993379657133439,39
-10.5,170.5,-0.48844600025381774,0.19974847790467765,39
-10.5,171.5,-0.5921876764475386,0.1452877890952672,40
-10.5,172.5,-0.23988755808126977,0.6664041829849279,40
-10.5,173.5,-0.7098542398127461,0.10218587988644089,38
-10.5,174.5,-0.22629310344827586,0.6457450970456375,39
-10.5,175.5,-0.389453125,0.3788412517838009,38
-10.5,176.5,-0.6301109219299939,0.30698585474987417,36
-10.5,177.5,-0.5487817601426741,0.14118732660180083,41
-10.5,178.5,-0.5238095238095242,0.09504439020170478,39
-10.5,179.5,-0.41241496598639465,0.23582237975362752,39
-10.5,180.5,-0.24768872347557336,0.6660299201417484,37
-10.5,181.5,-0.01718148369983652,0.959893189819583,38
-10.5,182.5,0.055493429452882964,0.927053855932963,37
-10.5,183.5,-0.06936126136195223,0.7835801504291398,37
-10.5,184.5,-0.4372716331474168,0.2657461083422321,39
-10.5,185.5,-0.4350560464751563,0.45597179082236294,37
-10.5,186.5,-0.39329119598923157,0.26798634486283324,35
-10.5,187.5,-0.07619632619632519,0.9055957937612324,34
-10.5,188.5,0.40399328520317623,0.42684260879570113,32
-10.5,189.5,-0.23248537506473044,0.6391042707127212,29
-10.5,190.5,-0.1222412237070161,0.802761791874143,30
-10.5,191.5,-0.0476463468615125,0.8947871042097532,26
-10.5,192.5,0.35728685511224145,0.44087649866088374,25
-10.5,193.5,0.23183086518821064,0.5973541948267042,23
-10.5,194.5,0.15791062801932376,0.7972523796379414,25
-10.5,195.5,0.4492647565670835,0.5683377615538607,24
-10.5,196.5,0.5047774457376534,0.3692092650321579,23
-10.5,197.5,0.26798937948085405,0.7260951618325295,25
-10.5,198.5,0.7215259356139369,0.2673270197885057,23
-10.5,199.5,0.3158068783068776,0.5973541948267042,23
-10.5,200.5,-0.25332046425796473,0.6946444974614776,21
-10.5,201.5,-0.10516530200789985,0.975910003234818,21
-10.5,202.5,-0.40810909842534543,0.5444860568259107,18
-10.5,203.5,-0.38442910070982117,0.6242768461207494,19
-10.5,204.5,-1.5429273973735698,0.17403358020816395,17
-10.5,205.5,-2.014803678248695,0.04776124267510367,15
-10.5,206.5,-0.3038399861838763,0.6504631229507133,17
-10.5,207.5,-0.9004857209737827,0.1888874775395376,14
-10.5,208.5,0.11257128449465889,0.8547770980655479,13
-10.5,209.5,0.9683611287534953,0.7603323075218761,13
-10.5,210.5,1.1576742047273914,0.11475673431864909,12
-10.5,211.5,0.5005326364983745,0.4742743507673295,10
-10.5,212.5,0.140625,0.7554968749288828,11
-9.5,34.5,0.8717105263157894,0.14172595380646796,19
-9.5,35.5,0.21230244252873565,0.6117600292546322,22
-9.5,36.5,0.11116703205783972,0.8701367570919353,25
-9.5,37.5,0.05053728667392843,0.9741177473553713,20
-9.5,38.5,0.5782997384559884,0.05004866332140968,24
-9.5,39.5,-0.08900628089904794,0.8584007529637274,30
-9.5,40.5,0.006407497552090361,0.9213108861184411,28
-9.5,41.5,-0.2056743170024416,0.35900429696743286,27
-9.5,42.5,-0.028520543159463986,0.9158665384265181,23
-9.5,43.5,0.25294202066590105,0.4922895298178107,23
-9.5,44.5,0.14880952380952409,0.5594130972023401,27
-9.5,45.5,0.14825994318181812,0.545656108406517,33
-9.5,46.5,0.22223806112860608,0.4647845151096839,28
-9.5,47.5,-0.10573125283719191,0.8330324989520455,32
-9.5,48.5,0.41361873329949495,0.24441573431054653,37
-9.5,49.5,0.45836705478975215,0.1689113395241172,36
-9.5,50.5,0.15017765017765022,0.6150513215653133,38
-9.5,51.5,0.6925484283625738,0.03922750658480551,38
-9.5,52.5,0.46717119006013524,0.12272405626110477,37
-9.5,53.5,0.163435278307612,0.5452829029299784,39
-9.5,54.5,-0.14641673264282176,0.5216481488445233,40
-9.5,55.5,0.16746966820732903,0.6508450294523307,38
-9.5,56.5,-0.029319739054987828,0.9024333200095812,36
-9.5,57.5,0.09061109562560857,0.8037485428824773,37
-9.5,58.5,0.24679730475308254,0.48113908198711974,42
-9.5,59.5,0.1259369320339617,0.6114052024347297,39
-9.5,60.5,0.09095523311314041,0.7874806799790378,41
-9.5,61.5,0.4370760852832512,0.11846727616685725,41
-9.5,62.5,0.7572236138601129,0.015875547141379124,40
-9.5,63.5,0.454129638777453,0.09421734525006324,41
-9.5,64.5,0.7668740573152334,0.06486517886852888,35
-9.5,65.5,0.7726546072151916,0.057670064418724465,41
-9.5,66.5,0.5173666890176241,0.1352154124488679,41
-9.5,67.5,-0.05768939393939372,0.9166502013630717,43
-9.5,68.5,-0.05970262694003163,0.8835141491217923,43
-9.5,69.5,-0.07796874623484859,0.8623384168158529,42
-9.5,70.5,0.2952371808938628,0.4263971664376689,43
-9.5,71.5,0.47986199093295934,0.11862192122260574,42
-9.5,72.5,0.012826845445220756,0.9731197167307598,41
-9.5,73.5,0.3734265292568325,0.129440568095036,41
-9.5,74.5,1.1093567441938657,0.003432459709074779,42
-9.5,75.5,0.6575321220438922,0.07055328302873864,41
-9.5,76.5,0.4270964360587001,0.21665846771152952,42
-9.5,77.5,0.12386161864940766,0.5296315348267777,42
-9.5,78.5,-0.12301360284769913,0.8115533673850394,42
-9.5,79.5,0.6177675009421328,0.14287757777265858,43
-9.5,80.5,0.25450788184419715,0.6163750034803586,40
-9.5,81.5,-0.3579735323156372,0.3859468605971169,42
-9.5,82.5,0.47193001764655573,0.20836472630402936,39
-9.5,83.5,0.09350261975832957,0.83810858978553,36
-9.5,84.5,1.0064483617203666,0.04145690967579192,40
-9.5,85.5,0.4283508291515742,0.5220292746208864,41
-9.5,86.5,0.47370054960631836,0.31075456042524163,40
-9.5,87.5,0.6061008733956434,0.3950329766408668,40
-9.5,88.5,-0.07670600061904399,0.828404904759906,42
-9.5,89.5,-0.07388031055699035,0.7616899520580042,41
-9.5,90.5,-0.023079788224652408,0.9481546239300995,42
-9.5,91.5,-0.6095773768289359,0.28575834826955737,43
-9.5,92.5,-0.9513389799535,0.08418760830309649,43
-9.5,93.5,-1.187190333404727,0.01066271081493743,43
-9.5,94.5,-0.21465865608125076,0.6602647550462682,43
-9.5,95.5,0.553822384776476,0.346250063352757,43
-9.5,96.5,-0.15073914181057063,0.6646547813082152,42
-9.5,97.5,-0.6840950928723005,0.08584114842248187,39
-9.5,98.5,-0.4520961945702868,0.20436652918574671,41
-9.5,99.5,-0.4711088129046545,0.20096328781426642,42
-9.5,100.5,-0.6902261416861826,0.0686552999544077,42
-9.5,101.5,-0.2453397576885485,0.3696497329509345,40
-9.5,102.5,0.3979640151515156,0.29622163753056174,41
-9.5,103.5,0.25835693128926146,0.32122506421997354,39
-9.5,104.5,0.5372092840228837,0.11406786918077672,36
-9.5,105.5,-0.010255648579888713,1.0,33
-9.5,106.5,-0.04753007420237794,0.8856049474550872,37
-9.5,107.5,0.0673119048639007,0.7540675143570155,36
-9.5,108.5,-0.16548793662764305,0.6284436367082953,37
-9.5,109.5,0.4887828479269367,0.06520717421940614,33
-9.5,110.5,-0.10677756376910923,0.6420115294454141,33
-9.5,111.5,-0.18507367095531774,0.609130070083629,33
-9.5,112.5,-0.3668276029668696,0.15854217661892822,33
-9.5,113.5,-0.1503131970662281,0.5045014597713458,36
-9.5,114.5,-0.24207927617569963,0.4881961566987404,37
-9.5,115.5,-0.3706484722353607,0.15180150558116184,38
-9.5,116.5,0.05599385245901445,0.9037158067879053,39
-9.5,117.5,0.07189022895907073,0.661353237644444,41
-9.5,118.5,0.1136426978818287,0.3859468605971169,42
-9.5,119.5,-0.3151910008803771,0.39793422470267026,42
-9.5,120.5,-0.6445281277171477,0.04633520099984568,40
-9.5,121.5,-0.17679704016913325,0.3971171572571701,39
-9.5,122.5,-0.2091256052164795,0.5387479615505166,37
-9.5,123.5,-0.13484838945994831,0.6029278873524366,42
-9.5,124.5,-0.20298287854467617,0.48316474693493383,43
-9.5,125.5,-0.25542577107747394,0.20096328781426642,42
-9.5,126.5,0.03245192307692276,0.8453357931297271,42
-9.5,127.5,0.14987377225798776,0.5220292746208864,41
-9.5,128.5,-0.2002423178231558,0.42257215707244233,42
-9.5,129.5,-0.33776094309530963,0.08988158946826487,41
-9.5,130.5,-0.26305662560834503,0.2689803649247009,42
-9.5,131.5,-0.2753591207797584,0.2657461083422321,39
-9.5,132.5,-0.3403734055906076,0.070932343072997,40
-9.5,133.5,-0.3187144451264401,0.24872473553918228,40
-9.5,134.5,-0.6239459859913794,0.004519902533204656,42
-9.5,135.5,-0.5798991827528981,0.0013551623474121343,40
-9.5,136.5,-0.321569323752228,0.10339115177329679,41
-9.5,137.5,-0.15283806232082062,0.3918849289164673,42
-9.5,138.5,-0.3177954987435717,0.13584767746091114,40
-9.5,139.5,-0.4419961562884847,0.025407129576314885,41
-9.5,140.5,-0.3075375385159957,0.1465695145892742,37
-9.5,141.5,0.4706997084548101,0.30258950281847785,38
-9.5,142.5,0.22075868098525117,0.5136072924876847,39
-9.5,143.5,-0.2403758552839742,0.5738490427115428,37
-9.5,144.5,0.11615731863215117,0.6690554101034223,38
-9.5,145.5,0.36950516630697305,0.16168099298618033,37
-9.5,146.5,-0.5808376688039631,0.21303867828843515,34
-9.5,147.5,-1.1223465350658004,0.016823668731811906,28
-9.5,148.5,0.4427083333333326,0.29815903554581225,42
-9.5,149.5,1.7343000895632463,0.00011426694007985629,42
-9.5,150.5,1.2668627845385363,0.02558178981539793,42
-9.5,151.5,0.08999077725225325,0.7276974359007813,41
-9.5,152.5,-0.004198021181717316,1.0,43
-9.5,153.5,-0.15655793795620393,0.5730643403857183,42
-9.5,154.5,-0.20917884199134096,0.6114052024347297,39
-9.5,155.5,0.18402656477513574,0.7436890405792607,37
-9.5,156.5,-0.12586805555555555,0.6874625535563468,38
-9.5,157.5,0.051553234147640674,0.8999543235867821,38
-9.5,158.5,0.09731266172120465,0.8649901175825423,37
-9.5,159.5,0.6649894067796613,0.12152609711609245,39
-9.5,160.5,1.321674009043273,0.008361368784575805,39
-9.5,161.5,0.2790506525825387,0.5216102816326905,37
-9.5,162.5,-0.31485018411466614,0.1603211528324091,41
-9.5,163.5,-0.004988661216466081,0.9799402562507286,38
-9.5,164.5,-0.4425792593058137,0.23825744188756015,41
-9.5,165.5,0.006279293049956439,0.990704029723175,40
-9.5,166.5,-0.0069308508883513505,0.9721171358417333,40
-9.5,167.5,-0.06984795990671891,0.8248046168337547,40
-9.5,168.5,-0.39625428262959517,0.16711655519767832,41
-9.5,169.5,-0.06482433296783678,0.9229050934914809,39
-9.5,170.5,-0.8974201562268256,0.050031642800905274,39
-9.5,171.5,-0.7258376028370175,0.0639519780524364,40
-9.5,172.5,-0.3277092310092792,0.15180150558116184,38
-9.5,173.5,-0.7177542058386936,0.09205896803641289,38
-9.5,174.5,-0.8260945167158387,0.0773717955214685,39
-9.5,175.5,-0.6321393827516983,0.1075717833780356,38
-9.5,176.5,-0.22482823579886121,0.5952698888863501,36
-9.5,177.5,-0.4001835430664845,0.1779400542847822,37
-9.5,178.5,-0.6263619867406373,0.1956706219250084,36
-9.5,179.5,-0.48750703828828845,0.20120398589876765,35
-9.5,180.5,0.1048309029816307,0.8602887048423336,38
-9.5,181.5,-0.23211034669112032,0.6700765413856125,35
-9.5,182.5,-0.20758346060070165,0.45597179082236294,37
-9.5,183.5,-0.21604687903627215,0.513279941352429,38
-9.5,184.5,-0.9133851888921651,0.13256299976889044,37
-9.5,185.5,0.000873171012159446,1.0,35
-9.5,186.5,-0.28728016107823806,0.6565125016248674,34
-9.5,187.5,-0.08112980769230739,0.8865048064138312,30
-9.5,188.5,0.1846454718991887,0.7784259141888469,29
-9.5,189.5,-0.35681703331995673,0.6213676320840416,28
-9.5,190.5,0.12228260869565218,0.7913957365052897,26
-9.5,191.5,0.6125681565962287,0.25246050425043143,25
-9.5,192.5,-0.36532994074923497,0.4922895298178107,23
-9.5,193.5,-0.5391331066853219,0.3376949763722794,22
-9.5,194.5,1.2873319536532735,0.05711808530568041,21
-9.5,195.5,0.8692994697236194,0.3492193427947422,21
-9.5,196.5,1.112742662623901,0.1574056639748741,24
-9.5,197.5,1.1637886621439255,0.07112672748994048,22
-9.5,198.5,0.9712068662830351,0.21568869559132287,21
-9.5,199.5,1.353247358772478,0.11431677554040419,22
-9.5,200.5,0.2355667121781011,0.9396136982356221,18
-9.5,201.5,-0.3387895629640955,0.8064184798032751,19
-9.5,202.5,0.716346153846154,0.6242768461207494,19
-9.5,203.5,-0.5280795287856267,0.5444860568259107,18
-9.5,204.5,-2.756927996075209,0.0356564176022276,17
-9.5,205.5,-1.4916273368077397,0.4506702853141802,12
-9.5,206.5,-0.8146192767021133,0.5829505577618919,13
-9.5,207.5,-0.12730711321042715,0.5829505577618919,13
-9.5,208.5,-1.8955685228440977,0.08647112777407255,12
-9.5,209.5,0.6091116980606597,0.6312218204782533,12
-9.5,210.5,-0.13366072152001363,0.7554968749288828,11
-8.5,34.5,0.07648601398601362,1.0,10
-8.5,35.5,0.6677290675967396,0.5366482363005154,17
-8.5,36.5,1.029095804988662,0.04780459789390245,20
-8.5,37.5,0.7584163197931876,0.052871592614987556,16
-8.5,38.5,0.31706871345029225,0.5861280327782232,21
-8.5,39.5,0.43385545905707207,0.12557019892294263,23
-8.5,40.5,0.35937034388223327,0.15857024949675513,22
-8.5,41.5,0.09421008180910671,0.7397638077281241,21
-8.5,42.5,-0.3500270352706303,0.4046702444107403,18
-8.5,43.5,-0.09042800898348442,0.7618733947779845,18
-8.5,44.5,0.0072712418300658515,1.0,22
-8.5,45.5,-0.33707545518207266,0.3692092650321579,23
-8.5,46.5,-0.37816397154552567,0.055316440556353125,28
-8.5,47.5,0.07064962476547838,0.6464984392954767,27
-8.5,48.5,-0.0005326391697738535,1.0,28
-8.5,49.5,0.6026471622889311,0.1856070821521849,28
-8.5,50.5,-0.3458867521367459,0.29198463590975887,31
-8.5,51.5,0.2817614163957015,0.44771724277486147,33
-8.5,52.5,0.6708829365079321,0.11011795401290479,31
-8.5,53.5,0.8043460468161722,0.04168527148667449,38
-8.5,54.5,0.44693759699500735,0.153984399663931,37
-8.5,55.5,0.9029033905228758,0.02830997616296634,36
-8.5,56.5,0.37280701754386036,0.18265591265350245,38
-8.5,57.5,0.6199091478696738,0.04373692303640231,35
-8.5,58.5,0.2495601851851852,0.28942248603022047,37
-8.5,59.5,0.20847012399108694,0.42497974024989427,37
-8.5,60.5,0.07441194827280102,0.7715676600867172,39
-8.5,61.5,0.6450430560049886,0.06144494404678182,37
-8.5,62.5,0.24274322033708695,0.4506605258238301,38
-8.5,63.5,0.11197987403971384,0.7835801504291398,37
-8.5,64.5,-0.1311552898109678,0.6928385117296678,36
-8.5,65.5,0.3636900355447604,0.3200645361580008,36
-8.5,66.5,0.2657968297816363,0.4431544530574595,35
-8.5,67.5,-0.045557114099900375,0.9478599779684119,37
-8.5,68.5,-0.3629170726609657,0.36293485816471427,41
-8.5,69.5,-0.09494960069905636,0.883909392651155,41
-8.5,70.5,-0.037900725227062934,0.9349988039705048,40
-8.5,71.5,0.01166494293806971,0.9721171358417333,40
-8.5,72.5,-0.03634442639313478,0.919481045938793,41
-8.5,73.5,0.024393090569560967,0.961407429045934,39
-8.5,74.5,0.8455678844605472,0.0659556994946937,39
-8.5,75.5,0.8492424242424246,0.08730673860921659,38
-8.5,76.5,0.2572016460905351,0.4107427047210993,39
-8.5,77.5,0.22061660263564528,0.5945442759036267,39
-8.5,78.5,0.07625474406383821,0.8276288084144704,39
-8.5,79.5,-0.3271079424028094,0.5220292746208864,41
-8.5,80.5,-0.7273769947320632,0.03495863161779444,40
-8.5,81.5,-0.8708267871170463,0.0664319208094236,38
-8.5,82.5,0.11228546041489781,0.8980212621322816,40
-8.5,83.5,0.31771660551505554,0.38087509602077263,37
-8.5,84.5,0.24485766729358482,0.6284436367082953,37
-8.5,85.5,-0.29228366741953626,0.3950329766408668,40
-8.5,86.5,-0.40003777316296396,0.5945442759036267,39
-8.5,87.5,0.41109141394595816,0.556163415969644,37
-8.5,88.5,-0.015608999886221784,0.9806980673807666,39
-8.5,89.5,0.36253253957991105,0.4488598208640492,40
-8.5,90.5,-0.18300366729088613,0.632869142286627,40
-8.5,91.5,0.42501523048805306,0.32937921868675046,42
-8.5,92.5,0.01604481045270425,0.9827073827546051,42
-8.5,93.5,-0.6264258191950832,0.21686042056605592,43
-8.5,94.5,-0.1671566067400524,0.6132517855744676,41
-8.5,95.5,-0.0068696492681580654,0.942139359457642,39
-8.5,96.5,-0.03361949573586439,0.9136991092503179,42
-8.5,97.5,-0.5607750033194152,0.12385910748901892,41
-8.5,98.5,-0.46065673516163974,0.1603211528324091,41
-8.5,99.5,-0.5274121638486363,0.23582237975362752,39
-8.5,100.5,-0.3484643405738641,0.17412614678904348,41
-8.5,101.5,-0.3163394890273497,0.3837679004377369,39
-8.5,102.5,0.2132853931437602,0.5917967492239535,37
-8.5,103.5,0.23837688070340013,0.3668216928826443,37
-8.5,104.5,0.3439338235294116,0.17261516227968454,34
-8.5,105.5,0.16216856060606089,0.44311314513969824,38
-8.5,106.5,0.35114442617277775,0.11961612760211916,37
-8.5,107.5,-0.169753086419752,0.5142234581271419,34
-8.5,108.5,-0.09375,0.820250411786219,35
-8.5,109.5,0.2537876388097394,0.617392769071009,30
-8.5,110.5,-0.33202054699877115,0.47765973512758664,35
-8.5,111.5,-0.30432004089979525,0.47672905828844614,34
-8.5,112.5,0.4491870778515728,0.27263754267559726,34
-8.5,113.5,-0.005155456852792284,1.0,39
-8.5,114.5,-0.10725552627726506,0.700619648328836,40
-8.5,115.5,-0.6189083820662766,0.16054611379599892,39
-8.5,116.5,-0.411782084845245,0.21515988319619161,36
-8.5,117.5,-0.02926690228703669,0.9349988039705048,40
-8.5,118.5,-0.2656422207522384,0.27593433728642713,41
-8.5,119.5,0.11366518545572588,0.4744436456632575,42
-8.5,120.5,-0.3612548082688446,0.08169227155835207,41
-8.5,121.5,-0.22554916456666763,0.46534374401080913,41
-8.5,122.5,-0.005028735632185052,0.9806980673807666,39
-8.5,123.5,0.17964366236721335,0.47668240722040733,43
-8.5,124.5,0.13516865079365137,0.3741826491069974,42
-8.5,125.5,-0.2955040887322694,0.2124909647713341,41
-8.5,126.5,0.14082105963688146,0.5667605869699316,41
-8.5,127.5,-0.6193541201302681,0.10042517436963748,40
-8.5,128.5,-0.15599075127978534,0.5293245899568817,39
-8.5,129.5,0.05440371260683749,0.8980212621322816,40
-8.5,130.5,0.31273364303041223,0.1603211528324091,41
-8.5,131.5,0.3854649727966303,0.11846727616685725,41
-8.5,132.5,-0.05687456644057422,0.6457450970456375,39
-8.5,133.5,-0.2688741690170992,0.04633520099984568,40
-8.5,134.5,-0.21352461580165547,0.0773717955214685,39
-8.5,135.5,-0.275447448591013,0.052929016994730786,39
-8.5,136.5,-0.5855324018533623,4.812539262808345e-05,39
-8.5,137.5,-0.12138354785740518,0.33352610308834585,40
-8.5,138.5,-0.10135869565217373,0.4719324011649343,37
-8.5,139.5,-0.15812890812890754,0.5614764462408652,39
-8.5,140.5,0.16717830574102852,0.5320609713589797,35
-8.5,141.5,0.23637453897527885,0.3759635132769804,36
-8.5,142.5,0.34808853118712335,0.1093680867708039,34
-8.5,143.5,-0.4605952245429804,0.28373443232566575,40
-8.5,144.5,-0.7677294162774441,0.1678813518323119,39
-8.5,145.5,0.5252050339366514,0.19105038913843664,38
-8.5,146.5,0.7391939427679759,0.1449961562134987,36
-8.5,147.5,0.1926335725677818,0.6508450294523307,38
-8.5,148.5,1.754166390131978,0.00011502565396420038,40
-8.5,149.5,0.723958333333333,0.09034851458293024,39
-8.5,150.5,0.6186414558574533,0.12983894274646082,40
-8.5,151.5,0.08402675981510122,0.8465282828044682,39
-8.5,152.5,-0.4705275211230117,0.2263989227367953,39
-8.5,153.5,-0.46396276595744634,0.35790609486477887,39
-8.5,154.5,0.3955287793312079,0.32848073232961217,41
-8.5,155.5,0.4884407220334935,0.13361124376778633,39
-8.5,156.5,0.40813939926243736,0.1305544066089274,36
-8.5,157.5,0.48311738607423926,0.31389928595925765,37
-8.5,158.5,0.7561015900761683,0.03155793378981641,38
-8.5,159.5,0.8463541666666667,0.02944797335332113,39
-8.5,160.5,-0.24712842172907018,0.6660299201417484,37
-8.5,161.5,0.2570067364269924,0.5387479615505166,37
-8.5,162.5,0.3698277509065518,0.30149552170586214,37
-8.5,163.5,-0.1945444673068132,0.45325103254848365,39
-8.5,164.5,-0.4101342970139801,0.2373013210375159,38
-8.5,165.5,0.4644106436216271,0.1131800655162009,38
-8.5,166.5,0.42378878741875653,0.12385910748901892,41
-8.5,167.5,0.09451479730012333,0.8088286305084,39
-8.5,168.5,0.07598248866734991,0.8999543235867821,38
-8.5,169.5,-0.4218390804597695,0.24182473164655216,42
-8.5,170.5,-0.9321549773755656,0.013439389273994882,37
-8.5,171.5,-0.6641531152630725,0.11725434197843615,36
-8.5,172.5,-0.8577899339760643,0.03813422469279878,35
-8.5,173.5,-0.7277108268865853,0.06084928342794405,35
-8.5,174.5,-0.82642372971819,0.07355356751630505,35
-8.5,175.5,-0.34783884313959523,0.40995687995177954,37
-8.5,176.5,-0.5576568330082402,0.30698585474987417,36
-8.5,177.5,-0.7438723125424564,0.09386166319420307,36
-8.5,178.5,0.09862839366515885,0.7763884317697076,35
-8.5,179.5,0.15944835680751268,0.617392769071009,30
-8.5,180.5,0.023584210469901924,0.9763470765264379,34
-8.5,181.5,-0.4946998787485235,0.23290059118518391,35
-8.5,182.5,0.2382983090521602,0.5142234581271419,34
-8.5,183.5,0.0891782448508522,0.8125085458048832,34
-8.5,184.5,-0.5000744047619046,0.3078304301336964,31
-8.5,185.5,0.4557514314848221,0.37244389624576013,32
-8.5,186.5,-0.0487913302575933,0.9147523390847367,30
-8.5,187.5,0.5012735209972509,0.29505551931395413,28
-8.5,188.5,0.38319739660570146,0.5317037729644349,27
-8.5,189.5,-0.19351754148486638,0.7260951618325295,25
-8.5,190.5,0.4657730146011401,0.31004602085382316,22
-8.5,191.5,0.4492701393014764,0.3668796006462124,22
-8.5,192.5,-0.12825774851319083,0.9224620671867602,20
-8.5,193.5,0.17289586160082532,0.9278177692263682,21
-8.5,194.5,0.2941566164829489,0.7625705032533344,21
-8.5,195.5,0.23672192706283585,0.6518692807184261,22
-8.5,196.5,0.3899247198879558,0.5261780967197713,23
-8.5,197.5,0.24088251928497187,0.8711314915971583,20
-8.5,198.5,0.9820477426963994,0.17419048270007742,21
-8.5,199.5,1.2791910513337035,0.06273522885003777,22
-8.5,200.5,1.547205882352942,0.3272855802219552,19
-8.5,201.5,1.0096821337230544,0.28888280402716393,18
-8.5,202.5,0.43723994542121436,0.7730800663123129,17
-8.5,203.5,0.041804426614524694,1.0,17
-8.5,204.5,-0.43942085935830966,0.7425568219265776,14
-8.5,205.5,-0.1395623802681989,0.5840703669455064,14
-8.5,206.5,0.8018734547413086,0.3726914904715183,12
-8.5,207.5,-1.1850672891384195,0.21291190281150452,11
-8.5,208.5,-2.4029552333624427,0.004207551285491748,10
-8.5,209.5,-0.44195291216829746,0.5334165134726944,11
-7.5,36.5,0.5807892917267928,0.36012164775537825,13
-7.5,37.5,0.5199772016178266,0.3726914904715183,12
-7.5,38.5,-0.7861398584054833,0.3036732148994191,12
-7.5,39.5,0.2935606060606063,0.7425568219265776,14
-7.5,41.5,0.07832103305392801,0.5334165134726944,11
-7.5,43.5,-0.4575934331369108,0.4434214028640827,14
-7.5,44.5,-0.2630208333333335,0.28888280402716393,18
-7.5,45.5,0.4304578948420861,0.21568869559132287,21
-7.5,46.5,0.5357142857142856,0.1758957490227674,22
-7.5,47.5,0.15625,0.45960782304895875,23
-7.5,48.5,0.8408985929762347,0.12354986589680401,21
-7.5,49.5,1.7178518704651824,0.00402508829492601,22
-7.5,50.5,1.0163985832812017,0.030152704025483097,27
-7.5,51.5,1.0588626637622052,0.033561411703114705,25
-7.5,52.5,0.06363466556891344,0.9335433162568849,27
-7.5,53.5,1.03857510431203,0.03403464523782446,29
-7.5,54.5,0.6107291666666679,0.12313627567524701,34
-7.5,55.5,1.0545905707196042,0.017696356070156825,34
-7.5,56.5,0.4498339266262058,0.2582511905140965,36
-7.5,57.5,0.6587582265750398,0.05276960196901777,33
-7.5,58.5,-0.06925232633699131,0.7091645038629479,32
-7.5,59.5,-0.008481170245876291,1.0,37
-7.5,60.5,0.24696357709750527,0.4703514180876961,36
-7.5,61.5,0.031861821262354276,0.9353765292166933,32
-7.5,62.5,0.6275000983528771,0.1452131129168984,33
-7.5,63.5,1.1104820096857113,0.01309712548730175,32
-7.5,64.5,0.36066064211570054,0.15854217661892822,33
-7.5,65.5,0.3686578798185932,0.17261516227968454,34
-7.5,66.5,0.32815958150868285,0.3396999262620777,37
-7.5,67.5,0.18245016495141786,0.7130491088889688,36
-7.5,68.5,0.09900041747468223,0.8808988697656468,36
-7.5,69.5,0.2500485292774268,0.4506605258238301,38
-7.5,70.5,0.18070674583539653,0.632840693851598,38
-7.5,71.5,-0.28086023477623456,0.5865203757130351,31
-7.5,72.5,0.24879546661990154,0.6381570271128183,32
-7.5,73.5,0.9519432773109242,0.02307267483954504,35
-7.5,74.5,0.8982873433899325,0.10218587988644089,38
-7.5,75.5,0.14771604704735003,0.5917967492239535,37
-7.5,76.5,0.5919145021645026,0.08365644321423488,36
-7.5,77.5,0.15405693297506848,0.8037485428824773,37
-7.5,78.5,0.21741867940966364,0.5216481488445233,40
-7.5,79.5,0.26182432432432434,0.6091749235356739,35
-7.5,80.5,0.02006117185950113,0.990704029723175,40
-7.5,81.5,0.6113766351197998,0.19538604457720776,37
-7.5,82.5,0.5397558694530448,0.2442143847130671,35
-7.5,83.5,0.12234669811320487,0.7982398124572034,35
-7.5,84.5,-0.12027479260935135,0.8014754175793354,38
-7.5,85.5,-0.3368859490364426,0.25841287570987015,40
-7.5,86.5,-0.31023297991071397,0.5293245899568817,39
-7.5,87.5,-0.16003564462921824,0.7635561283061163,37
-7.5,88.5,0.3555850740953023,0.556163415969644,37
-7.5,89.5,0.04712252021535066,0.9674053677177911,36
-7.5,90.5,-0.44008011646333134,0.32122506421997354,39
-7.5,91.5,-0.24277760689718697,0.5016358122745783,42
-7.5,92.5,-0.2646477354421278,0.44159664394590237,42
-7.5,93.5,-0.15611074772193084,0.700619648328836,40
-7.5,94.5,-0.04869489770484958,0.9164874459935288,40
-7.5,95.5,0.13432257225878086,0.6495478982562364,40
-7.5,96.5,0.10379286283891531,0.7531271266832608,39
-7.5,97.5,-0.07410714285714318,0.7348263750767032,39
-7.5,98.5,-0.524185904384556,0.057670064418724465,41
-7.5,99.5,-0.07572363759131247,0.7901381702817245,39
-7.5,100.5,0.27218115979030516,0.2997628531295812,40
-7.5,101.5,-0.35173944778321464,0.16560248483061546,40
-7.5,102.5,-0.08777129478222122,0.7531271266832608,39
-7.5,103.5,0.00680272108843535,0.9546999508650751,35
-7.5,104.5,0.25109176685955925,0.4602261776270049,35
-7.5,105.5,0.7253959276018087,0.10218587988644089,38
-7.5,106.5,-0.07053582492844898,0.83810858978553,36
-7.5,107.5,-0.4834887079831933,0.294266104304963,36
-7.5,108.5,-0.6380185791350115,0.30149552170586214,37
-7.5,109.5,-0.04267123067010359,0.9611987334080325,32
-7.5,110.5,0.5614001156539133,0.3078304301336964,31
-7.5,111.5,-0.25352217511432945,0.47532023939393775,31
-7.5,112.5,-3.091912520540512e-05,1.0,31
-7.5,113.5,-0.3333675424192667,0.3634073211862605,35
-7.5,114.5,-0.23085993872115296,0.5664461417662239,33
-7.5,115.5,-0.527205622419908,0.10375550597046108,33
-7.5,116.5,-0.06503325830771488,0.7220003552092338,34
-7.5,117.5,-0.07157055152979064,0.7628611639449314,38
-7.5,118.5,-0.272348005644646,0.17282861084833245,40
-7.5,119.5,0.09167405629881221,0.3871160541691657,41
-7.5,120.5,-0.003605374441322029,0.990704029723175,40
-7.5,121.5,0.0012400793650790831,1.0,38
-7.5,122.5,-0.11151932284925911,0.513279941352429,38
-7.5,123.5,-0.03995948949867428,0.7901381702817245,39
-7.5,124.5,0.0479028208536407,0.6874625535563468,38
-7.5,125.5,-0.18853603086669252,0.10339115177329679,41
-7.5,126.5,-0.2011538200987946,0.28595642810117994,41
-7.5,127.5,0.16583747927031475,0.563056451033163,38
-7.5,128.5,-0.17747520034761835,0.3220089692456941,40
-7.5,129.5,-0.0887784090909094,0.7348263750767032,39
-7.5,130.5,0.029254079254078746,0.8999543235867821,38
-7.5,131.5,-0.03919569785946289,0.8135330043961142,41
-7.5,132.5,0.15302059098936377,0.2808846928695412,41
-7.5,133.5,-0.078125,0.6284746536839203,39
-7.5,134.5,-0.14493598597251678,0.4719324011649343,37
-7.5,135.5,-0.16889010721247594,0.23290059118518391,35
-7.5,136.5,-0.24594171485827426,0.06594156141642833,36
-7.5,137.5,0.07840322254762248,0.6565125016248674,34
-7.5,138.5,0.11880630630630609,0.45325103254848365,39
-7.5,139.5,-0.01227678571428581,0.9457024715498787,36
-7.5,140.5,0.21961440826330572,0.24520258402450212,33
-7.5,141.5,0.34486172027290485,0.2001586151353415,32
-7.5,142.5,-0.11217948717948695,0.7895923705025335,34
-7.5,143.5,0.10587962962963005,0.9546999508650751,35
-7.5,144.5,-0.1243471252885165,0.7922384250904911,33
-7.5,145.5,0.03242914208442005,0.9611987334080325,32
-7.5,146.5,0.024801587301586735,0.8602887048423336,38
-7.5,147.5,0.6297183507549354,0.1745380369906271,38
-7.5,148.5,1.1302083333333344,0.010580470819026744,35
-7.5,149.5,-0.3121065751599247,0.40821489473295614,32
-7.5,150.5,-0.2364313672160545,0.485610385141812,32
-7.5,151.5,-0.12346600729321663,0.8010076470812286,34
-7.5,152.5,-0.41591447317338315,0.2389927879015219,30
-7.5,153.5,-0.29986161263441996,0.40644333792854104,34
-7.5,154.5,0.07759551312688079,0.7540675143570155,36
-7.5,155.5,0.5211287019533712,0.2373013210375159,38
-7.5,156.5,1.2240652901785707,0.010580470819026744,35
-7.5,157.5,0.182081123938117,0.614239541598542,34
-7.5,158.5,0.3330106814481812,0.3759635132769804,36
-7.5,159.5,0.45358594835105137,0.19538604457720776,37
-7.5,160.5,-0.17507002801120386,0.6150513215653133,38
-7.5,161.5,0.08299171738285571,0.6284436367082953,37
-7.5,162.5,-0.08594603367240017,0.609130070083629,33
-7.5,163.5,-0.1628352490421458,0.3926123103751683,38
-7.5,164.5,0.047813258028312475,0.8168835068089898,36
-7.5,165.5,0.13721955128205066,0.4602261776270049,35
-7.5,166.5,-0.0810113214650739,0.7436890405792607,37
-7.5,167.5,0.6751679669208642,0.0453849737765619,37
-7.5,168.5,0.5437499999999993,0.2559086205193716,35
-7.5,169.5,0.07162417766864056,0.8845825962766167,39
-7.5,170.5,-0.7645409191824609,0.07436890009945402,36
-7.5,171.5,-0.9815971286835101,0.06520717421940614,33
-7.5,172.5,-0.6682668377837965,0.14347708151957062,30
-7.5,173.5,-0.15822161663658513,0.5633463699559165,31
-7.5,174.5,-0.2933879398091636,0.47672905828844614,34
-7.5,175.5,0.19717464661317707,0.757996646747342,32
-7.5,176.5,-0.060074176482674414,0.96292509372887,33
-7.5,177.5,-0.5091903659611994,0.2582511905140965,36
-7.5,178.5,0.13662829315060376,0.7827940862749598,32
-7.5,179.5,0.7543644468313329,0.04608393295095622,32
-7.5,180.5,0.012562665448497237,0.9876377419871504,33
-7.5,181.5,0.1238276230042603,0.6851751854528196,32
-7.5,182.5,-0.011347131445171854,0.9457970432721066,31
-7.5,183.5,-0.08455457303113535,0.9096221353961885,32
-7.5,184.5,-0.19322287940571042,0.7084629632532715,31
-7.5,185.5,0.49071199265735027,0.2684125627342089,29
-7.5,186.5,0.12308550784379756,0.8365263661204166,29
-7.5,187.5,0.0031344006195128493,1.0,24
-7.5,188.5,0.16451565533628112,0.6374381847429542,24
-7.5,189.5,0.25686858098210413,0.6374381847429542,24
-7.5,190.5,0.7772221788750872,0.18344722817247316,20
-7.5,191.5,-0.21073057141492962,0.6264962743469109,20
-7.5,192.5,0.34853439903749484,0.6077081401081054,21
-7.5,193.5,1.060173232612991,0.23423926303398213,19
-7.5,194.5,1.3344003586156243,0.14172595380646796,19
-7.5,195.5,0.27522789944313475,0.48410753779266247,19
-7.5,196.5,0.9195287697240396,0.20785680345658664,19
-7.5,197.5,1.3501512096774189,0.06904431984775117,18
-7.5,198.5,0.44045072680042097,0.44148821101397295,19
-7.5,199.5,1.4523028374101166,0.07435290536856357,20
-7.5,200.5,1.292981116150712,0.3923143472853552,16
-7.5,201.5,1.0842803030303028,0.37305311625145265,15
-7.5,202.5,-0.8378314451447602,0.4277105102974643,13
-7.5,203.5,0.48858011552394726,0.6614159170078631,14
-7.5,204.5,-0.8435214664605828,0.36012164775537825,13
-7.5,205.5,-0.8621890625301647,0.7317017232242102,12
-7.5,206.5,-0.9942264211886304,0.7205147871362552,10
-7.5,207.5,-1.6227291040949379,0.04909798160926558,10
-6.5,39.5,0.5092239379882812,0.8762696636277617,11
-6.5,45.5,-0.024102661898092837,0.9640893612679119,16
-6.5,46.5,0.24305555555555547,0.25581804946653663,18
-6.5,47.5,2.256320778798849,0.05824026959156131,18
-6.5,48.5,1.235065202067669,0.022821503671488087,15
-6.5,49.5,1.25,0.08144297973908005,18
-6.5,50.5,0.5518219832735958,0.21471330142519174,22
-6.5,51.5,0.44867533310749697,0.41730416562740436,20
-6.5,52.5,-0.2626063270448109,0.832591967665674,21
-6.5,53.5,0.4624777596910965,0.5030370130775135,24
-6.5,54.5,0.8152468446700917,0.18311229220036362,25
-6.5,55.5,0.09731670445956146,0.8947871042097532,26
-6.5,56.5,0.07419115971747549,0.8588732339133708,28
-6.5,57.5,0.6881127450980393,0.06602837773431022,34
-6.5,58.5,0.07403673835125432,0.8330324989520455,32
-6.5,59.5,0.10347222222222187,0.7763884317697076,35
-6.5,60.5,-0.15851449275362345,0.6700765413856125,35
-6.5,61.5,0.4193259589584528,0.2684125627342089,29
-6.5,62.5,0.4242995689655171,0.1989481007752456,30
-6.5,63.5,0.6244616622000095,0.15947049705508698,29
-6.5,64.5,0.7019877843610561,0.0581501553999165,29
-6.5,65.5,0.4354876893939397,0.18493228677225526,31
-6.5,66.5,0.28169721944125503,0.37244389624576013,32
-6.5,67.5,0.515869936816016,0.22093012126147427,33
-6.5,68.5,0.12887286324786296,0.568058623631595,30
-6.5,69.5,0.3339390370143405,0.34457761884916804,33
-6.5,70.5,-0.05887522520842392,0.7895923705025335,34
-6.5,71.5,0.19838930068882882,0.6099979618746088,37
-6.5,72.5,0.28504110839313757,0.40821489473295614,32
-6.5,73.5,0.42312620950730107,0.2598872365092252,34
-6.5,74.5,0.4117628043630859,0.26626505196565464,37
-6.5,75.5,0.620116008416025,0.10145053336149581,32
-6.5,76.5,0.685918180213277,0.04373692303640231,35
-6.5,77.5,0.3560888474681581,0.2559086205193716,35
-6.5,78.5,0.811590033521789,0.17261516227968454,34
-6.5,79.5,0.8574929971988805,0.04698056111666789,34
-6.5,80.5,0.5907008918271889,0.1920457783931343,34
-6.5,81.5,0.39042117571316065,0.1956706219250084,36
-6.5,82.5,0.9080841104660737,0.010862005929523534,36
-6.5,83.5,0.7572572900296848,0.08024188634387087,34
-6.5,84.5,0.8575052697005725,0.19645146482180031,31
-6.5,85.5,0.6726540600584485,0.070932343072997,40
-6.5,86.5,-0.11254991803850434,0.7437665722846407,38
-6.5,87.5,-0.20461309523809534,0.7332282750983805,35
-6.5,88.5,-0.33274365312687937,0.2442143847130671,35
-6.5,89.5,-1.2851146936437825,0.00402823717083145,34
-6.5,90.5,0.12724117987275962,0.7130491088889688,36
-6.5,91.5,0.3480113636363624,0.3486070834489362,35
-6.5,92.5,0.12927844763942897,0.5778990721352786,39
-6.5,93.5,-0.12731795375957589,0.7248282628697524,38
-6.5,94.5,-0.5837357943620956,0.22084614564234595,41
-6.5,95.5,0.3064710947852426,0.3453965562420982,39
-6.5,96.5,0.4494977678571426,0.2132358161352561,38
-6.5,97.5,-0.14837897690050975,0.5778990721352786,39
-6.5,98.5,-0.2123806409755659,0.5680669608513922,40
-6.5,99.5,-0.3161875019943125,0.22943429057595655,41
-6.5,100.5,-0.41432000930356266,0.025234162425911925,38
-6.5,101.5,-0.18754902461506462,0.3668216928826443,37
-6.5,102.5,0.027765183936355946,0.8594521306883358,36
-6.5,103.5,-0.2826642933301509,0.5664461417662239,33
-6.5,104.5,-0.11261789417148219,0.7130491088889688,36
-6.5,105.5,0.39029992757368337,0.5045014597713458,36
-6.5,106.5,-0.7675269658816603,0.3983488501477722,36
-6.5,107.5,0.29737115395565106,0.4856472470963893,33
-6.5,108.5,-0.3417532727903249,0.3634073211862605,35
-6.5,109.5,-0.36284344851315675,0.2364918152910518,32
-6.5,110.5,-0.53553516313933,0.08564766337928073,28
-6.5,111.5,-0.48534036256011914,0.05004144589131087,27
-6.5,112.5,-0.13237847222222246,0.45366236627030876,30
-6.5,113.5,0.31141830187093733,0.0644695413872834,32
-6.5,114.5,0.07311442660979163,0.42684260879570113,32
-6.5,115.5,0.06331323099415195,0.6782246933005027,28
-6.5,116.5,0.13150312902172878,0.4145985082462331,31
-6.5,117.5,0.03207172732166467,0.6984894773302321,33
-6.5,118.5,-0.11928533008375289,0.31386902702531216,33
-6.5,119.5,-0.043525516434247485,0.7091645038629479,32
-6.5,120.5,0.08860153256704972,0.4977975765265772,30
-6.5,121.5,-0.13965837326986608,0.16779182432610795,33
-6.5,122.5,0.13922991071428556,0.3954246967469043,31
-6.5,123.5,-0.021469453107570494,0.9382480146046129,33
-6.5,124.5,-0.09765625,0.6292031763118552,35
-6.5,125.5,-0.06111026904211796,0.3530961293655652,37
-6.5,126.5,-0.07398313813568298,0.556163415969644,37
-6.5,127.5,-0.15711110850581553,0.30698585474987417,36
-6.5,128.5,0.19299450549450575,0.30258950281847785,38
-6.5,129.5,-0.11502250768555128,0.6081749588228955,40
-6.5,130.5,-0.034602373472718655,0.8845825962766167,39
-6.5,131.5,0.10283786797502213,0.49182374314403665,40
-6.5,132.5,0.04641755166475265,0.7774974111100883,43
-6.5,133.5,-0.16401986467868404,0.3453056974481019,40
-6.5,134.5,-0.17159090909090888,0.37375236607181783,34
-6.5,135.5,0.20402405180388497,0.3353389634847318,30
-6.5,136.5,0.22666425010175018,0.3382878549727658,25
-6.5,137.5,0.3285256410256411,0.1139020163324531,31
-6.5,138.5,0.30381315769685885,0.32017406683149174,35
-6.5,139.5,0.5028111188484352,0.15829432695339385,32
-6.5,140.5,0.5927869398634007,0.20848766222654147,31
-6.5,141.5,1.3350542020896232,0.03403464523782446,29
-6.5,142.5,0.6860795454545449,0.4977975765265772,30
-6.5,143.5,0.3657970647773279,0.46443447665483895,29
-6.5,144.5,0.18980836885771904,0.440783366600357,34
-6.5,145.5,0.3238396624472575,0.27263754267559726,34
-6.5,146.5,-0.19909873871152517,0.38087509602077263,37
-6.5,147.5,0.8557692307692313,0.19137178961561363,35
-6.5,148.5,0.6339285714285715,0.4922895298178107,23
-6.5,149.5,2.170731707317074,0.07112672748994048,22
-6.5,150.5,1.1422821969696968,0.41489093965848534,21
-6.5,151.5,1.6013049450549446,0.23628916450237403,22
-6.5,152.5,0.16791449652777848,0.8711314915971583,20
-6.5,153.5,0.4565839694656493,0.15184384887391242,26
-6.5,154.5,-0.16918046089542008,0.7215623759883523,33
-6.5,155.5,0.15683253847229767,0.5952698888863501,36
-6.5,156.5,0.5572097737293153,0.2373017786499999,29
-6.5,157.5,0.015811892507719347,0.9353765292166933,32
-6.5,158.5,0.32833760449081595,0.2619630008374654,31
-6.5,159.5,0.314338235294117,0.14347708151957062,30
-6.5,160.5,0.5726045927293215,0.15854217661892822,33
-6.5,161.5,0.09766676732421378,0.7091645038629479,32
-6.5,162.5,0.27500000000000013,0.3954246967469043,31
-6.5,163.5,-0.09093915343915315,0.802761791874143,30
-6.5,164.5,0.01329954213506316,1.0,29
-6.5,165.5,-0.23705421325593273,0.2849752678232519,29
-6.5,166.5,0.028572122962074054,0.883962377036416,32
-6.5,167.5,0.45123421962814686,0.14102919353281582,33
-6.5,168.5,0.5167997220734122,0.17765391067092295,33
-6.5,169.5,0.3230828592770788,0.35803517004775176,34
-6.5,170.5,-0.18477090483982533,0.49659521437046883,31
-6.5,171.5,-0.4714992207632224,0.2364918152910518,32
-6.5,172.5,-0.5309029117792206,0.1486347107477729,29
-6.5,173.5,-0.8257870119906277,0.14336170443177826,29
-6.5,174.5,-0.5001042233614074,0.3580197188228159,29
-6.5,175.5,-0.09424102031194385,0.7481053914270006,30
-6.5,176.5,0.6021718355808012,0.15829432695339385,32
-6.5,177.5,-0.11611114252327667,0.6585566199856315,31
-6.5,178.5,0.08552221760797213,0.8073432738589214,29
-6.5,179.5,0.27355552003410044,0.4343114428562501,31
-6.5,180.5,0.5064778106878656,0.2992115611491839,33
-6.5,181.5,0.2735294117647058,0.5594130972023401,27
-6.5,182.5,-0.273357904830396,0.4282542252410364,27
-6.5,183.5,0.5778697109342268,0.31062506239573384,26
-6.5,184.5,0.5339206126366335,0.2849752678232519,29
-6.5,185.5,0.042037917037917726,0.8947871042097532,26
-6.5,186.5,-0.3386544941888445,0.5084542305885602,26
-6.5,187.5,-0.21589913308214947,0.5593049468922573,25
-6.5,188.5,0.6341991341991344,0.3376949763722794,22
-6.5,189.5,1.193598021054847,0.12728869225659978,20
-6.5,190.5,-0.097956021251476,0.9442166279919116,19
-6.5,191.5,-0.3260768857096257,0.6264962743469109,20
-6.5,192.5,0.7069914753025209,0.09799379060302298,20
-6.5,193.5,-0.1605708271222277,0.8218916912511594,16
-6.5,194.5,1.1948294440308214,0.09245959511086128,15
-6.5,195.5,0.38807067026931696,0.6853285557833784,16
-6.5,196.5,1.1686888037462753,0.19780102703780067,18
-6.5,197.5,0.3255642361111132,0.49946120310401465,16
-6.5,198.5,0.8113314583726752,0.12720368763109946,13
-6.5,199.5,1.1136316274635358,0.12747693274137845,17
-6.5,200.5,2.987378921608781,0.02148873911967739,14
-6.5,201.5,2.821636029472019,0.3726914904715183,12
-6.5,202.5,1.30466472303207,0.5915050369949166,10
-6.5,203.5,1.926501035196686,0.4742743507673295,10
-6.5,204.5,0.13886884720218065,1.0,11
-5.5,46.5,-0.08861540111540113,0.6693340144640527,13
-5.5,47.5,0.31976010101010033,0.35020138917929566,11
-5.5,48.5,0.24042038690476275,0.8430852292699837,15
-5.5,49.5,0.28192934782608703,0.6921807727218765,15
-5.5,50.5,-0.052777777777777736,0.8795727890074994,18
-5.5,51.5,0.23645833333333321,0.7795660645811546,19
-5.5,52.5,0.8525378367919003,0.09799379060302298,20
-5.5,53.5,0.5201277709359609,0.3692092650321579,23
-5.5,54.5,0.3377295740277881,0.5288645203641904,19
-5.5,55.5,-0.09288145701090489,0.9396136982356221,18
-5.5,56.5,0.5902777777777768,0.31004602085382316,22
-5.5,57.5,0.24889823717948695,0.6345102928818573,23
-5.5,58.5,-0.04865725359911366,0.8215254231894769,22
-5.5,59.5,0.26921108655775733,0.6731887478154436,20
-5.5,60.5,-0.46582188107831274,0.25246050425043143,25
-5.5,61.5,0.11161176462975886,0.7849697273207377,24
-5.5,62.5,0.5747767857142857,0.15382082239203035,23
-5.5,63.5,1.3686605455036458,0.026522235089512375,23
-5.5,64.5,1.0151143790849677,0.169645513311097,23
-5.5,65.5,0.6557791644366597,0.10198746579422545,25
-5.5,66.5,0.5444862155388474,0.10752361598288847,26
-5.5,67.5,0.4389391447368429,0.35900429696743286,27
-5.5,68.5,0.3065091606758276,0.6168456628672252,27
-5.5,69.5,0.4790219907407405,0.41182433473249114,30
-5.5,70.5,-0.00091552734375,0.9864375153008302,31
-5.5,71.5,0.05902092736046602,0.8584237820523384,32
-5.5,72.5,0.13011724960254364,0.7856661000859302,31
-5.5,73.5,-0.19142235196635468,0.485610385141812,32
-5.5,74.5,-0.14016288264862686,0.7498121637483278,29
-5.5,75.5,-0.10770961294178663,0.8073432738589214,29
-5.5,76.5,0.771703827247191,0.017696356070156825,34
-5.5,77.5,0.939528162601406,0.004541435280679144,32
-5.5,78.5,1.0837430603909557,0.001749399716013245,32
-5.5,79.5,1.0056603773584902,0.03794743493844404,34
-5.5,80.5,0.4819116135662898,0.39416640444789575,35
-5.5,81.5,0.11935438933195913,0.7239911390149285,37
-5.5,82.5,0.2995064080956341,0.16966453316566255,37
-5.5,83.5,0.5633177334943648,0.15556599427132728,35
-5.5,84.5,0.2885737846071004,0.23284204679391485,33
-5.5,85.5,0.688050375550376,0.05036786813108444,34
-5.5,86.5,1.0401046778560687,0.03377610305998658,33
-5.5,87.5,-0.19187690127780183,0.7225359456819136,35
-5.5,88.5,-0.0701899841707125,0.8890947898386434,33
-5.5,89.5,-0.4338844222318791,0.1739206495334844,31
-5.5,90.5,0.22857142857142776,0.513584888637536,35
-5.5,91.5,0.2926520029703772,0.42497974024989427,37
-5.5,92.5,0.7797296556363843,0.09932636867264089,36
-5.5,93.5,0.6645901081836127,0.1689113395241172,36
-5.5,94.5,-0.6001483084816421,0.016612173242996766,39
-5.5,95.5,-0.8001811034435431,0.008923890028161534,38
-5.5,96.5,-0.23757209180683636,0.18880018541004573,41
-5.5,97.5,-0.33800080128205234,0.13999263656729635,39
-5.5,98.5,0.12611607142857176,0.6114052024347297,39
-5.5,99.5,-0.19193491541353383,0.4872648904642325,36
-5.5,100.5,0.05408922973578153,0.8111947031197073,38
-5.5,101.5,-0.049805416751525604,0.8649901175825423,37
-5.5,102.5,-0.4058865774624345,0.24441573431054653,37
-5.5,103.5,0.10369487851486456,0.9024333200095812,36
-5.5,104.5,-0.4568263462611607,0.20868467068315721,38
-5.5,105.5,-0.378392841501336,0.32678580538480595,38
-5.5,106.5,0.512724328963795,0.2437621921734151,28
-5.5,107.5,0.06219008596319902,0.8584007529637274,30
-5.5,108.5,0.002557283142389603,0.9864375153008302,31
-5.5,109.5,-0.15450057143435608,0.4130458869045295,24
-5.5,110.5,-0.13221153846153846,0.31004602085382316,22
-5.5,111.5,0.02676302362618943,0.8701367570919353,25
-5.5,112.5,-0.2433458795065941,0.19459514049618598,22
-5.5,113.5,-0.046534717930256236,0.3875143778393141,25
-5.5,114.5,0.10854291512601472,0.45029515330704106,21
-5.5,115.5,-0.19986462613243997,0.18863315303694816,24
-5.5,116.5,-0.04927286371648396,0.6024416860423838,24
-5.5,117.5,-0.23528664342808459,0.09727654970369656,25
-5.5,118.5,0.11943247126436761,0.4282542252410364,27
-5.5,119.5,-0.24618561469587322,0.5748229033761494,31
-5.5,120.5,-0.0793010752688178,0.7220751513605705,28
-5.5,121.5,0.02311536295911283,0.984237603525127,28
-5.5,122.5,0.6862330562853938,0.002259360643567487,34
-5.5,123.5,0.06699346405228761,0.8383870987564421,31
-5.5,124.5,0.06199347930142558,0.545656108406517,33
-5.5,125.5,-0.15783822094952635,0.19645146482180031,31
-5.5,126.5,-0.01745495495495529,0.9024333200095812,36
-5.5,127.5,-0.22342414529914478,0.20120398589876765,35
-5.5,128.5,-0.1462489252544804,0.504757480200261,37
-5.5,129.5,0.004176077545642937,0.9527149346506575,34
-5.5,130.5,-0.16068668394777288,0.21515988319619161,36
-5.5,131.5,0.014074769707036947,0.9229050934914809,39
-5.5,132.5,0.014993377158555678,0.9457024715498787,36
-5.5,133.5,0.3471899811570557,0.07005128462163264,36
-5.5,134.5,0.38719846491228105,0.11825088388903625,35
-5.5,135.5,0.654168050504986,0.09309278128349438,28
-5.5,136.5,1.1947997344083052,0.0418587715083578,28
-5.5,137.5,0.6783741154964605,0.17281953611248368,28
-5.5,138.5,1.1033549783549788,0.1856070821521849,28
-5.5,139.5,1.6080729166666696,0.07784584959716469,26
-5.5,140.5,2.403874017445743,0.11919865764979799,20
-5.5,141.5,1.9967830882352942,0.07299943012573044,27
-5.5,142.5,0.09614372936294416,0.9136301036401862,33
-5.5,143.5,0.550944180501519,0.06330430800237492,29
-5.5,144.5,-0.03141276041666641,0.9472657913187726,26
-5.5,145.5,2.3555148555148557,0.005899983624599806,24
-5.5,146.5,3.4614667915722293,0.00251600029295694,33
-5.5,147.5,0.9197014574864002,0.44771724277486147,33
-5.5,148.5,-0.3420534276512538,0.609130070083629,33
-5.5,149.5,0.45685889487373904,0.22814629250030505,28
-5.5,150.5,-0.7128963993313817,0.15854217661892822,33
-5.5,151.5,-0.23340946226975592,0.649540989554171,28
-5.5,152.5,1.0034722222222219,0.38069927096238954,19
-5.5,153.5,-1.038139391166735,0.06163572122078023,25
-5.5,154.5,-0.5088198757763975,0.5441196833389506,30
-5.5,155.5,-0.017261674406604532,0.9715358738879935,30
-5.5,156.5,-0.5231640002583988,0.17175819814532312,26
-5.5,157.5,0.3614378046196227,0.2844114676220474,30
-5.5,158.5,-0.10927986450561743,0.7074787276069775,27
-5.5,159.5,-0.038835293567198614,0.940681598665201,24
-5.5,160.5,0.46774839743589725,0.2250571451510026,30
-5.5,161.5,0.576171875,0.15325972909358404,31
-5.5,162.5,0.017641672053436527,0.9457970432721066,31
-5.5,163.5,0.2431869647648921,0.5359057917615426,29
-5.5,164.5,0.2871621621621627,0.5878049630676369,27
-5.5,165.5,-0.145580700635422,0.6024416860423838,24
-5.5,166.5,-0.3374322033898302,0.3375799754591595,27
-5.5,167.5,0.4605355483522217,0.2601140477282804,28
-5.5,168.5,0.36191240700825794,0.17281953611248368,28
-5.5,169.5,-0.5162322103557653,0.5968073797467659,26
-5.5,170.5,-0.30101399451145017,0.566590311939465,26
-5.5,171.5,0.43945544760302657,0.10104860561904867,28
-5.5,172.5,-0.052644437818857304,0.8365263661204166,29
-5.5,173.5,-1.0147618469825543,0.03765485026971746,25
-5.5,174.5,-0.7735905193655639,0.09390326367306248,26
-5.5,175.5,-1.1481525419025416,0.1411929728237963,25
-5.5,176.5,-1.2495677907497056,0.0813178739034836,23
-5.5,177.5,0.23467432950191564,0.478451739086175,27
-5.5,178.5,0.13862179487179588,0.8675468701977536,27
-5.5,179.5,0.16255465599798416,0.6391042707127212,29
-5.5,180.5,-0.320309314818812,0.3545784475977316,26
-5.5,181.5,0.15151515151515152,0.7387187313672434,27
-5.5,182.5,0.31281746031745944,0.44193101201121243,24
-5.5,183.5,-0.1112494632492293,0.9012978441563574,24
-5.5,184.5,0.744660108210754,0.1758957490227674,22
-5.5,185.5,0.6470659664866159,0.45029515330704106,21
-5.5,186.5,-0.056687583576094144,0.9278177692263682,21
-5.5,187.5,-0.04140625000000009,0.9550264552939917,22
-5.5,188.5,0.13182124403356407,0.832591967665674,21
-5.5,189.5,-0.1595615680106588,0.7702877264736667,20
-5.5,190.5,0.5737223972420374,0.5923012814329899,17
-5.5,191.5,0.2028226776210654,0.48410753779266247,19
-5.5,192.5,1.1681585677749355,0.06003829090957912,15
-5.5,193.5,0.6698740460314125,0.3726914904715183,12
-5.5,194.5,-0.12360384878238984,0.9453298708327,12
-5.5,195.5,0.7339808628871123,0.4837557864964521,17
-5.5,196.5,0.6339285714285718,0.34649499290378194,15
-5.5,197.5,1.4790687042842214,0.06269811626098261,14
-5.5,198.5,0.8157051282051289,0.12531111138942436,14
-5.5,199.5,0.20293010619075,0.7603323075218761,13
-4.5,48.5,1.0272314725439726,0.2104977000553373,10
-4.5,49.5,-0.006679518398268469,1.0,12
-4.5,50.5,1.2742200328407227,0.08647112777407255,12
-4.5,51.5,0.9999398858479047,0.2001281176786024,13
-4.5,52.5,0.8787827402692271,0.06003829090957912,15
-4.5,53.5,0.371454332257134,0.344417522979072,16
-4.5,54.5,-0.05416666666666714,1.0,15
-4.5,55.5,-0.14645924530593132,0.7205147871362552,10
-4.5,56.5,-0.4998199207229804,0.5366482363005154,17
-4.5,57.5,-1.343315972222221,0.06904431984775117,18
-4.5,58.5,-0.5253623188405792,0.2629105671183505,19
-4.5,59.5,0.9197990475030635,0.20161232353469571,17
-4.5,60.5,-0.7342391304347828,0.06887334136057353,19
-4.5,61.5,-0.3035095568077979,0.6504631229507133,17
-4.5,62.5,0.1684770615563299,0.6288322037203555,21
-4.5,63.5,0.5127728174603163,0.3272855802219552,19
-4.5,64.5,1.3614932216905902,0.008610786795054443,21
-4.5,65.5,0.6626724763979681,0.19459514049618598,22
-4.5,66.5,1.4441038830445545,0.003399434591581013,21
-4.5,67.5,0.5375530789946121,0.38118730498775844,21
-4.5,68.5,-0.1499806205357661,0.8799878558277134,21
-4.5,69.5,0.5017361111111114,0.45960782304895875,23
-4.5,70.5,0.42173981845494657,0.25246050425043143,25
-4.5,71.5,0.9999200609996073,0.07983871964585261,25
-4.5,72.5,0.6375651904242325,0.1724913614849527,24
-4.5,73.5,-0.041709338000172826,0.9813671252686654,25
-4.5,74.5,-0.6369731800766292,0.04257834985054805,26
-4.5,75.5,0.1425923396250137,0.7220751513605705,28
-4.5,76.5,-0.09674212945375031,0.8900067739861677,28
-4.5,77.5,1.0867104404976935,0.005897626336997501,31
-4.5,78.5,1.1087043791876237,0.0060971399177845425,33
-4.5,79.5,0.60828851689138,0.09684654514932389,34
-4.5,80.5,-0.08333333333333333,0.7215623759883523,33
-4.5,81.5,0.06364611836968055,0.7684569726000503,33
-4.5,82.5,0.09375,0.7596537518193331,31
-4.5,83.5,-0.12589650687476775,0.7982398124572034,35
-4.5,84.5,0.10046897546897571,0.802761791874143,30
-4.5,85.5,0.5993960084033614,0.06602837773431022,34
-4.5,86.5,0.9124722805788982,0.02039759588839329,32
-4.5,87.5,0.16055628458658794,0.6142802922561134,36
-4.5,88.5,0.28316452569169925,0.3486070834489362,35
-4.5,89.5,-0.07901533494753821,0.7763884317697076,35
-4.5,90.5,0.011846591683419703,0.9876377419871504,33
-4.5,91.5,0.17057826400565013,0.5220542678768723,36
-4.5,92.5,-0.03374412175671707,0.913297813143667,39
-4.5,93.5,0.009743448755545395,0.9895648601306644,37
-4.5,94.5,-0.03539766195049209,0.927053855932963,37
-4.5,95.5,-0.273605888672531,0.31453469858619243,38
-4.5,96.5,0.22051702529379197,0.4658973881161266,38
-4.5,97.5,0.274095323859991,0.1603211528324091,41
-4.5,98.5,-0.13195676821453278,0.30258950281847785,38
-4.5,99.5,-0.08653275957183246,0.5489228809811054,36
-4.5,100.5,0.07994516078901538,0.5876087946102937,33
-4.5,101.5,0.05059523809523826,0.8584007529637274,30
-4.5,102.5,0.3349810118460417,0.40821489473295614,32
-4.5,103.5,0.2973790322580645,0.49659521437046883,31
-4.5,104.5,0.026227678571428825,0.9431079616717606,30
-4.5,105.5,-0.036900219586189525,0.8865048064138312,30
-4.5,106.5,-0.224490583644492,0.5609035741936789,29
-4.5,107.5,-0.39097850678733,0.39803568959424807,23
-4.5,108.5,-0.2604707705429177,0.2673270197885057,23
-4.5,109.5,-0.12413194444444464,0.2839350843566295,22
-4.5,110.5,-0.004402815039848577,0.9741177473553713,20
-4.5,111.5,-0.080091533180778,0.6921807727218765,15
-4.5,112.5,0.02083333333333348,0.9396136982356221,18
-4.5,113.5,-0.42594291474393786,0.11719661998391472,17
-4.5,114.5,-0.1931067420697371,0.19412668587809967,21
-4.5,115.5,-0.007836045810728973,1.0,18
-4.5,116.5,0.05760869565217403,0.7563323629325736,22
-4.5,117.5,0.15613805261834393,0.41489093965848534,21
-4.5,118.5,-0.015247906594410755,1.0,17
-4.5,119.5,0.797903878348214,0.04472893731365215,23
-4.5,120.5,0.018660873440285473,0.8370114751054462,12
-4.5,121.5,-0.17992424242424188,0.6494456692174662,18
-4.5,122.5,0.2532969062758452,0.5030370130775135,24
-4.5,123.5,-0.04464285714285714,0.8348627075364895,27
-4.5,124.5,-0.050093091936311396,0.7913957365052897,26
-4.5,125.5,-0.10712922447328391,0.4324504235358998,30
-4.5,126.5,0.08123429980932793,0.6277372683701176,26
-4.5,127.5,-0.24698058374920062,0.1542575118326619,25
-4.5,128.5,-0.2847215386361208,0.18908342791449628,29
-4.5,129.5,-0.06692364515872312,0.8900067739861677,28
-4.5,130.5,0.11195406423220475,0.4876519268316105,29
-4.5,131.5,0.23901898072509398,0.19908116182657798,28
-4.5,132.5,0.5133928571428571,0.1739206495334844,31
-4.5,133.5,0.6268591838444786,0.07436890009945402,36
-4.5,134.5,1.5312314533584703,0.04490137627948909,31
-4.5,135.5,1.630729166666667,0.12609656894220533,31
-4.5,136.5,0.7246002584985645,0.4655488870531287,32
-4.5,137.5,0.5464687354348345,0.3771382028423258,33
-4.5,138.5,0.34354714912280837,0.7334457521953335,32
-4.5,139.5,1.237277348836263,0.0034342921262228124,30
-4.5,140.5,0.20870054837446156,0.3767967991819644,31
-4.5,141.5,0.4250992063492056,0.3375799754591595,27
-4.5,142.5,-0.13967534808378385,0.7972523796379414,25
-4.5,143.5,0.5986692922783146,0.3545784475977316,26
-4.5,144.5,1.3091732486263736,0.12354986589680401,21
-4.5,145.5,0.11574074074074064,0.8656490997057351,22
-4.5,146.5,0.10968069744925166,0.8701367570919353,25
-4.5,147.5,0.07235863095238078,0.8740921801633091,23
-4.5,148.5,-0.15987380379844277,0.5756369136048027,19
-4.5,149.5,0.146484375,0.6518692807184261,22
-4.5,150.5,0.5187518550527311,0.38118730498775844,21
-4.5,151.5,0.7586532642336217,0.2723427122311102,25
-4.5,152.5,-0.19672302643174905,0.5911541483740381,25
-4.5,153.5,-0.8435950521001527,0.18344722817247316,20
-4.5,154.5,-0.6617767583029271,0.0813178739034836,23
-4.5,155.5,-0.2371229441697461,0.6024416860423838,24
-4.5,156.5,-0.0635317207777229,0.8701367570919353,25
-4.5,157.5,-0.4999059571919623,0.2157852878709826,25
-4.5,158.5,-1.243861315497011,0.06503135683341549,25
-4.5,159.5,-0.4810117168277174,0.3853099749909059,24
-4.5,160.5,0.21215420081967196,0.7074787276069775,27
-4.5,161.5,0.6170622564396264,0.07869133608833012,28
-4.5,162.5,-0.05986543739734078,0.8955329031670437,29
-4.5,163.5,-0.4419936560150374,0.1574056639748741,24
-4.5,164.5,-0.0827991452991453,0.8799878558277134,21
-4.5,165.5,0.2813390010819916,0.6731887478154436,20
-4.5,166.5,-0.21260220496110482,0.8887055908352302,19
-4.5,167.5,-0.45770994909821483,0.4555354119407532,20
-4.5,168.5,0.44248297275641,0.15582458786203346,21
-4.5,169.5,-0.23696331256284983,0.6930118863702326,22
-4.5,170.5,-0.34563310450038137,0.45960782304895875,23
-4.5,171.5,0.07164769781705188,0.9012978441563574,24
-4.5,172.5,-0.19922913874762943,0.6919741721987265,27
-4.5,173.5,-0.2562435561233638,0.4130458869045295,24
-4.5,174.5,0.0642813546812012,0.8215254231894769,22
-4.5,175.5,0.2910579936858843,0.6264962743469109,20
-4.5,176.5,-0.0724812775394547,0.8795727890074994,18
-4.5,177.5,0.055948275862068186,0.9550264552939917,22
-4.5,178.5,-0.10644244868035208,0.832591967665674,21
-4.5,179.5,-0.07520894190198063,0.777959384381542,22
-4.5,180.5,0.13706318294925818,0.8885272207402329,25
-4.5,181.5,-0.4314908693121238,0.566142727568169,21
-4.5,182.5,0.27515169971832265,0.6731887478154436,20
-4.5,183.5,-0.2722153152910792,0.5376032363488861,20
-4.5,184.5,-0.6293402777777797,0.16168621659204063,19
-4.5,185.5,-0.5587422468987593,0.4837557864964521,17
-4.5,186.5,-0.4542156980098006,0.5366482363005154,17
-4.5,187.5,-1.0989545258925628,0.10051817320746463,14
-4.5,188.5,-0.9493958798886465,0.34341948718274173,17
-4.5,189.5,-0.8335348162475821,0.29391717025195707,19
-4.5,190.5,1.0230826995149926,0.22413430196016682,16
-4.5,191.5,1.4322817344580794,0.5840703669455064,14
-4.5,192.5,0.7911706349206356,0.640428787412791,11
-4.5,193.5,0.354080161476355,0.8762696636277617,11
-4.5,194.5,1.6856052815597877,0.11947098677170075,11
-4.5,195.5,0.5303766635534478,0.36012164775537825,13
-4.5,196.5,0.49753915763160744,0.8370114751054462,12
-4.5,197.5,1.6627295183681088,0.3036732148994191,12
-3.5,54.5,0.046545201115093957,1.0,10
-3.5,55.5,0.3319882382382371,0.640428787412791,11
-3.5,56.5,-0.7761788751372087,0.16055589143580895,13
-3.5,57.5,-0.8262924382716046,0.640428787412791,11
-3.5,58.5,0.36625512976929925,0.5021582515007486,13
-3.5,59.5,0.1545117160339313,0.541049008790059,13
-3.5,60.5,0.9140527708592777,0.36012164775537825,13
-3.5,61.5,0.9599829682868835,0.2001281176786024,13
-3.5,62.5,-0.046622369878183655,0.7554968749288828,11
-3.5,63.5,0.23126657824933677,0.9128140271840749,14
-3.5,64.5,0.8739885066929999,0.0957466564738153,16
-3.5,65.5,0.31010841836734676,0.8430852292699837,15
-3.5,66.5,2.1419270833333335,0.03749749081571984,14
-3.5,67.5,1.0461786784044418,0.29056075537876946,21
-3.5,68.5,0.027862354619266942,1.0,20
-3.5,69.5,0.7364302746765796,0.07481148131741681,21
-3.5,70.5,0.2881000905797101,0.5350244506182873,22
-3.5,71.5,0.11523437500000011,0.8326659395181515,23
-3.5,72.5,-0.047348739495510946,0.8711314915971583,20
-3.5,73.5,0.18784574468085086,0.5727823105937271,22
-3.5,74.5,0.010402609086819694,1.0,26
-3.5,75.5,-0.07082556007689729,0.9255497545807507,25
-3.5,76.5,0.15103235195641102,0.6374381847429542,24
-3.5,77.5,0.3955679465250427,0.2227402060902387,29
-3.5,78.5,0.11617288961039023,0.7073824349601937,28
-3.5,79.5,0.47990221496022056,0.09536480979922483,27
-3.5,80.5,0.609375,0.03359837532915384,31
-3.5,81.5,0.3125,0.3353389634847318,30
-3.5,82.5,0.4120595971663315,0.2373017786499999,29
-3.5,83.5,0.5170908899274119,0.25246050425043143,25
-3.5,84.5,0.44028814999209753,0.21325648747295345,28
-3.5,85.5,0.7982874167592904,0.0581501553999165,29
-3.5,86.5,0.52905701754386,0.3375799754591595,27
-3.5,87.5,0.044920779324339855,0.8279576357977381,28
-3.5,88.5,0.37497344673619065,0.5351853194474852,24
-3.5,89.5,0.35937500000000033,0.21171183194124243,30
-3.5,90.5,0.10619382522965046,0.5925510100829448,32
-3.5,91.5,0.3190244762288477,0.17765391067092295,33
-3.5,92.5,0.05664186507936472,0.7044743405984467,37
-3.5,93.5,0.06605204342273296,0.7555364430170511,34
-3.5,94.5,-0.18073076126062798,0.3668216928826443,37
-3.5,95.5,-0.13692865919466304,0.5580781774416292,36
-3.5,96.5,-0.12463223275580235,0.5614764462408652,39
-3.5,97.5,0.018047051934519942,0.9478599779684119,37
-3.5,98.5,-0.12436634449407441,0.4655488870531287,32
-3.5,99.5,-0.14100338914617855,0.6309950399173054,33
-3.5,100.5,0.03691649030036355,0.8659362154363435,29
-3.5,101.5,0.37675865800864017,0.6341458536966633,31
-3.5,102.5,-0.44921875,0.40435063820524453,27
-3.5,103.5,-0.13802083333333304,0.7243397423849234,26
-3.5,104.5,-0.003044260741651636,1.0,21
-3.5,105.5,-0.8660884635158321,0.169645513311097,23
-3.5,106.5,-0.0764299802761342,0.80246135962087,27
-3.5,107.5,-0.06578092515592493,0.8887055908352302,19
-3.5,108.5,0.28975418635777067,0.25445252615345615,15
-3.5,109.5,0.2238963176463181,0.5829505577618919,13
-3.5,110.5,0.019695378151260358,0.9211586502250249,15
-3.5,111.5,-0.17434210526315752,0.5845027658790456,15
-3.5,112.5,0.07375437062937044,0.8430852292699837,15
-3.5,113.5,-0.04056054905239684,0.9640893612679119,16
-3.5,114.5,-0.0024703557312253667,0.9562762019837864,14
-3.5,115.5,-0.032011760029816,0.9513521309544037,13
-3.5,116.5,0.23391231963634085,0.6206907170753546,15
-3.5,117.5,0.08747575964863963,0.5371338571769023,12
-3.5,118.5,0.10703685035842289,0.9513521309544037,13
-3.5,119.5,-0.6313941592261901,0.24638736002924666,13
-3.5,120.5,-0.559025039444197,0.5829505577618919,13
-3.5,121.5,-0.17824573540134425,0.8203382164336169,20
-3.5,122.5,0.3058035714285712,0.7795660645811546,19
-3.5,123.5,0.07943143812708989,0.8496817462890718,18
-3.5,124.5,0.3805769165199897,0.3692092650321579,23
-3.5,125.5,0.20708771922704217,0.7115714636761059,23
-3.5,126.5,-0.006510416666669627,1.0,27
-3.5,127.5,0.19892350310727905,0.6125283803487117,29
-3.5,128.5,-0.41201577042088366,0.5259924856094209,21
-3.5,129.5,1.0519281443194504,0.11251453486444042,26
-3.5,130.5,0.4555056710775047,0.4282542252410364,27
-3.5,131.5,0.03913071808130098,0.8900067739861677,28
-3.5,132.5,0.9584541525331001,0.028309276640606434,28
-3.5,133.5,0.5401704692766396,0.037329239673694226,29
-3.5,134.5,0.3485576923076923,0.5594130972023401,27
-3.5,135.5,-0.2027187341864189,0.747106327334731,24
-3.5,136.5,-0.14036458333333313,0.8659362154363435,29
-3.5,137.5,1.1061320754716983,0.11789500171022899,31
-3.5,138.5,1.037131519274376,0.027272736557864382,24
-3.5,139.5,1.3734057971014493,0.03520473611880551,27
-3.5,140.5,0.6329881897338456,0.018331574960998975,25
-3.5,141.5,0.41305954391891886,0.15382082239203035,23
-3.5,142.5,-0.15689300411522616,0.6464984392954767,27
-3.5,143.5,0.7451425827423168,0.14256865901357518,22
-3.5,144.5,-0.41776102664485204,0.5261780967197713,23
-3.5,145.5,-0.5552932122922793,0.38103238548434304,20
-3.5,146.5,0.2506868131868135,0.10754282889930056,19
-3.5,147.5,0.19412527586311923,0.2629105671183505,19
-3.5,148.5,0.8146330697743842,0.09559021985225108,18
-3.5,149.5,0.21494458473625133,0.4684171985942859,21
-3.5,150.5,0.49059421413547355,0.11431677554040419,22
-3.5,151.5,-0.12204875402230238,0.8326659395181515,23
-3.5,152.5,0.6497711908249626,0.0706988181459461,26
-3.5,153.5,-0.08219300333173862,0.7916993472718744,23
-3.5,154.5,-0.4616147741147746,0.06547335845953513,21
-3.5,155.5,-0.21093750000000022,0.41278080380970006,23
-3.5,156.5,0.5391190006574621,0.21471330142519174,22
-3.5,157.5,0.5381944444444464,0.169645513311097,23
-3.5,158.5,-0.01238394474637694,0.9550264552939917,22
-3.5,159.5,-0.25178571428571495,0.3668796006462124,22
-3.5,160.5,0.3019169998521323,0.38103238548434304,20
-3.5,161.5,0.48313141655388575,0.2638720094732372,21
-3.5,162.5,0.11365538230741058,0.8203382164336169,20
-3.5,163.5,-0.12921262254901933,0.7907519318066429,18
-3.5,164.5,0.32581585081585096,0.49946120310401465,16
-3.5,165.5,0.7705207072467795,0.20161232353469571,17
-3.5,166.5,0.1456713072530615,0.5366482363005154,17
-3.5,167.5,-0.2171728644811738,0.3630203849440149,19
-3.5,168.5,-0.5740484360656845,0.20575410127305516,20
-3.5,169.5,-0.599664052991412,0.17419048270007742,21
-3.5,170.5,-0.33238781798188016,0.1629844132966407,20
-3.5,171.5,-0.3063758768760121,0.4873503903353207,21
-3.5,172.5,-0.0950854700854696,0.9158665384265181,23
-3.5,173.5,-0.1822899036554695,0.674611943553671,19
-3.5,174.5,0.1743077032573566,0.4837557864964521,17
-3.5,175.5,0.7470507121405845,0.25581804946653663,18
-3.5,176.5,0.4647887019894993,0.29391717025195707,19
-3.5,177.5,-0.2725488869790342,0.8203382164336169,20
-3.5,178.5,0.6272321712273925,0.3247123843638571,18
-3.5,179.5,-0.23951646516782207,0.5756369136048027,19
-3.5,180.5,-0.940652122918132,0.511220344688192,14
-3.5,181.5,-0.6505259774477221,0.6204252937103817,16
-3.5,182.5,-0.9245876736111115,0.3244236905215787,14
-3.5,183.5,-0.016613027499394806,0.9671423309063722,17
-3.5,184.5,0.07520725696398932,0.9671423309063722,17
-3.5,185.5,0.06915864124229826,0.9671423309063722,17
-3.5,186.5,0.44776952742306075,0.5583509093759852,16
-3.5,187.5,-1.036044034090909,0.1376458455182647,15
-3.5,188.5,-0.3139305621442121,0.6853285557833784,16
-3.5,189.5,-2.1341225442290437,0.2437222847721744,12
-3.5,190.5,0.16693376068376037,0.8547770980655479,13
-3.5,194.5,0.6192583732057422,0.7205147871362552,10
-2.5,61.5,-0.234375,0.8762696636277617,11
-2.5,63.5,1.6118243243243242,0.04296014602842502,11
-2.5,64.5,0.7030178672259415,0.0995087321591697,13
-2.5,65.5,0.9935314685314683,0.16055589143580895,13
-2.5,66.5,1.9094780679725423,0.0012229573327570715,13
-2.5,67.5,1.0700925106884855,0.4440436396628866,16
-2.5,68.5,0.5208333333333334,0.38107448160929436,14
-2.5,69.5,0.6153273809523812,0.4837557864964521,17
-2.5,70.5,0.8784927194018101,0.34341948718274173,17
-2.5,71.5,0.9263488157359717,0.3923143472853552,16
-2.5,72.5,0.3125,0.6494456692174662,18
-2.5,73.5,-0.09394749412110263,0.9016495048953725,17
-2.5,74.5,-0.010321732361206,1.0,20
-2.5,75.5,0.16547006239622755,0.6264962743469109,20
-2.5,76.5,0.2568032296650724,0.4953662988030888,18
-2.5,77.5,0.25281084656084624,0.3417178800455669,23
-2.5,78.5,-0.5217569291230004,0.027497960421628245,21
-2.5,79.5,-0.33852609040607007,0.45029515330704106,21
-2.5,80.5,-0.25678935803865144,0.49856438700636985,22
-2.5,81.5,0.38306514422098814,0.15382082239203035,23
-2.5,82.5,0.044301439085806256,0.7916993472718744,23
-2.5,83.5,0.013829215896884937,0.9578745987779059,23
-2.5,84.5,-0.026909722222221925,0.815285120244451,25
-2.5,85.5,-0.16940266966108375,0.7260951618325295,25
-2.5,86.5,-0.26835664335664333,0.3975873918299724,22
-2.5,87.5,-0.38147518482018666,0.41368622699316804,25
-2.5,88.5,0.2837500160961281,0.4690632682744802,25
-2.5,89.5,0.1970274183485242,0.33873831133439525,29
-2.5,90.5,-0.1615366541353382,0.537126940170827,26
-2.5,91.5,-0.3020833333333332,0.2266164478008148,27
-2.5,92.5,0.10130059281951001,0.5937387052742729,28
-2.5,93.5,0.2768422813176651,0.5864526254323217,29
-2.5,94.5,-0.1837612412389194,0.41989889923791546,29
-2.5,95.5,0.09929702429702456,0.6767236120473166,27
-2.5,96.5,0.03371723952983764,0.7215623759883523,33
-2.5,97.5,-0.041506072537710936,0.8403644195470178,33
-2.5,98.5,-0.16302595264854006,0.570323002920078,32
-2.5,99.5,0.3060418559485578,0.478451739086175,27
-2.5,100.5,-1.0625,0.20490442371975082,23
-2.5,101.5,1.2124012882548167,0.11812849523841991,24
-2.5,102.5,-0.2382820422615915,0.48926508700643856,28
-2.5,103.5,-0.35796537853422594,0.21471330142519174,22
-2.5,104.5,-0.5905388471177948,0.3630203849440149,19
-2.5,105.5,-1.2880510662671059,0.010374262567202244,20
-2.5,106.5,-0.6324728260869561,0.023128868664483767,23
-2.5,107.5,-0.5212020874023438,0.1376458455182647,15
-2.5,108.5,-0.41979949874686706,0.27575784782750934,11
-2.5,109.5,0.14880952380952298,0.7554968749288828,11
-2.5,110.5,0.03001813535337095,0.8762696636277617,11
-2.5,113.5,0.36680242750379793,0.28313087066234666,10
-2.5,114.5,-0.30902777777777796,0.4362749288405292,11
-2.5,115.5,-0.27478448275862066,0.5915050369949166,10
-2.5,120.5,0.8623446637426903,0.4362749288405292,11
-2.5,121.5,-0.26714409722222204,0.4046702444107403,18
-2.5,122.5,-0.6396563420078272,0.4338268403653006,17
-2.5,123.5,0.7634986069938515,0.26035056965599135,16
-2.5,124.5,0.2657967032967032,0.4277105102974643,13
-2.5,125.5,-0.37124060150375726,0.3244236905215787,14
-2.5,126.5,-0.1370614035087716,0.8656490997057351,22
-2.5,127.5,0.07358579282407418,0.8711314915971583,20
-2.5,128.5,-0.36093712829676966,0.5366482363005154,17
-2.5,129.5,0.0895889945652173,0.7916993472718744,23
-2.5,130.5,-0.22386695906432708,0.6117600292546322,22
-2.5,131.5,0.35492746453536184,0.5283124685330474,25
-2.5,132.5,1.4234897734784302,0.007650204383729061,28
-2.5,133.5,0.7291666666666667,0.18666052241558184,23
-2.5,134.5,0.702876984126984,0.4046702444107403,18
-2.5,135.5,1.3451715982286638,0.19412668587809967,21
-2.5,136.5,-0.4095747095134355,0.5030370130775135,24
-2.5,137.5,0.7827389380961659,0.24369251012790516,24
-2.5,138.5,0.08134191176470608,0.7972523796379414,25
-2.5,139.5,0.0960714949501887,0.5114817794495524,29
-2.5,140.5,0.14324534161490685,0.5727823105937271,22
-2.5,141.5,-0.22280683106575988,0.45029515330704106,21
-2.5,142.5,-0.3676024739267522,0.19780102703780067,18
-2.5,143.5,0.0907077687652233,0.8799878558277134,21
-2.5,144.5,-0.15770915567536362,0.5919766642679967,22
-2.5,145.5,-0.38303571428571503,0.5812547604118179,20
-2.5,146.5,-1.0789027149321306,0.08024287819033639,19
-2.5,147.5,0.34644965940921835,0.4837557864964521,17
-2.5,148.5,0.11574074074074073,0.7703961609830144,27
-2.5,149.5,0.3171836263240932,0.10837040284968748,27
-2.5,150.5,0.40626515297567956,0.10689967587922093,24
-2.5,151.5,0.09461805555555611,0.7513001501987963,23
-2.5,152.5,-0.2643952546296295,0.4922895298178107,23
-2.5,153.5,0.25186834561834576,0.5030370130775135,24
-2.5,154.5,0.14795450804955407,0.6731887478154436,20
-2.5,155.5,-0.15034319887302727,0.6374381847429542,24
-2.5,156.5,0.357725155279503,0.3668796006462124,22
-2.5,157.5,0.5732838274198566,0.0395167129619474,24
-2.5,158.5,0.18929787344334262,0.4872201118774364,24
-2.5,159.5,0.0390625,0.9158665384265181,23
-2.5,160.5,0.17855193344832818,0.6726109872286647,23
-2.5,161.5,0.5485845225664241,0.20785680345658664,19
-2.5,162.5,0.07508663842895581,0.9442166279919116,19
-2.5,163.5,0.0678661616161619,0.9342847091688519,17
-2.5,164.5,-0.8492228318545153,0.1376458455182647,15
-2.5,165.5,0.3041576803259045,0.4837557864964521,17
-2.5,166.5,-0.2797670717592593,0.5288645203641904,19
-2.5,167.5,0.9606038351231384,0.14937517875498968,17
-2.5,168.5,1.6493642931192856,0.043545586214321814,17
-2.5,169.5,0.10963804713804808,0.8202167495096627,18
-2.5,170.5,-0.16654411764705868,0.7048534612178423,18
-2.5,171.5,0.050779082029082344,0.8887055908352302,19
-2.5,172.5,0.12938596491228083,0.8434644285257188,22
-2.5,173.5,0.48976339595798724,0.2322487419840542,17
-2.5,174.5,-0.016230835137086404,1.0,16
-2.5,175.5,0.5519236449615683,0.4953662988030888,18
-2.5,176.5,0.4426985616010011,0.37305311625145265,15
-2.5,177.5,-0.1961847117827229,0.8547770980655479,13
-2.5,178.5,-0.2634404315820247,0.8580276569875211,10
-2.5,179.5,0.42804538096102673,0.8547770980655479,13
-2.5,180.5,-0.2833944116377659,0.6693340144640527,13
-2.5,181.5,0.015625000000000222,1.0,14
-2.5,182.5,-0.47683189655172376,0.6206907170753546,15
-2.5,183.5,0.9683689848842272,0.4338268403653006,17
-2.5,184.5,-0.001539105594958734,1.0,14
-2.5,185.5,0.36193536193536013,0.511220344688192,14
-2.5,186.5,1.1355744949494953,0.27575784782750934,11
-2.5,187.5,0.13337796170075578,1.0,11
-1.5,65.5,0.3662109375,0.37109336952269756,10
-1.5,66.5,-0.10416666666666666,0.4362749288405292,11
-1.5,68.5,0.8113425925925928,0.08676817270387562,11
-1.5,69.5,0.5654761904761909,0.6614159170078631,14
-1.5,70.5,1.3137499136501807,0.1546297519658153,14
-1.5,71.5,1.5491711469534053,0.010072435153279604,15
-1.5,72.5,0.40043290043290053,0.28313087066234666,10
-1.5,73.5,0.15654761904761896,0.5526151250628484,15
-1.5,74.5,-0.018733810960200763,1.0,14
-1.5,75.5,-0.011837121212121233,0.9128140271840749,14
-1.5,76.5,0.054378861944651705,0.9513521309544037,13
-1.5,77.5,0.1901606464229387,0.6264962743469109,20
-1.5,78.5,-0.05008012820512821,1.0,19
-1.5,79.5,-0.24904395351890818,0.6204252937103817,16
-1.5,80.5,0.07534700655624604,0.7526419827681854,16
-1.5,81.5,0.16914335664335683,0.26972906507504824,20
-1.5,82.5,0.5266203703703706,0.09066965950862332,22
-1.5,83.5,-0.31047781019187076,0.49946120310401465,16
-1.5,84.5,-0.5552631578947376,0.2660517601229595,17
-1.5,85.5,-0.021551724137931036,1.0,19
-1.5,86.5,0.14804121376811594,0.5727823105937271,22
-1.5,87.5,-0.37280701754386036,0.31004602085382316,22
-1.5,88.5,0.6088960727969341,0.1542575118326619,25
-1.5,89.5,0.09545454545454508,0.6614730790423426,27
-1.5,90.5,0.11890834106142839,0.4003433087971323,25
-1.5,91.5,1.0350227029914532,0.010623249592075865,24
-1.5,92.5,0.3111492800022039,0.5911541483740381,25
-1.5,93.5,-0.32333606419039296,0.15184384887391242,26
-1.5,94.5,-0.07312456766764323,0.8740921801633091,23
-1.5,95.5,0.08723097581129863,0.8119200006410022,31
-1.5,96.5,0.043053720511642336,0.80246135962087,27
-1.5,97.5,0.3032009554386443,0.12866108508859356,29
-1.5,98.5,-0.15393610191052218,0.7669644911053035,28
-1.5,99.5,-0.8152777777777782,0.3417178800455669,23
-1.5,100.5,0.13087354862119147,1.0,23
-1.5,101.5,-0.6816620879120882,0.11305101958707045,23
-1.5,102.5,0.10724158368881906,0.7857971061789661,21
-1.5,103.5,0.01172438672438729,0.9550264552939917,22
-1.5,104.5,-0.49392361111111116,0.1546297519658153,14
-1.5,105.5,-1.3153494972131718,0.021667399928426374,16
-1.5,106.5,0.22129186602870787,0.8266659696701553,14
-1.5,107.5,-0.15746753246753237,0.35020138917929566,11
-1.5,121.5,-0.39713541666666685,0.8580276569875211,10
-1.5,122.5,0.8040886809269165,0.5371338571769023,12
-1.5,123.5,-1.6975818980823865,0.06410357671243591,12
-1.5,124.5,-0.43857306720062283,0.8370114751054462,12
-1.5,125.5,-0.4081808343171967,0.27575784782750934,11
-1.5,126.5,-0.29515023698943244,0.7603323075218761,13
-1.5,127.5,0.1833373166265942,0.9016495048953725,17
-1.5,128.5,0.20275650400246328,0.8547770980655479,13
-1.5,129.5,0.11271766169155484,0.9211586502250249,15
-1.5,130.5,0.07499999999999929,0.8795727890074994,18
-1.5,131.5,0.16741071428571427,0.7795660645811546,19
-1.5,132.5,0.48406862745098006,0.40110257289194073,19
-1.5,133.5,0.6168634753026767,0.11948968635469845,29
-1.5,134.5,0.36103801441302624,0.498219385345291,25
-1.5,135.5,0.21472076109819194,0.69134204811853,25
-1.5,136.5,-0.2918432203389827,0.41465139826629727,26
-1.5,137.5,0.28595895478219696,0.24521106099767986,23
-1.5,138.5,0.1524844720496888,0.5084542305885602,26
-1.5,139.5,0.07503706969583052,0.8799878558277134,21
-1.5,140.5,-0.14964867867185477,0.7108359248149255,17
-1.5,141.5,-0.2265624999999992,0.42979527233955583,22
-1.5,142.5,-0.02799131016042795,0.9578745987779059,23
-1.5,143.5,0.06944444444444445,0.9297445787752688,26
-1.5,144.5,0.09523392105790673,0.8600328045734927,26
-1.5,145.5,-0.016187938879249013,0.9850341097366097,29
-1.5,146.5,-0.34660218253968067,0.45960782304895875,23
-1.5,147.5,-0.6761483400446886,0.14256865901357518,22
-1.5,148.5,-0.016151623863392698,0.9802109790485439,24
-1.5,149.5,0.10596264367816058,0.6685166224807093,30
-1.5,150.5,0.4077163782764131,0.13026223878322818,24
-1.5,151.5,0.06762566137566156,0.7220751513605705,28
-1.5,152.5,-0.6153376993375002,0.1574056639748741,24
-1.5,153.5,-0.6685606060606069,0.021838789584196404,27
-1.5,154.5,-0.4525191430433359,0.16822084690819572,25
-1.5,155.5,0.29464285714285815,0.23395060590621997,26
-1.5,156.5,-0.09951992978918886,0.8233490121001951,24
-1.5,157.5,0.3457822361486389,0.3091626948735827,24
-1.5,158.5,0.7589179890921655,0.009530847381806366,25
-1.5,159.5,0.2933604601584145,0.3875143778393141,25
-1.5,160.5,-0.06477272727272876,0.7350804926819566,22
-1.5,161.5,-0.1262450637322553,0.7702877264736667,20
-1.5,162.5,0.2915345222924765,0.41730416562740436,20
-1.5,163.5,-0.5796876628622057,0.14172595380646796,19
-1.5,164.5,-1.1688466140929066,0.029448104214274153,15
-1.5,165.5,0.3525945104165257,0.7526419827681854,16
-1.5,166.5,-0.043124209393511484,0.9671423309063722,17
-1.5,167.5,1.1801880544272598,0.11164031194559694,18
-1.5,168.5,1.550751879699248,0.05009030568337501,19
-1.5,169.5,-0.2784901630238351,0.6921807727218765,15
-1.5,170.5,0.4074567896674547,0.511220344688192,14
-1.5,171.5,0.18872376345868397,0.7730800663123129,17
-1.5,172.5,-0.012248132309916952,1.0,15
-1.5,173.5,0.2607987566692073,0.6206907170753546,15
-1.5,174.5,0.4127221462747781,0.3923143472853552,16
-1.5,175.5,0.17099989028204088,0.6206907170753546,15
-1.5,176.5,-0.132672368588526,0.9453298708327,12
-1.5,177.5,-0.660596956188037,0.5829505577618919,13
-1.5,178.5,0.25552584815977664,0.8547770980655479,13
-1.5,179.5,-1.5117694805194792,0.11947098677170075,11
-1.5,180.5,-1.6439017047876976,0.36012164775537825,13
-1.5,181.5,1.6795181794656135,0.7554968749288828,11
-1.5,182.5,-0.10253456221198157,0.9128140271840749,14
-1.5,183.5,0.041666666666666664,1.0,14
-1.5,184.5,-0.059847308488613235,0.9128140271840749,14
-1.5,185.5,-0.4341685680139068,0.5021582515007486,13
-1.5,186.5,-0.223596256684492,1.0,10
-0.5,69.5,0.46875,0.16112494928905186,11
-0.5,72.5,-0.42002874519372846,0.6312218204782533,12
-0.5,73.5,0.6035311655626494,0.6312218204782533,12
-0.5,74.5,0.040591022733880475,0.7554968749288828,11
-0.5,76.5,0.6673280423280421,0.10740463633025372,10
-0.5,77.5,0.33261914715719054,0.7205147871362552,10
-0.5,78.5,0.04899691358024643,0.37109336952269756,10
-0.5,79.5,0.046820804990571445,0.5829505577618919,13
-0.5,80.5,0.4058159722222221,0.04244167627001095,19
-0.5,81.5,0.4079598724526704,0.1322466850105171,19
-0.5,82.5,0.08012820512820537,0.7907519318066429,18
-0.5,83.5,0.2738424031642117,0.344417522979072,16
-0.5,84.5,-0.06510416666666483,0.9016495048953725,17
-0.5,85.5,0.5776389990307516,0.01530746071957236,22
-0.5,86.5,0.5022321428571441,0.12285296541157717,26
-0.5,87.5,0.3616522366522368,0.0706988181459461,26
-0.5,88.5,0.4790891617063491,0.45029515330704106,21
-0.5,89.5,0.6732124636024783,0.18666052241558184,23
-0.5,90.5,0.4506032364254911,0.016127068711782565,24
-0.5,91.5,0.3879416484696979,0.12783672945149901,22
-0.5,92.5,0.1973036080037566,0.5727823105937271,22
-0.5,93.5,-0.2710700757575763,0.23395060590621997,26
-0.5,94.5,0.021124708624708582,0.8675468701977536,27
-0.5,95.5,-0.2010489510489513,0.35900429696743286,27
-0.5,96.5,-0.11488970588235295,0.4806051289858302,26
-0.5,97.5,0.4081675283749861,0.3091626948735827,24
-0.5,98.5,0.06026785714285689,0.8656490997057351,22
-0.5,99.5,-0.7646096990625686,0.45029515330704106,21
-0.5,100.5,1.9387976946677041,0.19412668587809967,21
-0.5,101.5,-0.03308725021993405,0.9224620671867602,20
-0.5,102.5,-0.10894753861744766,0.8368197050512747,17
-0.5,103.5,-0.036800475347609635,0.9671423309063722,17
-0.5,104.5,-0.37562189054726386,0.5959123948117162,18
-0.5,105.5,-0.6228285845588233,0.08647112777407255,12
-0.5,112.5,1.2834821428571428,0.07363827012030266,10
-0.5,125.5,-0.19216720779220786,0.5915050369949166,10
-0.5,126.5,-0.16344900028977116,0.5829505577618919,13
-0.5,127.5,0.42567684566492814,0.19167059142275544,16
-0.5,129.5,1.1285068911076972,0.14429205544010523,20
-0.5,130.5,0.14802005922129016,0.6077081401081054,21
-0.5,131.5,0.4770847259358282,0.31452486905097243,20
-0.5,132.5,-0.4356060606060601,0.39803568959424807,23
-0.5,133.5,0.7897323726196603,0.09727654970369656,25
-0.5,134.5,0.7766590177602191,0.1574056639748741,24
-0.5,135.5,0.23402523402523384,0.34312080096930264,26
-0.5,136.5,-0.08432539682539794,0.6518692807184261,22
-0.5,137.5,0.2661410755820288,0.38103238548434304,20
-0.5,138.5,-0.14844911282584172,0.10150632204352471,24
-0.5,139.5,-0.1896345198696535,0.20586252630799218,24
-0.5,140.5,-0.07228827006315702,0.5593049468922573,25
-0.5,141.5,-0.14036642487424328,0.36336210298302163,28
-0.5,142.5,0.11622643693674863,0.570323002920078,32
-0.5,143.5,-0.032194368131868156,0.7856661000859302,31
-0.5,144.5,0.018341177725452136,0.9611987334080325,32
-0.5,145.5,-0.2598385771512558,0.2849752678232519,29
-0.5,146.5,0.04714691914342101,0.8900067739861677,28
-0.5,147.5,0.08432539682539711,0.7339104943970113,31
-0.5,148.5,-0.31725933908045967,0.24778083040054255,31
-0.5,149.5,-0.08039906103286398,0.6341458536966633,31
-0.5,150.5,-0.6716243638471943,0.02080455208362115,31
-0.5,151.5,-0.34211001325341706,0.3954246967469043,31
-0.5,152.5,-0.6169289581535397,0.009781611919498067,31
-0.5,153.5,-0.12501055705329606,0.7215386520496392,29
-0.5,154.5,-0.19955133352484247,0.649540989554171,28
-0.5,155.5,-0.31696895476310516,0.2684125627342089,29
-0.5,156.5,-0.2286679771270962,0.46443447665483895,29
-0.5,157.5,-0.6438638513738453,0.20490442371975082,23
-0.5,158.5,-0.21468626758583256,0.5911541483740381,25
-0.5,159.5,0.511401906365989,0.10707235212149269,25
-0.5,160.5,0.3538638598675543,0.4922895298178107,23
-0.5,161.5,0.4574345889450053,0.3467641835161842,20
-0.5,162.5,0.30375874125874147,0.4487180156191449,18
-0.5,163.5,0.5092592197387615,0.8547770980655479,13
-0.5,164.5,0.8924690837639216,0.3923143472853552,16
-0.5,165.5,-0.009324950743831977,1.0,16
-0.5,166.5,1.454669923752371,0.22547929744791595,18
-0.5,167.5,-0.4071448876821685,0.7618733947779845,18
-0.5,168.5,-0.4104662698412712,0.5959123948117162,18
-0.5,169.5,0.5346833104565853,0.19780102703780067,18
-0.5,170.5,0.8322725050959566,0.22413430196016682,16
-0.5,171.5,0.2983519234129587,0.4434214028640827,14
-0.5,172.5,-0.7191526427749515,0.22843980898867533,14
-0.5,173.5,-0.2607912041505791,0.6693340144640527,13
-0.5,174.5,-0.2066831018077582,0.8547770980655479,13
-0.5,175.5,-0.001395722956356386,1.0,13
-0.5,176.5,0.3240412959346065,0.8370114751054462,12
-0.5,177.5,1.3651842948717952,0.044083783741320944,13
-0.5,178.5,-0.09809461371961434,0.8370114751054462,12
-0.5,179.5,0.07901154701210306,1.0,13
-0.5,180.5,-1.0945657065706573,0.640428787412791,11
-0.5,181.5,0.12152777777777778,1.0,11
-0.5,182.5,0.547572074915825,0.7317017232242102,12
-0.5,183.5,1.051653368510325,0.08647112777407255,12
-0.5,184.5,0.3422619047619043,0.640428787412791,11
0.5,70.5,1.1892361111111116,0.012731364269923499,11
0.5,71.5,1.0105259324009324,0.1498607475130492,12
0.5,72.5,0.8539234203296695,0.3726914904715183,12
0.5,73.5,-0.05357142857142844,0.9453298708327,12
0.5,74.5,-0.15625,0.7205147871362552,10
0.5,75.5,0.7990316522245872,0.2001281176786024,13
0.5,76.5,-0.007970031055900589,1.0,13
0.5,77.5,-0.23503989361702082,0.4362749288405292,11
0.5,78.5,-0.7109627839774157,0.6312218204782533,12
0.5,79.5,0.3620234482948382,0.36012164775537825,13
0.5,80.5,-0.17531239190591488,0.6693340144640527,13
0.5,81.5,-0.22733516483516442,0.49946120310401465,16
0.5,82.5,-0.17969043151970254,0.7795660645811546,19
0.5,83.5,-0.06256364516157142,0.9741177473553713,20
0.5,84.5,0.4790209790209786,0.1019484791528631,22
0.5,85.5,0.6048387096774194,0.27871675192911305,23
0.5,86.5,0.3579565100962506,0.41489093965848534,21
0.5,87.5,0.45005306690089497,0.14334161203711995,24
0.5,88.5,-0.20275297619047647,0.4281777903096383,23
0.5,89.5,0.05945978351510967,0.7857971061789661,21
0.5,90.5,0.31199596774193594,0.29056075537876946,21
0.5,91.5,0.19222708215364673,0.2723427122311102,25
0.5,92.5,0.04267395920356415,0.8090237939476542,21
0.5,93.5,-0.10191965584803092,0.3986718000155899,20
0.5,94.5,-0.23937518298931343,0.07435290536856357,20
0.5,95.5,-0.04177550063626079,0.8947871042097532,26
0.5,96.5,0.34348409174990746,0.10287454664474686,26
0.5,97.5,-0.19906983448649979,0.6117600292546322,22
0.5,98.5,-1.7013900504262067,0.1629844132966407,20
0.5,99.5,0.11260986328125,0.8215254231894769,22
0.5,100.5,0.05000358029306589,0.9224620671867602,20
0.5,101.5,0.7625,0.06326276753495352,18
0.5,102.5,-0.7842875398022455,0.058587575310488894,13
0.5,103.5,0.37051705088389886,0.8370114751054462,12
0.5,104.5,-0.7487745098039218,0.5526151250628484,15
0.5,105.5,0.0007298752834468771,1.0,12
0.5,111.5,0.6187367159589381,0.4277105102974643,13
0.5,112.5,1.2283500768555116,0.3036732148994191,12
0.5,113.5,-0.03778594771241807,1.0,11
0.5,114.5,-0.3420664983164984,0.7554968749288828,11
0.5,115.5,-0.06250000000000089,0.9562762019837864,14
0.5,117.5,-0.31785714285714306,0.511220344688192,14
0.5,118.5,0.07430319252420962,0.6693340144640527,13
0.5,119.5,-0.2504312094155844,0.2001281176786024,13
0.5,123.5,0.4614378078817739,0.8370114751054462,12
0.5,124.5,-0.5677240226211465,0.3923143472853552,16
0.5,125.5,0.05803206099792659,0.9513521309544037,13
0.5,126.5,-0.5660630834032918,0.24638736002924666,13
0.5,127.5,0.34467455621301823,0.5959123948117162,18
0.5,128.5,0.26419082125603843,0.4953662988030888,18
0.5,129.5,0.13881845841784982,0.6726109872286647,23
0.5,130.5,0.2217825865134213,0.5959123948117162,18
0.5,131.5,-0.23881513493346618,0.3668796006462124,22
0.5,132.5,0.09486607142857142,0.6685166224807093,30
0.5,133.5,0.13020833333333334,0.3668796006462124,22
0.5,134.5,0.1911652447238436,0.3668796006462124,22
0.5,135.5,-0.12860538635606622,0.5593049468922573,25
0.5,136.5,-0.1377160850845062,0.5317037729644349,27
0.5,137.5,-0.06965093729799623,0.6024416860423838,24
0.5,138.5,0.08886037636531145,0.5968073797467659,26
0.5,139.5,-0.03998030836266101,0.9335433162568849,27
0.5,140.5,-0.28675068040426704,0.12123099778215901,33
0.5,141.5,-0.25390625,0.19105038913843664,38
0.5,142.5,-0.24765069144112734,0.21303867828843515,34
0.5,143.5,-0.7802211934156377,0.12494881685497079,30
0.5,144.5,-0.8332021026211958,0.02617089083788384,34
0.5,145.5,-0.3832223874713303,0.17277617599388595,35
0.5,146.5,-0.3854611556893059,0.11101565606999532,36
0.5,147.5,-0.34497236369318307,0.24520258402450212,33
0.5,148.5,-0.3964913301133824,0.2001586151353415,32
0.5,149.5,-0.1269828831115462,0.744891472543834,33
0.5,150.5,-0.7019794785363844,0.01309712548730175,32
0.5,151.5,-0.9158044324386276,0.01309712548730175,32
0.5,152.5,-0.12224055066797135,0.7752944295177846,30
0.5,153.5,-0.3992914496009143,0.3767967991819644,31
0.5,154.5,0.08679693961952059,0.8584007529637274,30
0.5,155.5,-0.10308961624516984,0.802761791874143,30
0.5,156.5,-0.03462837496165805,0.8365263661204166,29
0.5,157.5,-0.678686871114105,0.018721734703310452,28
0.5,158.5,-0.6267832546241637,0.2723427122311102,25
0.5,159.5,-0.4046474358974361,0.566590311939465,26
0.5,160.5,-0.7131876190595948,0.18311229220036362,25
0.5,161.5,0.5212030919298294,0.545701386215353,21
0.5,162.5,0.6602261776894129,0.2638720094732372,21
0.5,163.5,0.601388888888889,0.5259924856094209,21
0.5,164.5,-0.04379734848484862,1.0,19
0.5,165.5,0.35918137888429014,0.5366482363005154,17
0.5,166.5,0.6061799719887991,0.8430852292699837,15
0.5,167.5,-2.4729304245656354,0.021667399928426374,16
0.5,168.5,-1.179766414141414,0.11164031194559694,18
0.5,169.5,0.15022178291076538,0.7730800663123129,17
0.5,170.5,-0.06258727693960019,0.9640893612679119,16
0.5,171.5,-0.39249111279436966,0.7603323075218761,13
0.5,172.5,-3.759100693641644,0.011174811327380355,12
0.5,173.5,-1.3257349235794198,0.3726914904715183,12
0.5,174.5,-1.0000952743902438,0.4742743507673295,10
0.5,175.5,-0.3590651220442415,0.8762696636277617,11
0.5,176.5,0.3256319273252168,0.6921807727218765,15
0.5,177.5,0.7836967153397816,0.2996654484343021,13
0.5,178.5,0.985462648556876,0.10740463633025372,10
0.5,180.5,-1.4976975405546813,0.37109336952269756,10
0.5,183.5,2.411082085543822,0.07363827012030266,10
1.5,74.5,0.9461805555555556,0.1843509512097482,11
1.5,75.5,0.7694444444444443,0.4742743507673295,10
1.5,76.5,0.6440217391304346,0.640428787412791,11
1.5,77.5,-0.10682397959183657,0.8693522423679255,14
1.5,78.5,-0.5392795138888888,0.1245422815818853,15
1.5,79.5,0.17152128423349622,0.8547770980655479,13
1.5,80.5,-0.041731366459627106,1.0,15
1.5,81.5,-0.6781881852955746,0.12747693274137845,17
1.5,82.5,-0.520447254180908,0.3247123843638571,18
1.5,83.5,-0.30973201804549494,0.3336728397999935,21
1.5,84.5,-0.8940242763772173,0.25581804946653663,18
1.5,85.5,0.8653058007566204,0.17269436302931984,18
1.5,86.5,0.24903297424316406,0.6518692807184261,22
1.5,87.5,0.3186922806959886,0.29077716928272723,23
1.5,88.5,0.38783482142857206,0.2673270197885057,23
1.5,89.5,0.08522890150212051,0.9158665384265181,23
1.5,90.5,-0.021152029830537877,1.0,21
1.5,91.5,-0.10017942583732015,0.5612202073936174,23
1.5,92.5,0.02576437260337301,0.9056221682700023,28
1.5,93.5,-0.037352128462357914,0.6593353383597195,26
1.5,94.5,-0.15625,0.3692092650321579,23
1.5,95.5,0.20331440650602434,0.20586252630799218,24
1.5,96.5,-0.16872760310300405,0.7397638077281241,21
1.5,97.5,-1.01000630351643,0.19780102703780067,18
1.5,98.5,-1.1835937500000004,0.674611943553671,19
1.5,99.5,-0.8874086704476747,0.5923012814329899,17
1.5,100.5,-0.3775951751840206,0.5840703669455064,14
1.5,101.5,0.07862250010172525,0.8266659696701553,14
1.5,102.5,2.5568181818181817,0.5846479572713805,11
1.5,103.5,1.949074074074072,0.21291190281150452,11
1.5,104.5,1.6038074712643682,0.37109336952269756,10
1.5,107.5,0.06543060665696893,0.8580276569875211,10
1.5,108.5,0.4383503401360544,0.28313087066234666,10
1.5,109.5,-0.8843994140625,0.7205147871362552,10
1.5,110.5,-0.5741995073891625,1.0,10
1.5,111.5,-0.4629629629629629,0.32229959587191925,15
1.5,112.5,1.4154411764705883,0.029272509186304533,11
1.5,115.5,0.43762321674003835,0.6693340144640527,13
1.5,116.5,0.2711397058823529,0.5727823105937271,22
1.5,117.5,-0.0026217629322104873,1.0,20
1.5,118.5,0.3265182884748098,0.7048534612178423,18
1.5,119.5,-0.0490196078431376,0.8693522423679255,14
1.5,120.5,-1.204427083333333,0.11947098677170075,11
1.5,123.5,0.41635178758023594,0.6853285557833784,16
1.5,124.5,0.4846416170634922,0.31452486905097243,20
1.5,125.5,-0.19298245614035114,0.8202167495096627,18
1.5,126.5,-0.7241541118713086,0.42848041949799653,15
1.5,127.5,-0.3334991158267021,0.7513001501987963,23
1.5,128.5,-0.20854740892972262,0.6213676320840416,28
1.5,129.5,0.09880567528735673,0.7972523796379414,25
1.5,130.5,0.19433400193615072,0.2684125627342089,29
1.5,131.5,0.2204861111111109,0.2535263593015791,30
1.5,132.5,-0.15675730519480524,0.4754490495282657,30
1.5,133.5,0.19620458477508707,0.20848766222654147,31
1.5,134.5,0.05566439500340536,0.7498121637483278,29
1.5,135.5,-0.34766737891737903,0.11011795401290479,31
1.5,136.5,-0.3382034632034635,0.21848596900340644,34
1.5,137.5,0.04898699475905362,0.7973063403989813,28
1.5,138.5,-0.19662436368488564,0.5876087946102937,33
1.5,139.5,-0.06618757480364197,0.599362035175713,29
1.5,140.5,-0.13540714883977736,0.6047080736692834,36
1.5,141.5,-0.09107402031930292,0.5894353805253721,35
1.5,142.5,-0.004415489972212694,1.0,33
1.5,143.5,0.26901190052231644,0.390080152762149,32
1.5,144.5,-0.06355920314253635,0.7635561283061163,37
1.5,145.5,-0.41773530584482604,0.15266138035243015,36
1.5,146.5,-0.19483872608872582,0.4294021898343493,33
1.5,147.5,-0.18017232848094658,0.570323002920078,32
1.5,148.5,-0.876116071428571,0.04678952115450226,35
1.5,149.5,-0.5986738087010328,0.04077869206766529,34
1.5,150.5,-1.0796738873296083,0.005553981920621333,32
1.5,151.5,-0.860721982758621,0.06602837773431022,34
1.5,152.5,-0.5897516398538092,0.12123099778215901,33
1.5,153.5,0.32794910029695473,0.49659521437046883,31
1.5,154.5,-0.2394459181722593,0.5183675363290698,31
1.5,155.5,0.008385464050233106,0.9850341097366097,29
1.5,156.5,0.47644915200568505,0.33873831133439525,29
1.5,157.5,0.013413813011511915,0.9715358738879935,30
1.5,158.5,-0.28598666258512806,0.49659521437046883,31
1.5,159.5,-0.45338663905393706,0.649540989554171,28
1.5,160.5,-0.5946910014005603,0.31699523656062345,27
1.5,161.5,-0.15829639343553836,0.7744111174350838,26
1.5,162.5,0.5122209101645435,0.45029515330704106,21
1.5,163.5,1.3136574074074072,0.04839822318129834,22
1.5,164.5,-0.1026852370287415,0.8711314915971583,20
1.5,165.5,0.20738636363636398,0.9442166279919116,19
1.5,166.5,0.3977272727272727,0.9396136982356221,18
1.5,167.5,-0.12460258649297354,0.8368197050512747,17
1.5,168.5,-0.6073969221835073,0.5366482363005154,17
1.5,169.5,-0.6008733122219962,0.6853285557833784,16
1.5,170.5,-1.1239453887647475,0.14937517875498968,17
1.5,171.5,-1.1213235294117647,0.02853906357036244,14
1.5,172.5,-2.508303097617345,0.023987534464426946,13
1.5,173.5,-0.7045724656846785,0.5840703669455064,14
1.5,174.5,-0.6524762240323154,0.511220344688192,14
1.5,175.5,-0.8522727272727272,0.20730036719899947,14
1.5,176.5,-0.2773053665910804,0.9128140271840749,14
1.5,177.5,-0.12209393244370302,1.0,15
1.5,178.5,-0.6074810606060603,0.6614159170078631,14
1.5,180.5,-0.15715162435105168,1.0,12
1.5,181.5,0.838783506562551,0.9453298708327,12
1.5,182.5,1.3333333333333464,0.640428787412791,11
2.5,69.5,0.4751800411522641,0.28313087066234666,10
2.5,70.5,0.0,1.0,10
2.5,76.5,-0.11271668755221381,0.9453298708327,12
2.5,77.5,-0.43338422288516054,0.5583509093759852,16
2.5,78.5,-0.2614786197746554,0.8046251978633095,17
2.5,79.5,-0.18673469387755048,0.48410753779266247,19
2.5,80.5,0.6917187671795322,0.18344722817247316,20
2.5,81.5,-0.2713356732012149,0.35874300337869447,24
2.5,82.5,-0.24377618635320952,0.7115714636761059,23
2.5,83.5,0.057109482750799856,0.9101956836196836,22
2.5,84.5,-0.14222388730627977,0.7350804926819566,22
2.5,85.5,-0.4978207741310199,0.2299690777236404,20
2.5,86.5,0.013032870822482995,0.9550264552939917,22
2.5,87.5,1.1902371024699467,0.020063245949788807,21
2.5,88.5,0.4333838944266,0.22420756495904925,24
2.5,89.5,0.20043175613022918,0.478451739086175,27
2.5,90.5,-0.0016653151065802408,1.0,28
2.5,91.5,0.05607315389924021,0.8326659395181515,23
2.5,92.5,0.16757795775652892,0.5225885686132024,26
2.5,93.5,-0.05117298344500667,0.8701367570919353,25
2.5,94.5,-0.16729797979797997,0.3321321174074414,26
2.5,95.5,-0.0907242545778643,0.5683377615538607,24
2.5,96.5,-0.12433762774617194,0.9012978441563574,24
2.5,97.5,1.6299019607843133,0.08024287819033639,19
2.5,98.5,0.3838641826923084,0.674611943553671,19
2.5,99.5,-0.43165305497810696,0.41489093965848534,21
2.5,100.5,-0.5625878007503864,0.8370114751054462,12
2.5,101.5,-0.65625,0.5334165134726944,11
2.5,102.5,-0.11029411764705883,1.0,10
2.5,104.5,1.990890688259109,0.02004466862262744,10
2.5,105.5,0.34901798042560134,0.3036732148994191,12
2.5,106.5,0.47791720990873504,0.08676817270387562,11
2.5,107.5,0.6581061613475181,0.10051817320746463,14
2.5,108.5,0.090564738292011,0.8266659696701553,14
2.5,109.5,1.25882056451613,0.09245959511086128,15
2.5,110.5,0.3545168067226889,0.4884223166225936,15
2.5,111.5,-0.43603056426332043,0.24638736002924666,13
2.5,112.5,0.21778078007518836,0.5021582515007486,13
2.5,113.5,-0.20046461579526964,0.8202167495096627,18
2.5,114.5,1.0813575958924806,0.0070838696727554655,20
2.5,115.5,-0.19224186307519592,0.6315238284906243,27
2.5,116.5,-0.08256502329192525,0.566590311939465,26
2.5,117.5,-0.013673263148541132,0.9715358738879935,30
2.5,118.5,-0.22291511776392786,0.5609035741936789,29
2.5,119.5,0.16074337724890125,0.49856438700636985,22
2.5,120.5,0.34369169776119424,0.19459514049618598,22
2.5,121.5,-0.2944727831196128,0.26035056965599135,16
2.5,123.5,0.05654323585104175,0.8266659696701553,14
2.5,124.5,0.36513330241448216,0.19412668587809967,21
2.5,125.5,0.21634615384615385,0.3664982568719152,22
2.5,126.5,0.1678240740740739,0.3975873918299724,22
2.5,127.5,0.13080449350134393,0.5937387052742729,28
2.5,128.5,0.4596822551621661,0.002699407605626097,32
2.5,129.5,0.19569992553983565,0.22104956212356597,31
2.5,130.5,0.3941568904876627,0.2712871157829412,33
2.5,131.5,0.10113636363636332,0.5935629766221353,34
2.5,132.5,0.23567757709080236,0.26798634486283324,35
2.5,133.5,0.2805041610673289,0.1315212224059174,32
2.5,134.5,-0.09716046581972146,0.6565125016248674,34
2.5,135.5,-0.28970604524402,0.3069529533583134,32
2.5,136.5,-0.40718005952380965,0.09239670299832896,31
2.5,137.5,0.05792219398239637,0.8330324989520455,32
2.5,138.5,-0.3265918699085202,0.3289911279552147,33
2.5,139.5,-0.26668946683827627,0.3335023015339059,36
2.5,140.5,0.10544848802560387,0.711950905455661,35
2.5,141.5,-0.048387096774193665,0.7668567682388833,34
2.5,142.5,-0.18880208333333315,0.40668256873463315,38
2.5,143.5,-0.06087662337662245,0.7547126102355206,35
2.5,144.5,-0.32260311616223214,0.06516532637676728,37
2.5,145.5,-0.1373020361990953,0.6908954991268498,35
2.5,146.5,-0.3495473357570421,0.3530961293655652,37
2.5,147.5,0.2859066233915441,0.47765973512758664,35
2.5,148.5,-0.7330254515599343,0.22196368922508947,35
2.5,149.5,-0.8248648794749371,0.013439389273994882,37
2.5,150.5,-1.0753990110654654,0.0005299369569881137,35
2.5,151.5,-0.9868719992870589,0.022223861814083035,32
2.5,152.5,-0.12250180052763146,0.609130070083629,33
2.5,153.5,-0.4911809520099442,0.22093012126147427,33
2.5,154.5,-0.7036324531403271,0.1382221053601419,34
2.5,155.5,-0.030462235636902868,0.9096221353961885,32
2.5,156.5,0.4126969004065044,0.3587201702049656,31
2.5,157.5,0.9404346028415266,0.0241906962991752,32
2.5,158.5,-0.06456043956043901,0.9147523390847367,30
2.5,159.5,0.4096124257215621,0.568058623631595,30
2.5,160.5,-0.22370532822193076,0.8659362154363435,29
2.5,161.5,0.27227111024021866,0.7260951618325295,25
2.5,162.5,-1.0781617492675952,0.20586252630799218,24
2.5,163.5,2.49096115599945,0.12557019892294263,23
2.5,164.5,1.4243192790250117,0.11188667489678761,20
2.5,165.5,0.3036918252878088,0.8711314915971583,20
2.5,166.5,-2.201285800712588,0.02347622061008093,17
2.5,167.5,-1.0299075924075929,0.3630203849440149,19
2.5,168.5,-1.6909722222222214,0.17269436302931984,18
2.5,169.5,-0.7333771466234151,0.34341948718274173,17
2.5,170.5,-0.0624999999999994,1.0,18
2.5,171.5,0.7068452380952379,0.42848041949799653,15
2.5,172.5,-1.659430197624863,0.10051817320746463,14
2.5,173.5,-2.567572981635482,0.006025811357466711,16
2.5,174.5,-1.1091196895424837,0.32229959587191925,15
2.5,175.5,-1.034471218206158,0.2762784158080178,15
2.5,176.5,-0.10325872722113,0.9513521309544037,13
2.5,177.5,2.122500586618399,0.2735614117247491,14
2.5,178.5,0.4703868519176136,0.8266659696701553,14
2.5,179.5,1.94052658942365,0.640428787412791,11
2.5,180.5,-0.7343750000000004,0.7554968749288828,11
2.5,181.5,-1.7385167008147906,0.12531111138942436,14
2.5,182.5,-0.5234846245117094,0.8218916912511594,16
2.5,183.5,1.980732737044425,0.0995087321591697,13
2.5,184.5,4.0257709826762245,0.007290358091535638,10
3.5,58.5,0.03918158702361278,1.0,10
3.5,68.5,-0.4667272302265292,0.11475673431864909,12
3.5,69.5,0.11990334632878519,0.7603323075218761,13
3.5,70.5,0.05132562192059578,0.6999875165668471,14
3.5,71.5,0.06645833333333365,0.5829505577618919,13
3.5,75.5,-0.8578152967093484,0.4742743507673295,10
3.5,76.5,-0.3781250000000007,0.4953662988030888,18
3.5,77.5,0.3331820016142041,0.7048534612178423,18
3.5,78.5,0.10229163863710553,0.6726109872286647,23
3.5,79.5,-0.2659893899420236,0.41730416562740436,20
3.5,80.5,-0.05742202142272331,0.9578745987779059,23
3.5,81.5,0.3238680340557276,0.3668796006462124,22
3.5,82.5,0.2387152777777768,0.29077716928272723,23
3.5,83.5,0.18256578947368407,0.5612202073936174,23
3.5,84.5,0.009300595238094391,0.964838162737043,26
3.5,85.5,0.5013662541818893,0.13026223878322818,24
3.5,86.5,0.16840604335938242,0.6433750863828368,26
3.5,87.5,0.2059441780043596,0.5593049468922573,25
3.5,88.5,0.4055386372575792,0.14923864983708598,28
3.5,89.5,0.17633924663256223,0.5144236588926046,28
3.5,90.5,-0.00556835637480783,0.9667427806663149,27
3.5,91.5,0.1599644252232153,0.5084542305885602,26
3.5,92.5,-0.1299202340869008,0.6782246933005027,28
3.5,93.5,-0.18923000687017222,0.3746854999427832,25
3.5,94.5,-0.29556866698910306,0.3375799754591595,27
3.5,95.5,-0.1736111111111111,0.8947871042097532,26
3.5,96.5,-0.7387016309713681,0.5351853194474852,24
3.5,97.5,1.9315476190476182,0.07112672748994048,22
3.5,98.5,0.028309528429137643,1.0,17
3.5,99.5,1.381475970017637,0.052871592614987556,16
3.5,101.5,-0.039415197897340506,1.0,13
3.5,102.5,-0.8024642289348165,0.6206907170753546,15
3.5,103.5,0.7756313131313135,0.6312218204782533,12
3.5,104.5,0.43981481481481477,0.511220344688192,14
3.5,105.5,0.6153139846578758,0.26035056965599135,16
3.5,106.5,-0.147666504618376,0.511220344688192,14
3.5,107.5,-0.014136904761904805,1.0,14
3.5,108.5,0.9658142102995032,0.11188667489678761,20
3.5,109.5,0.553954871075161,0.19167059142275544,16
3.5,110.5,0.46076494286417496,0.3272855802219552,19
3.5,111.5,-0.041809605488850494,0.8430852292699837,15
3.5,112.5,-0.4091497164521737,0.42848041949799653,15
3.5,113.5,-0.09823856698856785,0.8799878558277134,21
3.5,114.5,-1.0889319231342178,0.36331590966639116,18
3.5,115.5,0.18963288867459543,0.7339104943970113,31
3.5,116.5,-0.03985388027051434,0.9291243012099806,34
3.5,117.5,0.6793534475609384,0.10375550597046108,33
3.5,118.5,-0.1860492770167427,0.7703961609830144,27
3.5,119.5,0.2907986111111109,0.06062481656676543,27
3.5,120.5,-0.06200396825396853,0.4324504235358998,30
3.5,121.5,-0.25920045943487274,0.1739206495334844,31
3.5,122.5,-0.25649818209694025,0.37795959996135176,26
3.5,123.5,-0.21459651898734178,0.41368622699316804,25
3.5,124.5,0.2067135167464111,0.4274889995990474,26
3.5,125.5,0.5368357487922696,0.02617089083788384,34
3.5,126.5,0.20970931525831465,0.40821489473295614,32
3.5,127.5,0.2970679012345681,0.1920457783931343,34
3.5,128.5,0.16666666666666607,0.41182433473249114,30
3.5,129.5,0.02606215578284794,0.7443201343805719,34
3.5,130.5,0.20502645502645517,0.1634693483991595,34
3.5,131.5,0.20717619781494273,0.294266104304963,36
3.5,132.5,0.14829418125912022,0.4357099127515781,38
3.5,133.5,0.06754012926615578,0.5765325919333777,36
3.5,134.5,-0.015565608172314943,0.9527149346506575,34
3.5,135.5,-0.2935603554748833,0.1956706219250084,36
3.5,136.5,-0.7593266137759226,0.0025175707381330107,37
3.5,137.5,-0.56040271009579,0.04397594833210534,37
3.5,138.5,0.18367473895733175,0.43881262153485934,39
3.5,139.5,0.24316086065573828,0.35220493219511184,38
3.5,140.5,-0.1564028803284316,0.37490496599151035,41
3.5,141.5,-0.29457719237350255,0.233976364304341,37
3.5,142.5,-0.30692563793578814,0.09569390835163932,40
3.5,143.5,-0.003105869655446211,1.0,40
3.5,144.5,-0.4016908894957682,0.09504439020170478,39
3.5,145.5,-0.22798438223556247,0.42144237894257297,40
3.5,146.5,0.07089120370370461,0.9229050934914809,39
3.5,147.5,-0.0569327849175061,0.8594521306883358,36
3.5,148.5,-0.47496684350132645,0.2263989227367953,39
3.5,149.5,-0.6159669623863296,0.13139372811216546,38
3.5,150.5,-0.9198676370790121,0.015537886169473053,37
3.5,151.5,0.04586106168293678,0.9173419483127672,34
3.5,152.5,0.15418704113460824,0.6908954991268498,35
3.5,153.5,0.08175639895392071,0.9187737391879133,31
3.5,154.5,-0.024956900568447248,0.9457970432721066,31
3.5,155.5,-0.6885435992578846,0.13396533563924473,30
3.5,156.5,0.4469282184746798,0.42684260879570113,32
3.5,157.5,0.40934892357367725,0.42684260879570113,32
3.5,158.5,0.7477201565557735,0.1739206495334844,31
3.5,159.5,1.1610096359268827,0.03403464523782446,29
3.5,160.5,0.38665621364123015,0.33873831133439525,29
3.5,161.5,-0.48491256550467166,0.32013656844448835,29
3.5,162.5,0.01356383409779757,1.0,26
3.5,163.5,1.394501420732903,0.06503135683341549,25
3.5,164.5,2.35979734982278,0.014195743882660069,25
3.5,165.5,0.00235671191553482,1.0,22
3.5,166.5,-0.3112960265281485,0.8337352412499334,19
3.5,167.5,0.6715186074429774,0.40110257289194073,19
3.5,168.5,-2.1284083052458733,0.25581804946653663,18
3.5,169.5,-1.1185452279202273,0.36331590966639116,18
3.5,170.5,-0.5487012987012996,0.6494456692174662,18
3.5,171.5,-0.47977941176470634,0.6242768461207494,19
3.5,172.5,0.2880608974358978,0.8610521238150397,19
3.5,173.5,0.3545799113397458,0.5366482363005154,17
3.5,174.5,-1.9634179255573487,0.4338268403653006,17
3.5,175.5,-0.7826127187331253,0.344417522979072,16
3.5,176.5,0.12155367046212619,1.0,15
3.5,177.5,0.6586535172574366,0.42848041949799653,15
3.5,178.5,1.7485016635597783,0.3036732148994191,12
3.5,179.5,-0.7962653805524333,0.5829505577618919,13
3.5,180.5,-1.3362982503607501,0.6614159170078631,14
3.5,181.5,-2.8541621223720055,0.14937517875498968,17
3.5,182.5,-0.9899784136514557,0.6921807727218765,15
3.5,183.5,-1.8470505189255184,0.11164031194559694,18
3.5,184.5,0.21150564536872107,0.7317017232242102,12
3.5,185.5,-0.038678262982304916,1.0,12
3.5,186.5,0.3104193105366541,0.8762696636277617,11
3.5,187.5,1.42578125,0.4362749288405292,11
3.5,192.5,4.6952457264957275,0.07363827012030266,10
3.5,193.5,4.240276486619629,0.007487886815149083,12
3.5,194.5,1.8769125074272133,0.04909798160926558,10
3.5,197.5,-0.6509329538266921,0.5915050369949166,10
4.5,59.5,0.3125,0.7205147871362552,10
4.5,60.5,0.09520716199450904,0.9453298708327,12
4.5,61.5,-0.1375829907891859,0.8370114751054462,12
4.5,62.5,-0.63497402242275,0.6312218204782533,12
4.5,63.5,-0.14204545454545453,0.5334165134726944,11
4.5,65.5,0.15625,0.8580276569875211,10
4.5,66.5,0.2117598684210531,0.5334165134726944,11
4.5,67.5,0.23511482007575774,0.4837557864964521,17
4.5,68.5,0.13786764705882354,0.4884223166225936,15
4.5,69.5,0.04938665464226455,0.8925584658515614,16
4.5,70.5,0.3394447047797558,0.5526151250628484,15
4.5,71.5,0.5880238791423005,0.1888874775395376,14
4.5,72.5,-0.36589635854341684,0.27575784782750934,11
4.5,74.5,0.5471927126413016,0.5371338571769023,12
4.5,75.5,0.06670436664044067,0.6921807727218765,15
4.5,76.5,0.09398496240601517,0.7264469840368603,19
4.5,77.5,-0.010358449950126304,0.9741177473553713,20
4.5,78.5,-0.2729796707209246,0.6077081401081054,21
4.5,79.5,-0.1193680223285492,0.478451739086175,27
4.5,80.5,-0.1644736842105263,0.45296039168917024,27
4.5,81.5,0.029423041428922984,0.8335157043083458,25
4.5,82.5,-0.1240914900687676,0.747106327334731,24
4.5,83.5,-0.23753913945961172,0.5683377615538607,24
4.5,84.5,0.10485914341761074,0.6796477672512591,29
4.5,85.5,0.36199871420628316,0.17089348425411355,29
4.5,86.5,0.19281249496560474,0.5937387052742729,28
4.5,87.5,0.30250586114347794,0.20946154334050293,33
4.5,88.5,0.23270248270248206,0.4655488870531287,32
4.5,89.5,-0.26459173010897113,0.21139964872138195,35
4.5,90.5,0.040323590613975155,0.7856661000859302,31
4.5,91.5,0.08613571630575315,0.5061307168657696,32
4.5,92.5,-0.11944418565580311,0.37244389624576013,32
4.5,93.5,-0.04378825781909005,0.7098436764690532,24
4.5,94.5,0.08480840259128146,0.7703961609830144,27
4.5,95.5,0.560656912040553,0.38812499094348574,29
4.5,96.5,0.6533691482326581,0.5973541948267042,23
4.5,97.5,0.14841843274683728,0.80246135962087,27
4.5,98.5,-0.15395220588235342,0.7264469840368603,19
4.5,99.5,-0.6743880764056416,0.2629105671183505,19
4.5,100.5,-1.3441726012957638,0.11475673431864909,12
4.5,101.5,-0.06898769512701779,1.0,10
4.5,102.5,0.5470336860452348,0.8218916912511594,16
4.5,103.5,0.009260416088252482,1.0,15
4.5,104.5,0.1291627171542686,0.7730800663123129,17
4.5,105.5,0.07516599168964433,0.8887055908352302,19
4.5,106.5,0.4761904761904757,0.20785680345658664,19
4.5,107.5,-0.24747198638493353,0.5696455906988613,18
4.5,108.5,0.3190358029067705,0.18344722817247316,20
4.5,109.5,0.24998382505175964,0.6946444974614776,21
4.5,110.5,0.8867582070707071,0.023526849110510402,21
4.5,111.5,0.46213235294117627,0.03946859871287833,22
4.5,112.5,-0.21776420526337192,0.37397976795469223,28
4.5,113.5,-0.7000612745098035,0.04887959235679104,18
4.5,114.5,-1.1698159242536341,0.20490442371975082,23
4.5,115.5,-1.0839776632302407,0.40435063820524453,27
4.5,116.5,-0.22114463601532464,0.568058623631595,30
4.5,117.5,-0.24371693121693078,0.2619630008374654,31
4.5,118.5,0.06629617142706913,0.8900067739861677,28
4.5,119.5,0.11163578708419664,0.6381570271128183,32
4.5,120.5,0.021008619837962456,0.8649901175825423,37
4.5,121.5,-0.14593711930038333,0.17277617599388595,35
4.5,122.5,-0.21989121989121985,0.20234388657884772,34
4.5,123.5,0.06806351891621777,0.6660299201417484,37
4.5,124.5,0.07044243849301267,0.8041805463339949,33
4.5,125.5,0.1933593750000001,0.27767939777642237,37
4.5,126.5,0.2681212478871601,0.21661058166015756,41
4.5,127.5,-0.12291527313266429,0.5801512457006335,38
4.5,128.5,-0.2109650009315866,0.129440568095036,41
4.5,129.5,-0.13331339844783524,0.29818612881587525,39
4.5,130.5,0.1311316607369242,0.4357099127515781,38
4.5,131.5,0.08345793460925031,0.5801512457006335,38
4.5,132.5,0.3308728187684551,0.0664319208094236,38
4.5,133.5,0.22478070175438628,0.2442143847130671,35
4.5,134.5,0.12153277901465537,0.5369017953048784,40
4.5,135.5,-0.5033422459893047,0.02944797335332113,39
4.5,136.5,-0.3574781797343878,0.129440568095036,41
4.5,137.5,-0.6541418650793661,0.007783680428862166,39
4.5,138.5,-0.09843089006562473,0.6777161122500928,41
4.5,139.5,0.3015625,0.0994998537797868,42
4.5,140.5,-0.2257494579329801,0.30833848049191526,42
4.5,141.5,-0.005768961085504719,0.9910383984121822,41
4.5,142.5,-0.27759723990756446,0.22084614564234595,41
4.5,143.5,-0.3558429118773942,0.35790609486477887,39
4.5,144.5,-0.822677865612647,0.018935757673890094,39
4.5,145.5,-0.7323035796707522,0.14474658718199301,38
4.5,146.5,0.1265816123682295,0.8248046168337547,40
4.5,147.5,-0.8581909256226865,0.08462300055484877,40
4.5,148.5,-0.9516816513869724,0.019367840358965067,38
4.5,149.5,-1.0416666666666679,0.013596068464906578,39
4.5,150.5,-0.18155687962043507,0.6874625535563468,38
4.5,151.5,-0.04321067618863121,0.8646820584594126,35
4.5,152.5,0.49689268236733497,0.37859457687479137,35
4.5,153.5,0.13737369947979228,0.7895923705025335,34
4.5,154.5,0.15781491311236295,0.7215623759883523,33
4.5,155.5,-0.22196258060515853,0.5935629766221353,34
4.5,156.5,-0.06810245643348123,0.8125085458048832,34
4.5,157.5,0.08218767149287605,0.8646652653123481,33
4.5,158.5,0.2141281333017704,0.6091749235356739,35
4.5,159.5,0.28623117860851544,0.5732109789122802,34
4.5,160.5,0.4236425667828101,0.5865203757130351,31
4.5,161.5,0.9346599274093192,0.01309712548730175,32
4.5,162.5,0.13812062938137856,0.6661517985372294,29
4.5,163.5,0.26171278892745764,0.37397976795469223,28
4.5,164.5,0.22034975982601845,0.8701367570919353,25
4.5,165.5,-1.3002384415007928,0.4130458869045295,24
4.5,166.5,-1.2737289525354463,0.12899601166748725,25
4.5,167.5,-1.5265649529042389,0.3975873918299724,22
4.5,168.5,-0.6000384718664796,0.5812547604118179,20
4.5,169.5,-1.1796680207608938,0.48410753779266247,19
4.5,170.5,-0.9806664940753013,0.44148821101397295,19
4.5,171.5,-1.390111383182035,0.14172595380646796,19
4.5,172.5,-1.5924950509049762,0.20785680345658664,19
4.5,173.5,2.770804748195703,0.26035056965599135,16
4.5,174.5,-0.3876531862745104,0.8795727890074994,18
4.5,175.5,0.1997369306576547,0.9016495048953725,17
4.5,176.5,1.9101331360946738,0.22547929744791595,18
4.5,177.5,-0.23537662541263493,0.7730800663123129,17
4.5,178.5,-1.04208987938804,0.38701399031522477,17
4.5,179.5,-0.7941050579893187,0.344417522979072,16
4.5,180.5,-1.7910416666666662,0.17269436302931984,18
4.5,181.5,-0.7541436845008269,0.7048534612178423,18
4.5,182.5,-0.9919099399164066,0.4046702444107403,18
4.5,183.5,-1.8934449871687038,0.22843980898867533,14
4.5,184.5,-1.6253242250847704,0.03273560958832075,13
4.5,185.5,-1.2978903480762227,0.38107448160929436,14
4.5,186.5,-3.1009356725146198,0.06003829090957912,15
4.5,187.5,0.4187338109959926,0.7554968749288828,11
4.5,188.5,2.0261796609139524,0.16922856738967296,12
4.5,189.5,1.585041380563514,0.1498607475130492,12
4.5,192.5,-0.11990740740740691,0.7205147871362552,10
4.5,193.5,0.969174986646944,0.24638736002924666,13
4.5,196.5,0.3299689440993796,0.7554968749288828,11
4.5,197.5,1.2745535714285707,0.35020138917929566,11
4.5,198.5,-0.14537114989356445,0.9513521309544037,13
4.5,199.5,0.6419370867255283,0.4742743507673295,10
4.5,249.5,0.2777777777777778,1.0,10
4.5,259.5,1.0836693548387097,0.27575784782750934,11
4.5,301.5,-0.49407958984375,0.11947098677170075,11
4.5,304.5,-0.7925420168067214,0.7205147871362552,10
4.5,306.5,1.4302384683549234,0.004207551285491748,10
5.5,59.5,0.12395104895104864,0.7554968749288828,11
5.5,60.5,0.02587116166661668,0.9453298708327,12
5.5,61.5,-0.19548420329670374,0.8370114751054462,12
5.5,62.5,-1.3271351831495664,0.029272509186304533,11
5.5,63.5,-1.059951182211034,0.1498607475130492,12
5.5,64.5,-0.7571059881766007,0.023642218909198473,12
5.5,65.5,0.10319552759068894,0.7526419827681854,16
5.5,66.5,-0.12338789682539764,0.7425568219265776,14
5.5,67.5,-0.40416666666666623,0.3244236905215787,14
5.5,68.5,-0.3436092909946238,0.32243671374299476,17
5.5,69.5,-0.036979166666666785,1.0,15
5.5,70.5,-0.5750257537129814,0.11507464782117936,16
5.5,71.5,-0.32170230474866807,0.2299690777236404,20
5.5,72.5,0.27749114008674836,0.3726914904715183,12
5.5,73.5,0.285881728861984,0.8370114751054462,12
5.5,74.5,0.22009408602150518,0.674611943553671,19
5.5,75.5,-0.18605584487814783,0.5590153132322268,20
5.5,76.5,0.54179625946729,0.19412668587809967,21
5.5,77.5,0.02948444020287558,0.9012978441563574,24
5.5,78.5,0.30545567853776334,0.4282542252410364,27
5.5,79.5,0.8428211166785754,0.0041049326925718605,29
5.5,80.5,0.43894527936783945,0.10834142617557846,30
5.5,81.5,0.5884090727871678,0.18311229220036362,25
5.5,82.5,-0.385713946755485,0.4130458869045295,24
5.5,83.5,-0.3129279427432066,0.29505551931395413,28
5.5,84.5,-0.1806317884218111,0.47532023939393775,31
5.5,85.5,-0.029786427815755356,0.6565125016248674,34
5.5,86.5,-0.16160214727753458,0.4418455025304515,29
5.5,87.5,-0.033192250626014164,0.9240398006814219,36
5.5,88.5,0.005324618096357191,1.0,34
5.5,89.5,0.05455600050159035,0.6629027180455136,36
5.5,90.5,0.09048818258707647,0.5738490427115428,37
5.5,91.5,-0.26145407487319294,0.17750773887281412,36
5.5,92.5,-0.21109794774381488,0.4101196678534941,35
5.5,93.5,0.026523177680416107,0.883962377036416,32
5.5,94.5,0.426065488565488,0.18493228677225526,31
5.5,95.5,-0.0020468995685085506,1.0,28
5.5,96.5,-0.14264112903225815,0.8233490121001951,24
5.5,97.5,0.3954677797246031,0.20882963623889783,29
5.5,98.5,-0.016025641025641482,0.9501214021353642,27
5.5,99.5,-0.426413350635105,0.674611943553671,19
5.5,100.5,-0.28213166144200574,0.5959123948117162,18
5.5,101.5,0.3474627903529576,0.6345102928818573,23
5.5,102.5,-1.357719075839035,0.26035056965599135,16
5.5,103.5,-0.48295454545454675,0.8430852292699837,15
5.5,104.5,0.40013227513227506,0.6117600292546322,22
5.5,105.5,0.024164555116767156,0.940681598665201,24
5.5,106.5,0.2203775725645452,0.6572273920607943,25
5.5,107.5,0.386056971514243,0.4274889995990474,26
5.5,108.5,-0.22886473429951693,0.6767236120473166,27
5.5,109.5,-0.11600378787878748,0.7913957365052897,26
5.5,110.5,-0.22537055704898407,0.6125283803487117,29
5.5,111.5,0.37904942427290644,0.37397976795469223,28
5.5,112.5,-0.07216251885369529,0.8312934504994595,35
5.5,113.5,0.09969464088408928,0.9224790119344362,32
5.5,114.5,-0.9271515987549526,0.09309278128349438,28
5.5,115.5,-0.9072708017733742,0.10104860561904867,28
5.5,116.5,-0.9321964956195244,0.13473584102323688,31
5.5,117.5,-0.030423573085239956,0.9320955597597091,35
5.5,118.5,-0.3573495370370372,0.26798634486283324,35
5.5,119.5,0.9809027777777783,0.0012919222723905578,39
5.5,120.5,0.12086323763955324,0.320583765225938,38
5.5,121.5,-0.11966014309764295,0.3530961293655652,37
5.5,122.5,-0.09327940213200103,0.5952698888863501,36
5.5,123.5,0.07722633992165286,0.774848422162878,36
5.5,124.5,-0.4541601897512878,0.16054611379599892,39
5.5,125.5,-0.34589039364868035,0.22943429057595655,41
5.5,126.5,-0.2436538868932484,0.33935033795235936,40
5.5,127.5,-0.07588670617275149,0.7531271266832608,39
5.5,128.5,-0.16956419501428358,0.4791861756075628,41
5.5,129.5,-0.23126132246376863,0.2597050690029892,42
5.5,130.5,0.08523070229323779,0.5516478210183581,41
5.5,131.5,0.15552137756879134,0.22084614564234595,41
5.5,132.5,0.4151978264323638,0.03192885401922455,41
5.5,133.5,0.2999585690953425,0.031888692179085805,42
5.5,134.5,-0.029296078910899186,0.8115533673850394,42
5.5,135.5,-0.1870663887202687,0.29751878206452487,44
5.5,136.5,0.2114994683438352,0.2597050690029892,42
5.5,137.5,0.1553045528119672,0.5730643403857183,42
5.5,138.5,-0.14004593584553107,0.6964285776954346,42
5.5,139.5,0.02813057040998243,0.8965279189482994,42
5.5,140.5,0.05432114314013435,0.785544411956157,43
5.5,141.5,-0.015564297926317382,0.990704029723175,40
5.5,142.5,-0.21812049890408106,0.5719835030644609,43
5.5,143.5,0.0368836114196584,0.8623384168158529,42
5.5,144.5,-0.28205182292246156,0.4122551679916763,41
5.5,145.5,-0.5176627344367588,0.16560248483061546,40
5.5,146.5,-0.8482884727365025,0.017115104092117885,42
5.5,147.5,-0.3565240372320791,0.351206894526375,41
5.5,148.5,-0.6998256190648984,0.0773717955214685,39
5.5,149.5,-0.48119512643919926,0.07339972979721172,39
5.5,150.5,0.24136931683204482,0.6690554101034223,38
5.5,151.5,-0.3762366818873689,0.4357099127515781,38
5.5,152.5,-0.7500800731790686,0.10768143385917042,37
5.5,153.5,0.33403103963767933,0.47672905828844614,34
5.5,154.5,0.24302559844640553,0.45855874552468434,34
5.5,155.5,-0.4845150882834706,0.31386902702531216,33
5.5,156.5,-1.0315114904195974,0.07996854080618057,33
5.5,157.5,-1.0890625788100508,0.1689113395241172,36
5.5,158.5,0.40341766826054953,0.39416640444789575,35
5.5,159.5,0.06400190233126471,0.9353765292166933,32
5.5,160.5,0.3937068576913902,0.4655488870531287,32
5.5,161.5,0.8739881693648822,0.06641490832840093,31
5.5,162.5,0.1891543985257531,0.7334457521953335,32
5.5,163.5,-0.5617676767676762,0.24303798973120727,27
5.5,164.5,-0.4601093970827721,0.3955862561437876,28
5.5,165.5,-0.9484722222222217,0.498219385345291,25
5.5,166.5,-0.26467881507160035,0.7849697273207377,24
5.5,167.5,-1.0308229079688653,0.3668796006462124,22
5.5,168.5,-0.5878004381780524,0.7397638077281241,21
5.5,169.5,0.8552858126721768,0.49856438700636985,22
5.5,170.5,0.6162722166858198,0.6946444974614776,21
5.5,171.5,-0.22981665425092151,0.7857971061789661,21
5.5,172.5,-0.519845490530064,0.5288645203641904,19
5.5,173.5,0.07997384559884582,1.0,21
5.5,174.5,-0.4686930209422316,0.5259924856094209,21
5.5,175.5,0.0594617236978865,1.0,20
5.5,176.5,-0.43729471621700666,0.721176307474874,20
5.5,177.5,-1.6034379437116129,0.1836989860577931,19
5.5,178.5,0.004952094100275417,1.0,20
5.5,179.5,-0.6713649607129669,0.5923012814329899,17
5.5,180.5,-1.9457267992424243,0.06887334136057353,19
5.5,181.5,-1.928467113494804,0.11188667489678761,20
5.5,182.5,-2.352187800625302,0.09123902905538855,17
5.5,183.5,-2.3336457843633056,0.1498607475130492,12
5.5,184.5,-2.1172235023041472,0.16055589143580895,13
5.5,185.5,-0.7931739267676767,0.344417522979072,16
5.5,186.5,-0.3716210226657828,0.6693340144640527,13
5.5,187.5,-0.9790070242656451,0.6312218204782533,12
5.5,188.5,2.270622942159319,0.24638736002924666,13
5.5,189.5,0.921240428137402,0.2735614117247491,14
5.5,190.5,1.298651562897886,0.546443354962665,14
5.5,191.5,0.7065217391304347,0.6921807727218765,15
5.5,192.5,-1.9713260352366258,0.3726914904715183,12
5.5,193.5,-2.2774939146971764,0.12720368763109946,13
5.5,194.5,1.5683519286224357,0.16055589143580895,13
5.5,195.5,2.5168435127674265,0.3036732148994191,12
5.5,196.5,-0.884411196911198,0.38107448160929436,14
5.5,197.5,-2.9681844355844818,0.04674494105371118,12
5.5,198.5,-3.5901382658352574,0.12720368763109946,13
5.5,199.5,1.3716600279241697,0.3036732148994191,12
5.5,200.5,1.7772883821103265,0.1498607475130492,12
5.5,202.5,-1.6946274948893894,0.27575784782750934,11
5.5,203.5,-3.844193678635817,0.2104977000553373,10
5.5,204.5,0.2874228395061746,0.4742743507673295,10
5.5,205.5,-3.8235294117647056,0.10740463633025372,10
5.5,218.5,-0.24925595238095344,1.0,10
5.5,230.5,0.05952380952380783,0.8580276569875211,10
5.5,234.5,-0.2603832799145304,0.8580276569875211,10
5.5,239.5,-0.37011718749999944,0.5915050369949166,10
5.5,242.5,1.3441043083900226,0.06170669002831271,11
5.5,243.5,-0.03969929077194616,1.0,13
5.5,244.5,0.8263185645351895,0.5371338571769023,12
5.5,245.5,1.7579740366541352,0.0798019286423907,14
5.5,246.5,0.8887702040275567,0.11328720822235322,15
5.5,247.5,0.6544060095765349,0.4440436396628866,16
5.5,248.5,1.2849002081242582,0.07651365424139898,17
5.5,249.5,0.8516407119021134,0.2629105671183505,19
5.5,250.5,0.012166819169508744,1.0,16
5.5,251.5,1.0620599255430017,0.16585666034291002,15
5.5,252.5,1.7346342528381362,0.048744920739706564,14
5.5,253.5,-2.2345982590367344,0.16055589143580895,13
5.5,254.5,-0.9276650661892362,0.2735614117247491,14
5.5,255.5,-0.002260972171962787,1.0,16
5.5,256.5,0.5666663194041835,0.36331590966639116,18
5.5,257.5,0.11615410052910077,0.8795727890074994,18
5.5,258.5,1.1609689264829133,0.38701399031522477,17
5.5,259.5,1.3570108834567596,0.20161232353469571,17
5.5,260.5,0.5749781991109912,0.49946120310401465,16
5.5,261.5,0.40940860215053765,0.5840703669455064,14
5.5,262.5,-0.21940104166666696,0.7425568219265776,14
5.5,263.5,-0.9876749674479157,0.29391717025195707,19
5.5,264.5,-0.8345758466433808,0.5829505577618919,13
5.5,265.5,-0.2837784267775691,0.7425568219265776,14
5.5,266.5,-2.1530485280275697,0.3004271167492414,16
5.5,267.5,-1.4001142061673677,0.048744920739706564,14
5.5,268.5,-0.2954197020499006,0.9513521309544037,13
5.5,269.5,0.3253205128205121,1.0,11
5.5,271.5,-1.771347306529928,0.19261627432960227,12
5.5,272.5,-2.43480212871845,0.15240628395674932,10
5.5,275.5,1.1824324324324325,0.2104977000553373,10
5.5,284.5,-0.7804687500000005,0.3036732148994191,12
5.5,285.5,-1.543469551282051,0.10740463633025372,10
5.5,287.5,-0.11021550299005214,0.8370114751054462,12
5.5,294.5,0.8026960784313724,0.17269436302931984,18
5.5,295.5,1.8664772727272725,0.06003829090957912,15
5.5,296.5,1.7103306840105756,0.07363827012030266,10
5.5,297.5,-0.5615911213918912,0.07685087226788877,13
5.5,298.5,0.6832577142959984,0.044083783741320944,13
5.5,299.5,-0.39611391668848633,0.5923012814329899,17
5.5,300.5,-0.17977784863945595,0.9513521309544037,13
5.5,301.5,-0.5010488376695926,0.17403358020816395,17
5.5,302.5,-0.24193572631072602,0.5583509093759852,16
5.5,303.5,0.5788690476190477,0.5366482363005154,17
5.5,304.5,-0.26416596912202295,0.8266659696701553,14
5.5,305.5,1.4854563148788926,0.1546297519658153,14
5.5,322.5,3.088121639784944,0.3726914904715183,12
5.5,325.5,-2.743055555555556,0.4742743507673295,10
5.5,329.5,-1.2657738095238087,0.4362749288405292,11
5.5,330.5,-1.0032028782028781,0.5334165134726944,11
5.5,334.5,-1.1875,0.4742743507673295,10
6.5,53.5,0.8263994749322501,0.15240628395674932,10
6.5,54.5,-0.5387578398344723,0.5371338571769023,12
6.5,55.5,-0.521600143995456,0.5371338571769023,12
6.5,56.5,-0.2679158448389215,0.8762696636277617,11
6.5,57.5,-0.3378302731751013,0.7205147871362552,10
6.5,58.5,-0.9388927045177045,0.640428787412791,11
6.5,59.5,-0.13074277003117363,0.6312218204782533,12
6.5,60.5,-0.5555715007433565,0.2996654484343021,13
6.5,61.5,-0.9213814554907739,0.2001281176786024,13
6.5,62.5,-0.9018883125535138,0.004931500366306388,12
6.5,63.5,-0.559150482082466,0.37305311625145265,15
6.5,64.5,-0.29774011490877444,0.12531111138942436,14
6.5,65.5,-0.5048076923076923,0.4046702444107403,18
6.5,66.5,-0.41753765856236774,0.2322487419840542,17
6.5,67.5,-0.40201179570479406,0.029722634784774687,20
6.5,68.5,-0.042862185972115247,0.7702877264736667,20
6.5,69.5,-0.17897727272727249,0.4462707358146645,22
6.5,70.5,-0.2791214019841698,0.11188667489678761,20
6.5,71.5,0.2611214830284855,0.3030965324675493,17
6.5,72.5,0.15369888117283956,0.7108359248149255,17
6.5,73.5,0.3800663622092187,0.3272855802219552,19
6.5,74.5,0.3273361816073127,0.35874300337869447,24
6.5,75.5,-0.07440476190476149,0.7283144806017332,24
6.5,76.5,0.07421875000000022,0.9101956836196836,22
6.5,77.5,0.14166592507109746,0.7614215361463608,25
6.5,78.5,0.0031520826014902973,1.0,27
6.5,79.5,1.3632339824929192,0.12866108508859356,29
6.5,80.5,1.064206339462349,0.1495902257394682,33
6.5,81.5,0.11966591055014433,0.5765325919333777,36
6.5,82.5,0.33593693410690517,0.5270983110287552,32
6.5,83.5,-0.2747867116144907,0.43751817737481247,36
6.5,84.5,-0.38318890575600234,0.08864074661698312,36
6.5,85.5,0.046390778533635615,0.8646820584594126,35
6.5,86.5,0.45272300592352366,0.07005128462163264,36
6.5,87.5,0.27017186858579517,0.4357099127515781,38
6.5,88.5,0.15825934481440318,0.4081104204610595,40
6.5,89.5,-0.015495170727917913,0.9095458052651214,35
6.5,90.5,-0.3367180205415524,0.2559086205193716,35
6.5,91.5,-0.46217049804866767,0.04525554618596206,36
6.5,92.5,-0.3641798641620254,0.005786439157935758,37
6.5,93.5,-0.2602104685438026,0.35220493219511184,38
6.5,94.5,-0.2814102106926098,0.06641490832840093,31
6.5,95.5,-0.2456626575394063,0.46443447665483895,29
6.5,96.5,0.13922991071428586,0.6593353383597195,26
6.5,97.5,-0.20810395622895655,0.3152515554041374,25
6.5,98.5,-0.22833987691001686,0.45960782304895875,23
6.5,99.5,-0.7721553619991117,0.06441101325280983,20
6.5,100.5,-0.0974702380952408,0.8740921801633091,23
6.5,101.5,0.5584994724818637,0.29391717025195707,19
6.5,102.5,0.9779575892857142,0.22843980898867533,14
6.5,103.5,0.8112745098039215,0.12557019892294263,23
6.5,104.5,-0.18679962718929805,0.7073824349601937,28
6.5,105.5,0.3358942980548917,0.6374381847429542,24
6.5,106.5,0.1242082420463398,0.6381570271128183,32
6.5,107.5,-0.03086419753086423,0.8119200006410022,31
6.5,108.5,-0.06299074182585299,0.7248282628697524,38
6.5,109.5,-0.0940705128205131,0.7108952874500365,41
6.5,110.5,-0.0912202380952376,0.6292031763118552,35
6.5,111.5,-0.04296194813208522,0.9382480146046129,33
6.5,112.5,-0.10254183732901356,0.6719877462455313,39
6.5,113.5,0.01608506944444462,0.9398714539943918,38
6.5,114.5,-0.3068811884729851,0.1250856595446185,38
6.5,115.5,-0.037387280264238876,0.8980212621322816,40
6.5,116.5,-0.5346200980392164,0.34119875170636194,31
6.5,117.5,-0.34187855706312414,0.546208417913761,38
6.5,118.5,0.40806381790726265,0.45325103254848365,39
6.5,119.5,0.019372498235133373,0.8612638836213089,40
6.5,120.5,0.11846108965393104,0.5667605869699316,41
6.5,121.5,0.12237763292819806,0.6942324524938993,41
6.5,122.5,-0.23172514619883064,0.5293245899568817,39
6.5,123.5,0.6705708185626813,0.07201763206645242,42
6.5,124.5,-0.7022161537642869,0.04934608596343685,41
6.5,125.5,-0.8418916335619537,0.02531977781053026,37
6.5,126.5,0.6584132495590829,0.04614335216376593,42
6.5,127.5,-0.11499180854019608,0.615428246959838,43
6.5,128.5,-0.17285331692395545,0.5438546354123606,43
6.5,129.5,-0.08061181031865107,0.8342074867818815,43
6.5,130.5,-0.03312359320646552,0.8342074867818815,43
6.5,131.5,0.2783118885314916,0.29622163753056174,41
6.5,132.5,0.2653531536549636,0.19438626928107727,43
6.5,133.5,0.29340487154363226,0.25307527931601204,44
6.5,134.5,0.3658533171565804,0.39080164551413843,43
6.5,135.5,0.11000428644389326,0.6302255973372057,43
6.5,136.5,0.2451584670314384,0.346250063352757,43
6.5,137.5,0.16148234502265657,0.7063555824925177,43
6.5,138.5,-0.04171099290780263,0.9000604006879467,43
6.5,139.5,0.22770596243859426,0.5029936375635133,43
6.5,140.5,0.189874591555866,0.6302255973372057,43
6.5,141.5,0.111920809010255,0.7385526280584778,44
6.5,142.5,0.44854872750373476,0.18038393817009857,43
6.5,143.5,0.17502750507786047,0.6451727985245015,43
6.5,144.5,0.043716853402988934,0.9166502013630717,43
6.5,145.5,0.02305993737445342,0.9499317198507831,43
6.5,146.5,-0.5196234888432902,0.129440568095036,41
6.5,147.5,-0.39589781379830036,0.3512610600692121,40
6.5,148.5,-0.6515105750289002,0.16560248483061546,40
6.5,149.5,-0.63332931954614,0.11044599236405402,40
6.5,150.5,-0.28588262754805527,0.2263989227367953,39
6.5,151.5,-0.6457563827807056,0.16168099298618033,37
6.5,152.5,-0.47399051173090956,0.153984399663931,37
6.5,153.5,0.3467573298942629,0.3908282308519907,36
6.5,154.5,-0.07786607075878614,0.7635561283061163,37
6.5,155.5,-0.9613873526694485,0.018452305746918495,36
6.5,156.5,-0.6756384777371527,0.06909725970750502,35
6.5,157.5,-0.3656448451968909,0.4431544530574595,35
6.5,158.5,-0.1069642510223118,0.8890947898386434,33
6.5,159.5,0.3290527142571892,0.34457761884916804,33
6.5,160.5,0.9910106441490629,0.1400251886811748,32
6.5,161.5,0.5191858241894844,0.4856472470963893,33
6.5,162.5,-0.15400304203539802,0.7752944295177846,30
6.5,163.5,0.034652853076714674,0.984237603525127,28
6.5,164.5,-0.4807859385627223,0.5937387052742729,28
6.5,165.5,-1.06990746883325,0.3091626948735827,24
6.5,166.5,-0.7664571005917153,0.5084542305885602,26
6.5,167.5,-0.3931547619047618,0.7260951618325295,25
6.5,168.5,-1.2111742424242422,0.090976463086059,23
6.5,169.5,-0.34158759625962604,0.5959123948117162,18
6.5,170.5,-0.2040031903339674,0.777959384381542,22
6.5,171.5,-1.2355664329174578,0.2561449666035266,20
6.5,172.5,-0.8398393396701137,0.18344722817247316,20
6.5,173.5,-0.603235930298375,0.6242768461207494,19
6.5,174.5,-0.5437191112152417,0.5812547604118179,20
6.5,175.5,-1.7091753072886728,0.17269436302931984,18
6.5,176.5,-2.9193351534326717,0.008034765312662959,22
6.5,177.5,-1.669511069555436,0.14429205544010523,20
6.5,178.5,-2.4550157564765125,0.04276342583319385,16
6.5,179.5,-0.16314701565557727,0.9671423309063722,17
6.5,180.5,-0.008602278120551128,1.0,18
6.5,181.5,-0.17415569674584172,1.0,19
6.5,182.5,-0.6818181818181818,0.5444860568259107,18
6.5,183.5,0.3428596866096859,0.7048534612178423,18
6.5,184.5,0.003945707070707248,1.0,16
6.5,185.5,1.8179563492063484,0.2762784158080178,15
6.5,186.5,2.9245873857942817,0.12531111138942436,14
6.5,187.5,1.4428628618846728,0.4506702853141802,12
6.5,188.5,-0.17753276209677438,1.0,14
6.5,189.5,2.2549715909090895,0.4362749288405292,11
6.5,190.5,3.339968774395005,0.0748246071030847,15
6.5,191.5,-0.2465053687349037,0.7108359248149255,17
6.5,192.5,-1.940291813952083,0.04887959235679104,18
6.5,193.5,0.030091482567946748,0.9640893612679119,16
6.5,194.5,-0.03785842293906843,1.0,14
6.5,195.5,0.42049632352941263,0.7425568219265776,14
6.5,196.5,-0.5329469212314526,0.3030965324675493,17
6.5,197.5,-1.2730622552051132,0.7425568219265776,14
6.5,198.5,-1.634523047375159,0.5840703669455064,14
6.5,199.5,2.517085537918872,0.12747693274137845,17
6.5,200.5,-0.5228444486064947,0.5021582515007486,13
6.5,201.5,0.10474083664525138,0.9513521309544037,13
6.5,202.5,-1.1313169717602403,0.38107448160929436,14
6.5,203.5,-2.7739004964333915,0.044083783741320944,13
6.5,204.5,1.0147647350305231,0.5021582515007486,13
6.5,205.5,-0.2674731131509541,0.9453298708327,12
6.5,206.5,0.9061586257309945,0.46327002139963513,13
6.5,207.5,1.7299081623320216,0.27575784782750934,11
6.5,208.5,-0.751894790863691,0.5371338571769023,12
6.5,209.5,1.92352674207513,0.5915050369949166,10
6.5,210.5,0.32519531249999956,0.8580276569875211,10
6.5,214.5,-0.5374433563225981,0.7317017232242102,12
6.5,216.5,-0.31640625,0.8762696636277617,11
6.5,218.5,0.8477105034722221,0.8762696636277617,11
6.5,219.5,1.2490663429994486,0.24638736002924666,13
6.5,220.5,1.7104341736694653,0.35020138917929566,11
6.5,221.5,0.5980634214078074,0.4277105102974643,13
6.5,222.5,-1.0898388756645971,0.38107448160929436,14
6.5,223.5,0.7355218855218844,0.5371338571769023,12
6.5,224.5,0.2125177521198397,0.9453298708327,12
6.5,225.5,2.3704857919730395,0.0995087321591697,13
6.5,226.5,0.20362896017190868,0.9671423309063722,17
6.5,227.5,-0.44366984065293436,0.6921807727218765,15
6.5,228.5,1.0747307804370863,0.41723479960256216,16
6.5,229.5,-0.1270718044704861,0.8795727890074994,18
6.5,230.5,-0.10713881340579712,1.0,15
6.5,231.5,0.805672824549742,0.38107448160929436,14
6.5,232.5,0.7843231162196675,0.4277105102974643,13
6.5,233.5,0.46102875112309233,0.511220344688192,14
6.5,234.5,0.05022321428571429,1.0,15
6.5,235.5,0.08660182407924093,1.0,14
6.5,236.5,0.2809027777777784,0.9211586502250249,15
6.5,237.5,-0.04277614790893189,0.9671423309063722,17
6.5,238.5,-0.014057750759878473,1.0,19
6.5,239.5,-0.14537545787545772,0.7795660645811546,19
6.5,240.5,0.3030303030303052,0.48410753779266247,19
6.5,241.5,0.6629611330698284,0.41489093965848534,21
6.5,242.5,0.3329613095238087,0.6077081401081054,21
6.5,243.5,-1.341570132623904,0.2561449666035266,20
6.5,244.5,0.4126039330267516,0.3875143778393141,25
6.5,245.5,0.5247400382410206,0.31774734769908775,30
6.5,246.5,0.8237287430137294,0.1542575118326619,25
6.5,247.5,0.584758005971949,0.18863315303694816,24
6.5,248.5,0.8897915559099773,0.050657030094118746,23
6.5,249.5,-0.2648979107312444,0.777959384381542,22
6.5,250.5,-0.46875,0.11251453486444042,26
6.5,251.5,0.28124999999999883,0.6464984392954767,27
6.5,252.5,0.7714414204436792,0.2266164478008148,27
6.5,253.5,0.2827380952380951,0.7243397423849234,26
6.5,254.5,-0.3929431916575652,0.4343114428562501,31
6.5,255.5,0.4630265279285568,0.19618113273857263,27
6.5,256.5,0.525057603686636,0.4806051289858302,26
6.5,257.5,0.13157894736842105,0.8947871042097532,26
6.5,258.5,-0.2731146694214889,0.7614215361463608,25
6.5,259.5,0.5072656141221109,0.41368622699316804,25
6.5,260.5,0.2026654411764706,0.4873503903353207,21
6.5,261.5,0.6631421066720256,0.33335824348826115,24
6.5,262.5,0.05056077453987769,0.9101956836196836,22
6.5,263.5,0.9304256889763785,0.11305101958707045,23
6.5,264.5,0.4790255685607572,0.5283124685330474,25
6.5,265.5,-0.5630966965941882,0.6731887478154436,20
6.5,266.5,-2.727432975209961,0.06378663704794149,17
6.5,267.5,0.04131040779798625,1.0,19
6.5,268.5,-0.05646842824136035,1.0,16
6.5,269.5,0.756578947368421,0.22547929744791595,18
6.5,270.5,0.02134552413241205,1.0,14
6.5,271.5,-0.7769459425800971,0.3030965324675493,17
6.5,272.5,-0.2774350750902639,0.6853285557833784,16
6.5,273.5,-0.8560412955114902,0.7317017232242102,12
6.5,274.5,-0.7638888888888811,0.511220344688192,14
6.5,275.5,-0.3163194444444448,0.8762696636277617,11
6.5,276.5,-0.08739177489177569,0.8580276569875211,10
6.5,277.5,0.8097547968679754,0.511220344688192,14
6.5,278.5,0.2839585274930103,0.7205147871362552,10
6.5,279.5,0.8779681170428244,0.6693340144640527,13
6.5,281.5,-0.4399463383838379,0.640428787412791,11
6.5,282.5,-1.4715454545454563,0.42848041949799653,15
6.5,283.5,-0.265625,0.8430852292699837,15
6.5,284.5,0.5401779213047266,0.23495478370334333,15
6.5,285.5,-0.9543121029632264,0.03273560958832075,13
6.5,287.5,1.0370037270007828,0.10051817320746463,14
6.5,288.5,0.4019801320038613,0.7317017232242102,12
6.5,289.5,-1.1098484848484849,0.06170669002831271,11
6.5,290.5,-0.3666992187500001,0.4506702853141802,12
6.5,291.5,-1.4909762178941899,0.12720368763109946,13
6.5,292.5,-1.709635416666666,0.21291190281150452,11
6.5,293.5,2.1144480519480524,0.06170669002831271,11
6.5,294.5,1.2086003280266613,0.07910921509869843,16
6.5,295.5,0.6046195652173912,0.5840703669455064,14
6.5,296.5,0.885195121992986,0.12720368763109946,13
6.5,297.5,0.162567138671875,0.8795727890074994,18
6.5,298.5,0.3897687161048414,0.5923012814329899,17
6.5,299.5,0.5941366045825208,0.38103238548434304,20
6.5,300.5,0.25954861111111127,0.4555354119407532,20
6.5,301.5,0.007467898092898365,0.975910003234818,21
6.5,302.5,0.18036103330220962,0.7108359248149255,17
6.5,303.5,-0.21603661614495354,0.7425568219265776,14
6.5,304.5,1.2386045327221806,0.2437222847721744,12
6.5,305.5,0.6759973313425751,0.24638736002924666,13
6.5,315.5,0.8565457661946614,0.7205147871362552,10
6.5,316.5,1.470588235294117,0.16112494928905186,11
6.5,317.5,0.6785714285714289,0.35020138917929566,11
6.5,318.5,2.0362723214285716,0.07685087226788877,13
6.5,320.5,-0.3674332944452807,0.8580276569875211,10
6.5,321.5,0.940413752913753,0.35020138917929566,11
6.5,322.5,0.9128917584058716,0.4506702853141802,12
6.5,323.5,0.3416666666666671,0.4434214028640827,14
6.5,324.5,-0.057010135135135344,0.9442166279919116,19
6.5,325.5,-0.617559523809523,0.640428787412791,11
6.5,326.5,0.7095370370370357,0.36012164775537825,13
6.5,327.5,2.073194662480377,0.03433985000756262,16
6.5,328.5,0.02182678331842599,1.0,17
6.5,329.5,-0.7861699393386119,0.6204252937103817,16
6.5,330.5,0.06713995943204887,1.0,10
6.5,331.5,-0.8916666666666662,0.6312218204782533,12
6.5,332.5,-3.9013001559073466,0.37109336952269756,10
6.5,333.5,-1.0018148291925468,0.19261627432960227,12
6.5,334.5,-1.9964264939287473,0.04296014602842502,11
7.5,51.5,-0.09729853479853522,1.0,11
7.5,52.5,0.5595238095238091,0.5915050369949166,10
7.5,53.5,1.0535071113174355,0.12720368763109946,13
7.5,54.5,-0.13765869719981005,0.7603323075218761,13
7.5,55.5,-0.2740705487222475,0.8370114751054462,12
7.5,56.5,-0.5390589158583469,0.8547770980655479,13
7.5,57.5,-1.0561170712551076,0.5021582515007486,13
7.5,58.5,-0.3824441750994586,0.5371338571769023,12
7.5,59.5,-0.16119840525328366,0.5371338571769023,12
7.5,60.5,-0.6564882332188962,0.36012164775537825,13
7.5,61.5,-1.1970481249768947,0.11328720822235322,15
7.5,62.5,-0.07966342254663417,0.7048534612178423,18
7.5,63.5,0.03571428571428571,0.9211586502250249,15
7.5,64.5,0.366685558264233,0.7603323075218761,13
7.5,65.5,-0.19125199947476446,0.6853285557833784,16
7.5,66.5,-0.4676988478293985,0.19780102703780067,18
7.5,67.5,-0.2925680755547017,0.1629844132966407,20
7.5,68.5,0.42575702969990126,0.12783672945149901,22
7.5,69.5,0.01346371882086179,0.9578745987779059,23
7.5,70.5,-0.0659765333588313,0.8120540211265272,23
7.5,71.5,0.08198405294953823,0.6518692807184261,22
7.5,72.5,0.09989706408879262,0.6946444974614776,21
7.5,73.5,0.6137061467943833,0.2561449666035266,20
7.5,74.5,0.30143025078369867,0.3545784475977316,26
7.5,75.5,-0.1090182648401831,0.8600328045734927,26
7.5,76.5,0.21236552103176587,0.8365263661204166,29
7.5,77.5,0.018588664421998285,0.8650383150743489,31
7.5,78.5,-0.638397435897436,0.1438256691076362,31
7.5,79.5,0.5393145161290303,0.353545768449924,30
7.5,80.5,-0.08713222793904529,0.9478599779684119,37
7.5,81.5,-0.08375907352548813,0.959893189819583,38
7.5,82.5,-0.07616869611316594,0.8808988697656468,36
7.5,83.5,-0.354532059005028,0.18642577589332088,36
7.5,84.5,0.4640314836341783,0.30149552170586214,37
7.5,85.5,0.5684059474376186,0.1352154124488679,41
7.5,86.5,0.38703969312689435,0.09569390835163932,40
7.5,87.5,0.5963235294117648,0.024447784188570267,39
7.5,88.5,0.11399501661129566,0.4107427047210993,39
7.5,89.5,-0.09668797819935046,0.5452829029299784,39
7.5,90.5,-0.22722925296592614,0.13943091259492635,37
7.5,91.5,-0.1767678392260224,0.3454035788769343,41
7.5,92.5,-0.4031466113416329,0.026025935953250253,39
7.5,93.5,-0.4704676720680251,0.02307267483954504,35
7.5,94.5,-0.6368164272754964,0.016322031350919017,33
7.5,95.5,-0.6510091492318182,0.02127663859269862,32
7.5,96.5,-0.2006290873478373,0.29198463590975887,31
7.5,97.5,-0.46480082417582413,0.2299690777236404,20
7.5,98.5,0.11184210526315809,0.8337352412499334,19
7.5,99.5,-0.24664748558980032,0.4768527869190301,28
7.5,100.5,0.0916353383458644,0.8675468701977536,27
7.5,101.5,-0.034515796839583404,1.0,20
7.5,102.5,0.26310822611310236,0.6277372683701176,26
7.5,103.5,-0.13802083333333362,0.568058623631595,30
7.5,104.5,-0.477843915343915,0.041963944579415956,30
7.5,105.5,-0.285620828930073,0.22814629250030505,28
7.5,106.5,-0.007421811421712832,0.9799402562507286,38
7.5,107.5,-0.07681336593317074,0.7531271266832608,39
7.5,108.5,0.12007640053715835,0.7446315154396081,41
7.5,109.5,-0.012539498642495069,0.9731197167307598,41
7.5,110.5,0.200734473717055,0.46534374401080913,41
7.5,111.5,-0.0797061035217446,0.6602647550462682,43
7.5,112.5,0.05363540140042314,0.8794050603461727,42
7.5,113.5,-0.08739177489177466,0.6181176400135012,42
7.5,114.5,0.018948253586385338,0.942139359457642,39
7.5,115.5,0.1562437894051536,0.5016358122745783,42
7.5,116.5,0.6563307493540051,0.02558178981539793,42
7.5,117.5,0.19539419934640517,0.7531271266832608,39
7.5,118.5,0.06599273571256377,0.6964285776954346,42
7.5,119.5,-0.021425626926658205,0.8662064065863085,41
7.5,120.5,-0.060553419794819284,0.7287442378062506,42
7.5,121.5,0.48990037146740373,0.26835952882925296,40
7.5,122.5,0.7315439079606232,0.022602740262960618,41
7.5,123.5,0.2894684607541489,0.4126408006212513,44
7.5,124.5,-0.3150783879583385,0.3356385211551284,43
7.5,125.5,0.02092338562689117,0.9731197167307598,41
7.5,126.5,0.45369306247096475,0.28575834826955737,43
7.5,127.5,0.16461120401337742,0.516431410692801,43
7.5,128.5,0.07676683917210356,0.7385526280584778,44
7.5,129.5,0.44588352047415064,0.11694867361133053,44
7.5,130.5,0.2147626496431056,0.47668240722040733,43
7.5,131.5,0.03890752213911073,0.8670185603843512,43
7.5,132.5,-0.10906205468986505,0.4852496795837916,44
7.5,133.5,0.1650905572670961,0.47268784744188586,44
7.5,134.5,-0.08582767015464525,0.863482766117042,44
7.5,135.5,0.13007348632915816,0.615428246959838,43
7.5,136.5,0.1732537308580825,0.6345230397276371,44
7.5,137.5,0.21514845938375243,0.4511433381462897,43
7.5,138.5,0.02309682205326613,0.9166502013630717,43
7.5,139.5,0.15921446790060612,0.4360985999947923,44
7.5,140.5,0.10238830018562385,0.6636253756806705,44
7.5,141.5,0.06461061314539576,0.8003790608501801,44
7.5,142.5,-0.23483654269987192,0.27026408968808713,44
7.5,143.5,-0.5532745873654964,0.025116903415046025,43
7.5,144.5,-0.26478120094191354,0.42257215707244233,42
7.5,145.5,0.31226914838977565,0.4101432374855566,42
7.5,146.5,-0.5767233545971349,0.057670064418724465,41
7.5,147.5,-0.24872256108948762,0.42144237894257297,40
7.5,148.5,-0.3913346441633072,0.507532735474822,41
7.5,149.5,-0.7978007993437952,0.024447784188570267,39
7.5,150.5,-0.531532573029037,0.04383878716210917,40
7.5,151.5,-0.8205864799986018,0.0664319208094236,38
7.5,152.5,-0.5682095165045116,0.1259600310567378,37
7.5,153.5,-0.3942955298280164,0.13256299976889044,37
7.5,154.5,-0.4219700983431628,0.19538604457720776,37
7.5,155.5,-0.5847513609227415,0.15180150558116184,38
7.5,156.5,-0.09605698202440038,0.7547126102355206,35
7.5,157.5,-0.5106769459352176,0.22196368922508947,35
7.5,158.5,-0.25971885776401854,0.6756918645043961,33
7.5,159.5,-0.6460027674234735,0.09684654514932389,34
7.5,160.5,0.036327030812325724,0.9095458052651214,35
7.5,161.5,-0.44825562313549755,0.42684260879570113,32
7.5,162.5,0.38049526204383666,0.54850039361213,32
7.5,163.5,0.07944550879012358,0.8584007529637274,30
7.5,164.5,-0.3837415145639801,0.6125283803487117,29
7.5,165.5,0.2961667864758495,0.6767236120473166,27
7.5,166.5,-0.0033967391304347825,1.0,26
7.5,167.5,0.05537996870144026,0.9527374072913991,28
7.5,168.5,-0.18134312259555943,0.7614215361463608,25
7.5,169.5,-0.46580632697845065,0.3875143778393141,25
7.5,170.5,-1.1454764452316188,0.12899601166748725,25
7.5,171.5,-1.021694899686921,0.3247123843638571,18
7.5,172.5,-0.8622792872933458,0.4130458869045295,24
7.5,173.5,0.28588482806915916,0.6518692807184261,22
7.5,174.5,-0.3038194444444449,0.7513001501987963,23
7.5,175.5,-0.01541727510764999,1.0,21
7.5,176.5,0.28923160173160123,0.7513001501987963,23
7.5,177.5,-1.4206593729040882,0.2593548928200182,22
7.5,178.5,0.6392045454545454,0.45960782304895875,23
7.5,179.5,-0.9834211518615565,0.41730416562740436,20
7.5,180.5,-0.7089238473167042,0.6505819869583885,21
7.5,181.5,-0.1811351751089581,0.9640893612679119,16
7.5,182.5,-0.2565028901734081,0.7618733947779845,18
7.5,183.5,0.21794768934531472,0.8795727890074994,18
7.5,184.5,1.0493022772969656,0.6494456692174662,18
7.5,185.5,0.030367065708578535,1.0,19
7.5,186.5,-0.6823826559180091,0.7730800663123129,17
7.5,187.5,-1.0199365716381077,0.7526419827681854,16
7.5,188.5,0.6058206201818332,0.5583509093759852,16
7.5,189.5,0.2608801487663795,0.8218916912511594,16
7.5,190.5,0.230827294685991,1.0,18
7.5,191.5,-1.1449195906432763,0.19780102703780067,18
7.5,192.5,0.2728174603174601,0.7795660645811546,19
7.5,193.5,0.3077295918367341,0.7665252995235718,15
7.5,194.5,1.3302980271560116,0.2762784158080178,15
7.5,195.5,-0.8033625730994152,0.35020138917929566,11
7.5,196.5,-1.453231669361705,0.2322487419840542,17
7.5,197.5,-1.8191964285714324,0.0748246071030847,15
7.5,198.5,-0.4192386831275662,0.8218916912511594,16
7.5,199.5,0.5617675704623215,0.6206907170753546,15
7.5,200.5,-1.0103937728937726,0.32229959587191925,15
7.5,201.5,-2.8942406187460374,0.1498607475130492,12
7.5,202.5,1.0010822510822517,0.38107448160929436,14
7.5,203.5,-2.6387928650442483,0.011793457077064994,14
7.5,204.5,-0.04977827987723682,0.9640893612679119,16
7.5,205.5,-0.05891490266490271,1.0,15
7.5,206.5,0.26449735135989944,0.5923012814329899,17
7.5,207.5,0.5768326299509903,0.8547770980655479,13
7.5,208.5,-1.324428438468417,0.640428787412791,11
7.5,209.5,0.5650335374744807,0.6614159170078631,14
7.5,210.5,0.09939423633691097,1.0,14
7.5,211.5,0.509014520880122,0.8218916912511594,16
7.5,212.5,-0.997661884302135,0.4338268403653006,17
7.5,213.5,0.01628769709046157,1.0,16
7.5,214.5,-1.8363706599204215,0.16280544974369293,16
7.5,215.5,-0.4185570835186293,0.7730800663123129,17
7.5,216.5,1.1059297747208927,0.1498607475130492,12
7.5,217.5,0.9225221338535405,0.06490335860944318,16
7.5,218.5,-0.7893134905761392,0.5371338571769023,12
7.5,219.5,-1.5842418546365948,0.23495478370334333,15
7.5,220.5,-0.3218824654363622,0.7048534612178423,18
7.5,221.5,-0.20210681079496995,0.8203382164336169,20
7.5,222.5,-0.14648199023199027,0.7048534612178423,18
7.5,223.5,1.0274690261994943,0.3247123843638571,18
7.5,224.5,1.2181800911854093,0.10754282889930056,19
7.5,225.5,0.6027800324675331,0.4873503903353207,21
7.5,226.5,-0.7427190460331573,0.3091626948735827,24
7.5,227.5,-0.044229405833794734,0.8701367570919353,25
7.5,228.5,-1.4951585591133012,0.11763382782129739,25
7.5,229.5,0.32688249860491014,0.7513001501987963,23
7.5,230.5,0.6824596774193553,0.17175819814532312,26
7.5,231.5,-0.9057168321874193,0.15382082239203035,23
7.5,232.5,0.2541592621441966,0.7098436764690532,24
7.5,233.5,0.11770244821092271,0.8215254231894769,22
7.5,234.5,-1.522084360120741,0.2389242185787459,21
7.5,235.5,0.39560861163407113,0.44193101201121243,24
7.5,236.5,0.25913401741293524,0.7513001501987963,23
7.5,237.5,0.18297701248905368,0.747106327334731,24
7.5,238.5,0.422758045525902,0.4536084832864735,26
7.5,239.5,0.1328879310344817,0.802761791874143,30
7.5,240.5,0.4896541950113384,0.18675613776082567,30
7.5,241.5,0.41404285743852853,0.44771724277486147,33
7.5,242.5,0.5173090681631047,0.2992115611491839,33
7.5,243.5,-0.6038211251983199,0.3771382028423258,33
7.5,244.5,0.23212987287231662,0.7669644911053035,28
7.5,245.5,0.5007501873126917,0.24520258402450212,33
7.5,246.5,0.4950980392156863,0.40644333792854104,34
7.5,247.5,0.02201930388481293,0.927053855932963,37
7.5,248.5,0.6596704928618033,0.26626505196565464,37
7.5,249.5,0.24703448231445033,0.6151681449180015,32
7.5,250.5,-0.39736067849483137,0.4952867602977147,34
7.5,251.5,-0.28680770553835633,0.6780801094706034,34
7.5,252.5,-0.4091994495709882,0.41153015108926394,33
7.5,253.5,-0.048659967695873385,0.927053855932963,37
7.5,254.5,0.4778874796022741,0.2992115611491839,33
7.5,255.5,0.32188558086585317,0.4872648904642325,36
7.5,256.5,-0.08240148612261829,0.83810858978553,36
7.5,257.5,-0.21989088776555324,0.757996646747342,32
7.5,258.5,0.529182539170109,0.4655488870531287,32
7.5,259.5,0.929387146691822,0.0910305299729307,34
7.5,260.5,0.6097814468746705,0.14102919353281582,33
7.5,261.5,0.9501948394253835,0.07712890370635712,32
7.5,262.5,1.3194015563241122,0.03520473611880551,27
7.5,263.5,1.502149438345304,0.00384939214395877,30
7.5,264.5,1.0136231151574018,0.11011795401290479,31
7.5,265.5,0.33512190934065944,0.537126940170827,26
7.5,266.5,1.5140982863733732,0.1629844132966407,20
7.5,267.5,0.9871822033898301,0.17175819814532312,26
7.5,268.5,0.9568034639938956,0.3467641835161842,20
7.5,269.5,-0.4442013415784477,0.7350804926819566,22
7.5,270.5,-0.9698740641276042,0.5193268870341157,18
7.5,271.5,-1.1221220098875808,0.19780102703780067,18
7.5,272.5,-2.147108843537414,0.045999366875037084,19
7.5,273.5,-3.3365023502101296,0.06378663704794149,17
7.5,274.5,0.5743107240873984,0.5366482363005154,17
7.5,275.5,1.2355864863494068,0.12728869225659978,20
7.5,276.5,1.2343314960502467,0.1095017011964754,21
7.5,277.5,0.9645562770562753,0.08041700045141827,22
7.5,278.5,0.002396076658466423,1.0,25
7.5,279.5,0.7230357142857144,0.32229959587191925,15
7.5,280.5,0.37979744136460625,0.6206907170753546,15
7.5,281.5,-0.5460737179487177,0.7048534612178423,18
7.5,282.5,-1.7622905759236844,0.04305317275360802,21
7.5,283.5,-1.0491913218557087,0.32229959587191925,15
7.5,284.5,-0.48012294777880277,0.34341948718274173,17
7.5,285.5,-1.0890496688302476,0.04776124267510367,15
7.5,286.5,-0.23961360477324767,0.9453298708327,12
7.5,287.5,-0.2547065337763004,0.674611943553671,19
7.5,288.5,1.0226892636937586,0.2299690777236404,20
7.5,289.5,-2.135416666666666,0.11328720822235322,15
7.5,290.5,0.2853197809338156,0.7603323075218761,13
7.5,291.5,-0.009395638933420202,1.0,21
7.5,292.5,-0.14479472140762537,0.6494456692174662,18
7.5,293.5,0.43867521367521434,0.2629105671183505,19
7.5,294.5,0.7303443084693085,0.38103238548434304,20
7.5,295.5,0.5072710228710203,0.38118730498775844,21
7.5,296.5,0.7391627452861098,0.4440436396628866,16
7.5,297.5,0.9434818890690471,0.03203437170592567,21
7.5,298.5,0.2831473776679985,0.6504631229507133,17
7.5,299.5,0.5597640123967932,0.4956627244900297,20
7.5,300.5,0.9351244245256695,0.02751343998161732,26
7.5,301.5,0.5572696057662527,0.22420756495904925,24
7.5,302.5,0.1601771430953429,0.6921807727218765,15
7.5,303.5,0.26813679190998574,0.7425568219265776,14
7.5,304.5,0.18914473684210525,0.4434214028640827,14
7.5,305.5,0.3754012265713579,0.02853906357036244,14
7.5,306.5,0.5086956521739125,0.2735614117247491,14
7.5,307.5,1.2230674342105265,0.10051817320746463,14
7.5,308.5,-0.013219741480610956,1.0,14
7.5,309.5,-0.3132316702830017,0.5371338571769023,12
7.5,310.5,-0.4348958333333333,0.7554968749288828,11
7.5,311.5,0.20808293269230838,0.7665252995235718,15
7.5,312.5,-0.5395408163265307,0.7425568219265776,14
7.5,313.5,0.42424928574334986,0.3726914904715183,12
7.5,314.5,0.24414259641977507,0.8430852292699837,15
7.5,315.5,-0.505546420737078,0.8370114751054462,12
7.5,316.5,0.2533094232732598,0.7554968749288828,11
7.5,317.5,0.07937272389729855,0.9211586502250249,15
7.5,318.5,0.6926256613756601,0.3923143472853552,16
7.5,319.5,0.8528645833333326,0.08024287819033639,19
7.5,320.5,0.7087526368572111,0.7425568219265776,14
7.5,321.5,0.8072534824046923,0.18344722817247316,20
7.5,322.5,0.5217657715260011,0.5812547604118179,20
7.5,323.5,1.2265625,0.19780102703780067,18
7.5,324.5,0.7235156186694753,0.8202167495096627,18
7.5,325.5,0.2945601851851843,0.9224620671867602,20
7.5,326.5,0.913828485023041,0.1629844132966407,20
7.5,327.5,0.025807669082125412,0.9278177692263682,21
7.5,328.5,1.7232840401785716,0.12371517875173883,19
7.5,329.5,1.2328024355877616,0.2322487419840542,17
7.5,330.5,1.0685191022608156,0.38118730498775844,21
7.5,331.5,0.021544982482481302,0.9442166279919116,19
7.5,332.5,-0.6299018571269619,0.5583509093759852,16
7.5,333.5,-0.5294842684255403,0.8218916912511594,16
7.5,334.5,0.020604395604395018,1.0,15
7.5,335.5,2.089285714285715,0.21291190281150452,11
7.5,336.5,0.2886698796198918,0.640428787412791,11
7.5,337.5,1.1387037731352305,0.3036732148994191,12
8.5,50.5,0.9996362433862429,0.27575784782750934,11
8.5,51.5,1.1874999999999993,0.16112494928905186,11
8.5,52.5,0.7820446467999547,0.24638736002924666,13
8.5,53.5,1.0558886323148367,0.12720368763109946,13
8.5,54.5,0.10979322823882734,0.9128140271840749,14
8.5,55.5,0.550947079140016,0.5829505577618919,13
8.5,56.5,0.7438805063278603,0.4506702853141802,12
8.5,57.5,1.3734221679948084,0.24638736002924666,13
8.5,58.5,0.6040843370576082,0.5021582515007486,13
8.5,59.5,-0.3677301262403884,0.5829505577618919,13
8.5,60.5,-0.25921356292783293,0.5021582515007486,13
8.5,61.5,0.2142585659178581,0.6921807727218765,15
8.5,62.5,0.28250452849123836,0.8218916912511594,16
8.5,63.5,0.1754052631387406,0.4837557864964521,17
8.5,64.5,-0.07440476190476177,0.9442166279919116,19
8.5,65.5,-0.5169755864375332,0.2843217140080182,20
8.5,66.5,-0.1620370370370377,0.49856438700636985,22
8.5,67.5,-0.24077335746618767,0.2525233839239892,29
8.5,68.5,-0.5495053810677265,0.007952706286745503,24
8.5,69.5,-0.29527856134263325,0.02554344916711437,24
8.5,70.5,-0.1168662891986069,0.5609035741936789,29
8.5,71.5,-0.03731115110254661,0.9527374072913991,28
8.5,72.5,-0.43655729290057704,0.46346928023769907,22
8.5,73.5,0.09615384615384581,0.8887055908352302,19
8.5,74.5,0.23452577888061654,0.45366236627030876,30
8.5,75.5,0.15318243525480366,0.5876087946102937,33
8.5,76.5,-0.9879827379827398,0.16404343214420547,30
8.5,77.5,-0.4903499278499268,0.44595658115373593,32
8.5,78.5,-1.2510718459675294,0.009781611919498067,31
8.5,79.5,-0.18386997202751468,0.6284436367082953,37
8.5,80.5,-0.3198921900944126,0.8010076470812286,34
8.5,81.5,0.7295616536656008,0.3386829866956895,32
8.5,82.5,-0.2582585254280053,0.3278699729277641,34
8.5,83.5,-0.20129541057610154,0.632869142286627,40
8.5,84.5,0.5161959524754296,0.12152609711609245,39
8.5,85.5,0.6936430222843931,0.024185036295084422,42
8.5,86.5,0.5158995132953459,0.15465002139087544,43
8.5,87.5,0.5869674185463665,0.0755136561902993,42
8.5,88.5,0.114443759579509,0.6495478982562364,40
8.5,89.5,-0.10946511100425853,0.3706969845683531,39
8.5,90.5,-0.18397282542019414,0.279615358042137,38
8.5,91.5,0.09187291705736639,0.6664041829849279,40
8.5,92.5,-0.2171356523378581,0.1184424637368086,40
8.5,93.5,-0.07524494231583799,0.7531271266832608,39
8.5,94.5,-0.11966031909418423,0.5935629766221353,34
8.5,95.5,-0.4770578182338543,0.024659856023290634,33
8.5,96.5,-0.09938233791323522,0.4957572197320339,32
8.5,97.5,0.20706831119544566,0.46346928023769907,22
8.5,98.5,-1.394984522924164,0.19618113273857263,27
8.5,99.5,-0.0655027117047991,0.9527374072913991,28
8.5,100.5,-0.8137796516092412,0.2266164478008148,27
8.5,101.5,-0.5638646496545248,0.23361300135229124,25
8.5,102.5,-0.14456489456489457,0.4343114428562501,31
8.5,103.5,-0.1534354317526984,0.6851751854528196,32
8.5,104.5,0.23877081363759156,0.45855874552468434,34
8.5,105.5,0.6153775659824048,0.02673101668251787,35
8.5,106.5,-0.6301128067684063,0.05601363814589585,38
8.5,107.5,-0.7731318279979675,0.01774065424093878,39
8.5,108.5,-0.3779676554444499,0.2124909647713341,41
8.5,109.5,-0.027286142383672694,0.9274700560306763,44
8.5,110.5,-0.16407640478006597,0.5719835030644609,43
8.5,111.5,-0.5432684426988614,0.2578567219573975,38
8.5,112.5,-0.8106328658334373,0.08864074661698312,36
8.5,113.5,-0.39475589565201297,0.17282861084833245,40
8.5,114.5,-0.037079144695189865,0.883909392651155,41
8.5,115.5,-0.08885830292597338,0.7385526280584778,44
8.5,116.5,0.277269275804432,0.2366630608439486,44
8.5,117.5,-0.008602128339417259,0.9731197167307598,41
8.5,118.5,-0.19598411441189345,0.4932503912028541,41
8.5,119.5,-0.066597571856088,0.6932442366215537,44
8.5,120.5,-0.24357905955185638,0.11694867361133053,44
8.5,121.5,0.004286304190424355,0.9833008244315274,43
8.5,122.5,0.21566177698715633,0.3680301373661422,44
8.5,123.5,-0.40714364933114755,0.21686042056605592,43
8.5,124.5,-0.2316111033610866,0.4360985999947923,44
8.5,125.5,1.3251006872068483,0.025400811472118725,44
8.5,126.5,1.0237486273856986,0.05592808741603665,44
8.5,127.5,-0.25925512239550275,0.5239955384561089,44
8.5,128.5,0.0037214185282365975,0.9833008244315274,43
8.5,129.5,0.5394841269841268,0.046764165009895595,43
8.5,130.5,0.32929306366806355,0.3681063271849119,43
8.5,131.5,-0.07332352764684681,0.7692824541886295,44
8.5,132.5,-0.21134279875833495,0.3680301373661422,44
8.5,133.5,-0.05951903102478469,0.6490072252715706,44
8.5,134.5,-0.2627463591285981,0.2366630608439486,44
8.5,135.5,-0.015830549161461035,0.9435570622791808,44
8.5,136.5,0.11904964184139055,0.5780164317724827,44
8.5,137.5,-0.18158267562978914,0.6007856611761987,43
8.5,138.5,-0.07569828205442308,0.8179058629425171,43
8.5,139.5,-0.40723733673321966,0.04857752046145354,44
8.5,140.5,-0.31609902399454815,0.14808199944763661,44
8.5,141.5,-0.34223868862116125,0.19198145170097425,44
8.5,142.5,-0.37447339932256496,0.14249360131085043,44
8.5,143.5,-0.4237736378346607,0.1318042280915117,44
8.5,144.5,-0.3881751254547655,0.1318042280915117,44
8.5,145.5,-0.33469202898550743,0.3150507838438277,43
8.5,146.5,-0.08164927851332611,0.8835141491217923,43
8.5,147.5,0.015635991494943165,0.9827073827546051,42
8.5,148.5,-0.6046131372121643,0.016132660964059957,42
8.5,149.5,-0.5706503237424975,0.005161904401369395,41
8.5,150.5,-0.45630937296119,0.03467958795505927,38
8.5,151.5,-0.4289802204365871,0.20524714408164557,36
8.5,152.5,-0.1157646891849223,0.6660299201417484,37
8.5,153.5,-0.3790815019117819,0.12745727477614618,39
8.5,154.5,-0.45496175523349514,0.04168527148667449,38
8.5,155.5,-0.30379506086142316,0.30258950281847785,38
8.5,156.5,-0.3584777924022201,0.31389928595925765,37
8.5,157.5,-0.44050124884604885,0.21515988319619161,36
8.5,158.5,-0.034248109969816684,0.8808988697656468,36
8.5,159.5,-0.3726581327252454,0.27263754267559726,34
8.5,160.5,-0.12139762386033151,0.8588067571357121,34
8.5,161.5,-0.20846117344651136,0.7091645038629479,32
8.5,162.5,-0.2863213796369044,0.5925510100829448,32
8.5,163.5,-0.6171766941367484,0.16808028138689668,32
8.5,164.5,-0.4557050092764376,0.2686642304239092,30
8.5,165.5,-0.2224736048265459,0.568058623631595,30
8.5,166.5,-0.12658107037951988,0.8659362154363435,29
8.5,167.5,-1.2467070913980964,0.29056075537876946,21
8.5,168.5,-0.5179376412717878,0.3692092650321579,23
8.5,169.5,-0.8640522818538383,0.05512169907077396,27
8.5,170.5,-0.4015188742182624,0.3152515554041374,25
8.5,171.5,0.025304061018347333,0.9101956836196836,22
8.5,172.5,-0.07549436512869212,0.8215254231894769,22
8.5,173.5,-1.0466632102580784,0.18863315303694816,24
8.5,174.5,-0.41666666666666685,0.6726109872286647,23
8.5,175.5,0.0526610084133192,0.940681598665201,24
8.5,176.5,0.7196254405160343,0.5030370130775135,24
8.5,177.5,0.216465869837032,0.8656490997057351,22
8.5,178.5,-0.49354540016291615,0.3668796006462124,22
8.5,179.5,-0.6465267595307935,0.6345102928818573,23
8.5,180.5,-1.8088547947442475,0.12371517875173883,19
8.5,181.5,-0.783881338568839,0.5376032363488861,20
8.5,182.5,0.18920644202727233,0.7857971061789661,21
8.5,183.5,0.20465507709160033,0.9741177473553713,20
8.5,184.5,0.799465142571113,0.8266659696701553,14
8.5,185.5,-0.8792970412941672,0.4046702444107403,18
8.5,186.5,-2.2828929444405106,0.09123902905538855,17
8.5,187.5,-1.1813187654684043,0.6242768461207494,19
8.5,188.5,-1.2381227529532621,0.40110257289194073,19
8.5,189.5,0.8985605707140323,0.4837557864964521,17
8.5,190.5,0.4668522267206481,0.7048534612178423,18
8.5,191.5,-0.2898848467210727,0.7730800663123129,17
8.5,192.5,-0.6255933242014599,0.6504631229507133,17
8.5,193.5,-0.43934483994608725,0.7526419827681854,16
8.5,194.5,0.8300347222222229,0.5959123948117162,18
8.5,195.5,-1.1778948488718601,0.23495478370334333,15
8.5,196.5,-0.45851934523809534,0.4953662988030888,18
8.5,197.5,0.009569190014366846,1.0,18
8.5,198.5,-0.9932291666666657,0.1888874775395376,14
8.5,199.5,-1.2562500000000014,0.4434214028640827,14
8.5,200.5,1.2365591397849458,0.32229959587191925,15
8.5,201.5,0.43724685686385406,0.6693340144640527,13
8.5,202.5,-0.19606370192307693,1.0,15
8.5,203.5,0.15061869299001626,0.8218916912511594,16
8.5,204.5,-0.2977667493796527,0.9211586502250249,15
8.5,205.5,-0.007189648368504957,1.0,16
8.5,206.5,-2.2084122474747487,0.03433985000756262,16
8.5,207.5,-1.572161655800015,0.14172595380646796,19
8.5,208.5,-0.5393184736015622,0.4555354119407532,20
8.5,209.5,-0.6434681372549007,0.3630203849440149,19
8.5,210.5,-0.007790142799908941,1.0,21
8.5,211.5,0.8573126444835055,0.4956627244900297,20
8.5,212.5,-0.5330914494568197,0.6946444974614776,21
8.5,213.5,0.09204439351498181,1.0,20
8.5,214.5,0.3300544028340079,0.7857971061789661,21
8.5,215.5,0.08754690734989654,0.9158665384265181,23
8.5,216.5,1.1374080882352944,0.11305101958707045,23
8.5,217.5,0.4423424306541979,0.5973541948267042,23
8.5,218.5,-0.48569425366300345,0.6024416860423838,24
8.5,219.5,-0.584311204612747,0.747106327334731,24
8.5,220.5,0.17588102380084303,0.8233490121001951,24
8.5,221.5,0.9091826557750757,0.22441148378657239,23
8.5,222.5,1.2169836603430397,0.01947017591308907,26
8.5,223.5,1.1385902085747888,0.0349986294954266,24
8.5,224.5,0.6719984138647359,0.20586252630799218,24
8.5,225.5,0.26945714637448315,0.9070384808036948,25
8.5,226.5,-0.185546875,0.7856661000859302,31
8.5,227.5,0.16040484546160527,0.7973063403989813,28
8.5,228.5,-0.28693181818181657,0.6593353383597195,26
8.5,229.5,0.23858641358641253,0.5594130972023401,27
8.5,230.5,0.6927508696692126,0.23284204679391485,33
8.5,231.5,0.11906270396198676,0.8330324989520455,32
8.5,232.5,0.09823636986845964,0.6614992026619251,32
8.5,233.5,-0.16052243745704614,0.8659362154363435,29
8.5,234.5,-0.5862630208333303,0.5061307168657696,32
8.5,235.5,-0.9448263603344298,0.1534984884368536,30
8.5,236.5,-0.029341717155612436,0.9728828650934778,31
8.5,237.5,0.19349831727331318,0.6341458536966633,31
8.5,238.5,0.17500000000000002,0.7220003552092338,34
8.5,239.5,0.302008786878063,0.390080152762149,32
8.5,240.5,0.11007441976286461,0.7220003552092338,34
8.5,241.5,0.6795058139534877,0.17277617599388595,35
8.5,242.5,0.24562768475497482,0.4658973881161266,38
8.5,243.5,-0.4922433540854598,0.36537154850862097,38
8.5,244.5,-0.14437110957088528,0.7616899520580042,41
8.5,245.5,-0.9047821305820912,0.06248409775553008,43
8.5,246.5,-0.606507756658695,0.24731745742367417,41
8.5,247.5,0.3522077571643134,0.435219001789256,42
8.5,248.5,-0.08493245456864928,0.883909392651155,41
8.5,249.5,0.5405193653373059,0.2506536089538406,42
8.5,250.5,0.7936691604294133,0.07871507631982917,43
8.5,251.5,0.1825555879259016,0.5369017953048784,40
8.5,252.5,0.1852883154327027,0.7450889812709389,42
8.5,253.5,0.8684158892334566,0.033767571415649345,41
8.5,254.5,0.650672258541999,0.27848056798213805,42
8.5,255.5,0.9164309638588708,0.01107437281616964,39
8.5,256.5,0.23583364416009833,0.5066205695044608,40
8.5,257.5,0.5290627010939514,0.28595642810117994,41
8.5,258.5,0.22365286373907056,0.6114052024347297,39
8.5,259.5,0.749536679536682,0.0664319208094236,38
8.5,260.5,0.014997205171891322,0.9478599779684119,37
8.5,261.5,0.5107534246575369,0.4658973881161266,38
8.5,262.5,0.2044905830494898,0.7239911390149285,37
8.5,263.5,0.4865055154379558,0.4060445067036338,36
8.5,264.5,0.5181773606052129,0.5320609713589797,35
8.5,265.5,0.6708117049620688,0.2559086205193716,35
8.5,266.5,1.4743939393939385,0.09502476539267062,29
8.5,267.5,1.1830537386950901,0.2274629762908883,31
8.5,268.5,-0.35929856803213706,0.5047075455861033,27
8.5,269.5,-0.903694478888714,0.29327072669776233,25
8.5,270.5,0.1359192557029382,0.8675468701977536,27
8.5,271.5,-1.2045739348370919,0.49856438700636985,22
8.5,272.5,1.1597333423350766,0.31004602085382316,22
8.5,273.5,-0.4760142543859658,0.7795660645811546,19
8.5,274.5,0.9885706018518521,0.17419048270007742,21
8.5,275.5,0.2777777777777778,0.7913957365052897,26
8.5,276.5,-0.01407277424325457,0.9802109790485439,24
8.5,277.5,0.9440881778474928,0.3779775180071052,29
8.5,278.5,-0.5835224379920367,0.3545784475977316,26
8.5,279.5,-0.921562718343094,0.2643373325084948,24
8.5,280.5,-0.7408528588914141,0.16168621659204063,19
8.5,281.5,-0.5476430164851785,0.4338268403653006,17
8.5,282.5,0.4017857142857143,0.5261780967197713,23
8.5,283.5,-0.41666666666666663,0.3244236905215787,14
8.5,284.5,0.15962732919254674,0.7425568219265776,14
8.5,285.5,-0.4846938775510206,0.4487180156191449,18
8.5,286.5,0.7853009259259274,0.5376032363488861,20
8.5,287.5,0.29800724637681125,0.8202167495096627,18
8.5,288.5,0.7776127106914219,0.2322487419840542,17
8.5,289.5,-0.2274707303049618,0.8711314915971583,20
8.5,290.5,-0.6117466517857131,0.19261627432960227,12
8.5,291.5,-0.09303989980318425,1.0,18
8.5,292.5,0.3327361362639685,0.5995101785600032,19
8.5,293.5,0.2887241706564425,0.5259924856094209,21
8.5,294.5,0.4452071394107686,0.25246050425043143,25
8.5,295.5,0.5648150160347736,0.24369251012790516,24
8.5,296.5,0.09051955692351732,0.7397638077281241,21
8.5,297.5,0.7312192118226599,0.057229635732857484,23
8.5,298.5,0.6877198035411104,0.0706988181459461,26
8.5,299.5,0.8961986236802408,0.007650204383729061,28
8.5,300.5,-0.17020089285714274,0.478451739086175,27
8.5,301.5,-0.20138702780172935,0.5444860568259107,18
8.5,302.5,-0.32533516294260495,0.2660517601229595,17
8.5,303.5,0.3045908610026043,0.23495478370334333,15
8.5,304.5,0.15750320354061156,0.8368197050512747,17
8.5,305.5,0.25252325089833094,0.3247123843638571,18
8.5,306.5,0.7887416915770025,0.07481148131741681,21
8.5,307.5,0.098207797928761,0.7098436764690532,24
8.5,308.5,-0.4145651437665542,0.1574056639748741,24
8.5,309.5,-0.6974979249549231,0.5259924856094209,21
8.5,310.5,0.3253778750842673,0.3955862561437876,28
8.5,311.5,-0.19839484893265985,0.69134204811853,25
8.5,312.5,0.22851204753809468,0.9278177692263682,21
8.5,313.5,-0.4999999999999999,0.5161913565020787,20
8.5,314.5,0.16995485623677553,0.7397638077281241,21
8.5,315.5,1.3596071794452365,0.2389242185787459,21
8.5,316.5,0.7058860484962738,0.11812849523841991,24
8.5,317.5,0.05768554133186069,0.9012978441563574,24
8.5,318.5,-0.12346357234079085,0.7849697273207377,24
8.5,319.5,0.7076709602074218,0.21568869559132287,21
8.5,320.5,-0.2246972087061958,0.721176307474874,20
8.5,321.5,-0.8250000000000001,0.3376949763722794,22
8.5,322.5,0.23856026785714413,0.9101956836196836,22
8.5,323.5,0.6341113752146037,0.6374381847429542,24
8.5,324.5,-0.47420707439895987,0.6593353383597195,26
8.5,325.5,1.2602676205617378,0.46346928023769907,22
8.5,326.5,1.0692610876981448,0.11812849523841991,24
8.5,327.5,0.138625841750842,0.9297445787752688,26
8.5,328.5,0.11498917748917718,0.9550264552939917,22
8.5,329.5,1.5176063720423811,0.04966942532314216,21
8.5,330.5,0.4876000615763549,0.6101267703127584,31
8.5,331.5,0.44367064744668994,0.5030370130775135,24
8.5,332.5,-0.09806950887044218,1.0,23
8.5,333.5,-0.22772032270613024,0.9671423309063722,17
8.5,334.5,0.45335243428823735,0.4837557864964521,17
8.5,335.5,0.9218325791855208,0.5526151250628484,15
8.5,336.5,-0.396862875410925,0.6693340144640527,13
8.5,337.5,0.21453373015873073,0.9128140271840749,14
8.5,338.5,-1.5635721225931196,0.4362749288405292,11
8.5,339.5,1.973720043572985,0.03182312738649017,10
9.5,50.5,1.0963253648233486,0.044083783741320944,13
9.5,51.5,0.9026629346411258,0.3726914904715183,12
9.5,52.5,0.46203365517621603,0.7603323075218761,13
9.5,53.5,0.32055783171854646,0.4884223166225936,15
9.5,54.5,-0.6539153915391543,0.5526151250628484,15
9.5,55.5,-0.09210215137164468,0.9211586502250249,15
9.5,56.5,0.255736634150626,0.5021582515007486,13
9.5,57.5,1.137338214868344,0.11947098677170075,11
9.5,58.5,0.10037156681410822,0.8547770980655479,13
9.5,59.5,-0.13849104859334993,0.6206907170753546,15
9.5,60.5,-0.45089285714285676,0.17269436302931984,18
9.5,61.5,-0.2808208694049391,0.38701399031522477,17
9.5,62.5,-0.5722080268621176,0.2660517601229595,17
9.5,63.5,-0.14268851326452203,0.6723318966667974,21
9.5,64.5,-0.2136621236211051,0.5376032363488861,20
9.5,65.5,-0.34867622317062674,0.2673270197885057,23
9.5,66.5,-0.3805190607273955,0.13837039523899158,29
9.5,67.5,-0.2371031746031746,0.3812637215931578,27
9.5,68.5,0.02683497499987131,0.8955329031670437,29
9.5,69.5,-0.07360177913957505,0.7614215361463608,25
9.5,70.5,0.45487207488734005,0.1821375864449275,27
9.5,71.5,0.2476693931884592,0.4179302333168975,28
9.5,72.5,-0.4582085147980721,0.13336137676854284,27
9.5,73.5,0.2787545372050815,0.15631053721479246,27
9.5,74.5,-0.006758669540318231,0.9611987334080325,32
9.5,75.5,0.01056985294117574,1.0,31
9.5,76.5,0.0670576537588065,0.9198876540782883,38
9.5,77.5,0.20918681839734501,0.4264505315507925,35
9.5,78.5,-0.2798168973318779,0.5925510100829448,32
9.5,79.5,-0.48293355691069323,0.17750773887281412,36
9.5,80.5,0.41297951369282965,0.4357099127515781,38
9.5,81.5,-0.0003124999999997158,1.0,38
9.5,82.5,-0.2026175856924315,0.6284746536839203,39
9.5,83.5,0.16802345938375304,0.3950329766408668,40
9.5,84.5,0.3157873723282836,0.23825744188756015,41
9.5,85.5,0.17052309397536292,0.38221215176158163,40
9.5,86.5,0.2653684758637593,0.22475200898884962,43
9.5,87.5,0.32544996642413915,0.2328466829852629,43
9.5,88.5,0.09546376928145822,0.5680669608513922,40
9.5,89.5,0.005231315499172646,0.9899685427717326,38
9.5,90.5,0.14091620102385638,0.5293245899568817,39
9.5,91.5,-0.04830296183653559,0.8248046168337547,40
9.5,92.5,-0.076974420534642,0.5839675342063331,40
9.5,93.5,0.020874265222669768,0.9349988039705048,40
9.5,94.5,-0.28678567200110505,0.15556599427132728,35
9.5,95.5,-0.5118750545089836,0.002177357691510152,32
9.5,96.5,-0.19100637091831008,0.2525233839239892,29
9.5,97.5,-0.21874386395511952,0.4876519268316105,29
9.5,98.5,-0.023148148148148147,0.9457970432721066,31
9.5,99.5,-0.6465126811594204,0.3069529533583134,32
9.5,100.5,-0.22892701611268465,0.5441196833389506,30
9.5,101.5,-0.5820035567967596,0.3386829866956895,32
9.5,102.5,-0.11223248036879137,0.6292031763118552,35
9.5,103.5,0.12406704909943223,0.7084629632532715,31
9.5,104.5,0.3716465491335452,0.3472987680371583,36
9.5,105.5,0.850571968075604,0.0136867309901677,36
9.5,106.5,0.004475716317821414,0.9833008244315274,43
9.5,107.5,-0.3402655228758178,0.4210494421975055,38
9.5,108.5,-0.31639391014391094,0.435219001789256,42
9.5,109.5,-0.5155890118235731,0.12385910748901892,41
9.5,110.5,-0.6394094807933057,0.04857752046145354,44
9.5,111.5,-0.024696452589522293,0.961407429045934,39
9.5,112.5,-0.32152546807890037,0.3453056974481019,40
9.5,113.5,-0.37866180584334885,0.16080587689971526,43
9.5,114.5,-0.40315755610285786,0.11166721889060978,43
9.5,115.5,0.06350334157933821,0.9136991092503179,42
9.5,116.5,-0.107297869730999,0.6345230397276371,44
9.5,117.5,-0.19866660601677857,0.25307527931601204,44
9.5,118.5,-0.497068222035422,0.2496515050691538,43
9.5,119.5,-0.545273255762581,0.020549203189822313,44
9.5,120.5,-0.26628902609506083,0.3681063271849119,43
9.5,121.5,0.10677678896954035,0.7063555824925177,43
9.5,122.5,0.47017565009825746,0.0837126990249212,44
9.5,123.5,-0.14170725108225035,0.7219721517415344,43
9.5,124.5,0.23892687277051047,0.5438546354123606,43
9.5,125.5,0.520309332964807,0.414326973448099,43
9.5,126.5,0.5546028860913476,0.07672782335192403,44
9.5,127.5,0.0065128020701495995,1.0,43
9.5,128.5,-0.11828296403129535,0.6636253756806705,44
9.5,129.5,0.03153168341955631,0.9332763805061922,43
9.5,130.5,-0.0565693575413003,0.8317953693672806,44
9.5,131.5,-0.14893950736363976,0.6636253756806705,44
9.5,132.5,-0.3146349475777733,0.20612854539193903,44
9.5,133.5,-0.4881103300901515,0.05681822931485221,43
9.5,134.5,-0.34483747942903886,0.14249360131085043,44
9.5,135.5,-0.159230565240909,0.510906363666696,44
9.5,136.5,0.12809763451890194,0.6201774624706455,44
9.5,137.5,-0.4697692669657597,0.27848056798213805,42
9.5,138.5,-0.8760935021022415,0.019470685602493345,44
9.5,139.5,-0.1982218758966281,0.38994765540100507,44
9.5,140.5,-0.2898190065532988,0.2791520888849168,44
9.5,141.5,-0.3488335498154961,0.12174702987918576,44
9.5,142.5,-0.4743331465105659,0.1214100320643294,43
9.5,143.5,-0.10181402702947075,0.8179058629425171,43
9.5,144.5,-0.26263467093928716,0.31667600886647385,44
9.5,145.5,-0.7145404968033113,0.012481772250117918,44
9.5,146.5,-0.5538115225924168,0.19198145170097425,44
9.5,147.5,-0.28438499905891274,0.346250063352757,43
9.5,148.5,-0.323469594938567,0.22943429057595655,41
9.5,149.5,-0.3320853922946995,0.233217008256964,42
9.5,150.5,-0.6001205995022579,0.1212405318906675,40
9.5,151.5,-0.061591687607863536,0.8067106222830901,40
9.5,152.5,-0.2510357865178172,0.3067305590248952,41
9.5,153.5,-0.6487822769953056,0.04168527148667449,38
9.5,154.5,-0.3100479066388153,0.21724725095772912,39
9.5,155.5,-0.27611683877450527,0.3926123103751683,38
9.5,156.5,-0.3470861665567024,0.24441573431054653,37
9.5,157.5,-0.36506153894957616,0.2551778339559664,37
9.5,158.5,0.14577896062271176,0.5894353805253721,35
9.5,159.5,0.15874626183751417,0.5732109789122802,34
9.5,160.5,-0.07356321026630186,0.8162147751081346,33
9.5,161.5,-0.42296247836913814,0.2766963536434416,31
9.5,162.5,-0.6165736251718766,0.062196528651478886,32
9.5,163.5,-0.43487943418498515,0.32256351748255707,32
9.5,164.5,-0.6342845990795867,0.022391992980315224,30
9.5,165.5,-0.6764449589991778,0.04608393295095622,32
9.5,166.5,-0.22341008771929793,0.6685166224807093,30
9.5,167.5,-0.40487001424501423,0.6168456628672252,27
9.5,168.5,-0.7854535182823794,0.05256683737550347,25
9.5,169.5,-0.1548460580841118,0.757639735211381,26
9.5,170.5,0.5831993650357898,0.18311229220036362,25
9.5,171.5,0.015294962106085929,0.9802109790485439,24
9.5,172.5,-0.1004464285714285,0.7849697273207377,24
9.5,173.5,-0.32312256074531065,0.39803568959424807,23
9.5,174.5,-0.26402584605709606,0.5259924856094209,21
9.5,175.5,-0.4248208898944199,0.22441148378657239,23
9.5,176.5,0.03898046398046399,0.9667427806663149,27
9.5,177.5,0.3636972274732201,0.46346928023769907,22
9.5,178.5,0.24496096228216482,0.5259924856094209,21
9.5,179.5,-0.763079322638146,0.31900803011512957,21
9.5,180.5,0.07360445205479627,1.0,18
9.5,181.5,-0.4395017778117966,0.5959123948117162,18
9.5,182.5,-1.8197083022389422,0.06547335845953513,21
9.5,183.5,-1.2592853166749123,0.23423926303398213,19
9.5,184.5,-0.7737113280790526,0.5288645203641904,19
9.5,185.5,-0.9752201257861628,0.40110257289194073,19
9.5,186.5,-1.2141478018756298,0.18344722817247316,20
9.5,187.5,-1.3563311688311686,0.3272855802219552,19
9.5,188.5,0.24878188940689072,0.9224620671867602,20
9.5,189.5,1.0520464653701398,0.07435290536856357,20
9.5,190.5,-0.5754251535190076,0.4440436396628866,16
9.5,191.5,-1.3739172773848238,0.3004271167492414,16
9.5,192.5,0.629078847584707,0.2299690777236404,20
9.5,193.5,-0.4340277777777778,0.4953662988030888,18
9.5,194.5,-1.4101360012395765,0.12728869225659978,20
9.5,195.5,-1.2096524965565723,0.38701399031522477,17
9.5,196.5,-0.5973637121734947,0.6504631229507133,17
9.5,197.5,-1.30449978765196,0.32243671374299476,17
9.5,198.5,0.3945754066721818,0.7048534612178423,18
9.5,199.5,0.5024392463758586,0.344417522979072,16
9.5,200.5,1.876987665989698,0.02347622061008093,17
9.5,201.5,1.4454688943640286,0.32229959587191925,15
9.5,202.5,2.6855287639891956,0.019101340068075283,16
9.5,203.5,1.521450564143115,0.22413430196016682,16
9.5,204.5,1.6317201756782955,0.09309214399370513,19
9.5,205.5,-0.7885500657631381,0.4953662988030888,18
9.5,206.5,-2.5411541023715096,0.011979409439113728,17
9.5,207.5,0.0744420227688783,1.0,23
9.5,208.5,0.4189927027775691,0.6946444974614776,21
9.5,209.5,1.0561548140206676,0.12747693274137845,17
9.5,210.5,0.5134622048459236,0.5259924856094209,21
9.5,211.5,0.2784992514970055,0.7614215361463608,25
9.5,212.5,-0.2619047619047616,0.6767236120473166,27
9.5,213.5,0.49588619271582063,0.42702919921380667,25
9.5,214.5,-0.2397463680092801,0.7115714636761059,23
9.5,215.5,0.00849206876576088,0.9813671252686654,25
9.5,216.5,0.028808085230366744,1.0,30
9.5,217.5,-0.43975561238988325,0.4977975765265772,30
9.5,218.5,-0.20691598438055203,0.8900067739861677,28
9.5,219.5,0.5589249817251455,0.2844114676220474,30
9.5,220.5,1.0102645842843785,0.12819661046060987,28
9.5,221.5,-0.6157603383851752,0.21325648747295345,28
9.5,222.5,0.34143518518518456,0.617392769071009,30
9.5,223.5,-0.36026555534620797,0.6782246933005027,28
9.5,224.5,0.65580985915493,0.23414498629430602,31
9.5,225.5,-0.02643145640294558,0.9147523390847367,30
9.5,226.5,-0.8029910244983807,0.2525233839239892,29
9.5,227.5,-0.6280660932887945,0.29927494772665564,32
9.5,228.5,-0.4143261030774928,0.26798634486283324,35
9.5,229.5,-0.8189542657989257,0.10145053336149581,32
9.5,230.5,0.20317012243229898,0.6728442148625922,36
9.5,231.5,0.3797951718382454,0.275813314482692,36
9.5,232.5,0.8343123626018362,0.2045653965108014,37
9.5,233.5,0.7757669285447069,0.12509002072034991,35
9.5,234.5,0.47960384112118604,0.33419563121006324,35
9.5,235.5,-0.1940073320685484,0.7239911390149285,37
9.5,236.5,-0.15659863748329256,0.6335534753768335,36
9.5,237.5,0.16854120190586064,0.6632086746173176,39
9.5,238.5,-0.28747336190947004,0.46795381352609333,39
9.5,239.5,0.33292050591252703,0.37490496599151035,41
9.5,240.5,0.1557458688830045,0.6942324524938993,41
9.5,241.5,0.22258869668936782,0.4488598208640492,40
9.5,242.5,0.804702522859273,0.018935757673890094,39
9.5,243.5,-0.3891928440652752,0.5066205695044608,40
9.5,244.5,-0.39800181772328314,0.4517264720866897,41
9.5,245.5,0.21133554078241107,0.5367357981091126,41
9.5,246.5,-0.32966876712153975,0.6451505807102356,41
9.5,247.5,0.22580458257224323,0.7385526280584778,44
9.5,248.5,-0.134379109923261,0.7535494327517965,43
9.5,249.5,0.22822578909554556,0.6059749796211158,44
9.5,250.5,0.10576923076923023,0.8505806821024309,43
9.5,251.5,0.3538341195198179,0.31874518262725193,42
9.5,252.5,0.8575224621098442,0.07672782335192403,44
9.5,253.5,0.8098660640553756,0.09922453406650901,44
9.5,254.5,0.44120174107765364,0.28823680135136065,44
9.5,255.5,0.17800816787634485,0.6932442366215537,44
9.5,256.5,0.4999644803751458,0.4126408006212513,44
9.5,257.5,-0.020525753424034,0.9435570622791808,44
9.5,258.5,0.3655066126016294,0.4263971664376689,43
9.5,259.5,-0.07332689832690065,0.8794050603461727,42
9.5,260.5,-0.04117517928217774,0.930910680164664,42
9.5,261.5,-0.332248622589531,0.516431410692801,43
9.5,262.5,0.2068528817312272,0.6029278873524366,42
9.5,263.5,-0.2622773543538168,0.685150206155831,37
9.5,264.5,-0.25421040361507513,0.6457450970456375,39
9.5,265.5,0.07351776741409019,0.9164874459935288,40
9.5,266.5,0.43902779395621083,0.44031938812792937,37
9.5,267.5,0.5198189802927236,0.26990019525158404,36
9.5,268.5,0.47514619883040976,0.31342462874493326,34
9.5,269.5,1.1784067926241981,0.04139316901026302,31
9.5,270.5,0.22962241534312255,0.7856661000859302,31
9.5,271.5,0.42613636363636465,0.1927104729214293,30
9.5,272.5,-0.10044642857142858,0.9147523390847367,30
9.5,273.5,0.5268693066801621,0.14923864983708598,28
9.5,274.5,0.5917586771975052,0.11311064616021758,27
9.5,275.5,0.13223897961285075,0.7972523796379414,25
9.5,276.5,-0.4365755455207214,0.5047075455861033,27
9.5,277.5,0.7810504469987224,0.06657564401317712,27
9.5,278.5,-0.28664602102102066,0.4536084832864735,26
9.5,279.5,-0.32062353374807606,0.674611943553671,19
9.5,280.5,-1.796293348354232,0.1546297519658153,14
9.5,281.5,-1.5099510398155647,0.03433985000756262,16
9.5,282.5,0.20869061578747772,0.6504631229507133,17
9.5,283.5,-0.6366453624906993,0.42848041949799653,15
9.5,284.5,-0.8266915732669157,0.7425568219265776,14
9.5,285.5,-0.2777325665509256,0.5444860568259107,18
9.5,286.5,-0.5164930555555562,0.3382878549727658,25
9.5,287.5,1.2393830946093873,0.31452486905097243,20
9.5,288.5,-0.6391392827315838,0.7702877264736667,20
9.5,289.5,-0.6772722973170622,0.4837557864964521,17
9.5,290.5,0.2991179813006868,0.7618733947779845,18
9.5,291.5,-0.13677345938375346,0.6721951601179231,22
9.5,292.5,-0.657385314039409,0.31900803011512957,21
9.5,293.5,-0.5735414962289842,0.21568869559132287,21
9.5,294.5,0.2516178291683805,0.41368622699316804,25
9.5,295.5,-0.5828046218487395,0.18863315303694816,24
9.5,296.5,-0.02797836221749262,0.9353765292166933,32
9.5,297.5,0.05974844739191988,0.8403644195470178,33
9.5,298.5,0.12204045954045936,0.6756918645043961,33
9.5,299.5,0.46714743589743557,0.029509993369559867,30
9.5,300.5,-0.06634646461123493,0.6915533638570888,26
9.5,301.5,-0.26873109509003784,0.10707235212149269,25
9.5,302.5,-0.021128515095927967,0.8516395677299673,25
9.5,303.5,0.21660052910052902,0.23395060590621997,26
9.5,304.5,0.022946279286306215,0.9578745987779059,23
9.5,305.5,0.14437407695601143,0.7243397423849234,26
9.5,306.5,0.05661650215242432,0.7498121637483278,29
9.5,307.5,-0.005603448275861872,1.0,27
9.5,308.5,0.15501048817696378,0.7498121637483278,29
9.5,309.5,0.5681818181818188,0.12609656894220533,31
9.5,310.5,0.6002873563218382,0.11226270456076966,30
9.5,311.5,0.3975817792546614,0.5533074517643752,28
9.5,312.5,-0.08260277642144087,0.7260951618325295,25
9.5,313.5,0.251736111111111,0.6168456628672252,27
9.5,314.5,0.24243445051273724,0.5114817794495524,29
9.5,315.5,1.2646901709401703,0.02275519924010994,31
9.5,316.5,1.363909537598465,0.0014789163013657716,31
9.5,317.5,-0.08365400633016835,0.9527374072913991,28
9.5,318.5,1.9232142857142858,0.005927013253599693,27
9.5,319.5,0.6509427151178504,0.1574056639748741,24
9.5,320.5,0.5980973539367163,0.3091626948735827,24
9.5,321.5,0.6486338750165437,0.498219385345291,25
9.5,322.5,0.652691511387164,0.4282542252410364,27
9.5,323.5,0.08928571428571397,0.9004590609762644,27
9.5,324.5,0.2043374418374422,0.7973063403989813,28
9.5,325.5,-0.958749591550375,0.44193101201121243,24
9.5,326.5,0.7118055555555556,0.18675613776082567,30
9.5,327.5,0.9722222222222222,0.4281777903096383,23
9.5,328.5,-1.982368620849014,0.05256683737550347,25
9.5,329.5,0.8601070455690032,0.2601140477282804,28
9.5,330.5,1.071803428671744,0.06615731170562118,28
9.5,331.5,1.0205078125,0.05776446195402956,27
9.5,332.5,0.7589698759187813,0.35874300337869447,24
9.5,333.5,-0.7485556787386052,0.31900803011512957,21
9.5,334.5,0.08333333333333287,0.7916993472718744,23
9.5,335.5,-1.3113629791261365,0.38118730498775844,21
9.5,336.5,-1.4072463243580193,0.2561449666035266,20
9.5,337.5,-0.41731081418581506,0.7108359248149255,17
9.5,338.5,-0.21233974358974314,0.7665252995235718,15
9.5,340.5,3.1374999999999997,0.007290358091535638,10
9.5,341.5,-0.6434811827956993,0.640428787412791,11
10.5,50.5,0.8003596876775823,0.08647112777407255,12
10.5,51.5,0.7824725952708909,0.004138363995086913,13
10.5,52.5,0.5892951964080695,0.4277105102974643,13
10.5,53.5,0.10511796042617957,1.0,14
10.5,54.5,-0.5435996680106747,0.511220344688192,14
10.5,55.5,-1.5897552975701068,0.2996654484343021,13
10.5,56.5,1.1294307072529408,0.2437222847721744,12
10.5,57.5,1.0173685772717258,0.36739463173964715,16
10.5,58.5,0.015851449275362403,0.9396136982356221,18
10.5,59.5,-0.0773591491238399,0.9396136982356221,18
10.5,60.5,0.20833333333333331,0.7048534612178423,18
10.5,61.5,-0.17998545572074962,0.6930118863702326,22
10.5,62.5,-0.3990854116586544,0.5350244506182873,22
10.5,63.5,0.08100327966606996,0.5973541948267042,23
10.5,64.5,0.23262673035466838,0.45960782304895875,23
10.5,65.5,-0.14283088235294136,0.4922895298178107,23
10.5,66.5,-0.4146717131392168,0.09536480979922483,27
10.5,67.5,-0.5500900691600601,0.020804548046859103,28
10.5,68.5,-0.26183530714309955,0.056141063791275155,24
10.5,69.5,0.12193294437340185,0.7350804926819566,22
10.5,70.5,0.09984223351764648,0.8701367570919353,25
10.5,71.5,0.2830579369183809,0.3746854999427832,25
10.5,72.5,0.4037134740259741,0.13837039523899158,29
10.5,73.5,0.1976505909264202,0.36280277241144776,30
10.5,74.5,-0.1944260370163699,0.27263754267559726,34
10.5,75.5,-0.1295579420579421,0.6908954991268498,35
10.5,76.5,-2.4227550669922477,0.06081694918575563,33
10.5,77.5,-0.4262114017254447,0.44087649866088374,25
10.5,78.5,0.6387786596119918,0.36331590966639116,18
10.5,79.5,-0.7153529215749725,0.14628055684434427,34
10.5,80.5,0.4493094402280315,0.41153015108926394,33
10.5,81.5,0.14711530778801263,0.7166749729859458,39
10.5,82.5,-0.02206121348914697,0.883909392651155,41
10.5,83.5,0.0663682966784668,0.8465282828044682,39
10.5,84.5,-0.23516414141414121,0.5296315348267777,42
10.5,85.5,0.11157992289442496,0.770840345264592,40
10.5,86.5,0.7246663111672702,0.011498056471976747,41
10.5,87.5,0.3541218286321976,0.1790013356721437,42
10.5,88.5,0.04560088838166847,0.8453357931297271,42
10.5,89.5,-0.03859127157001871,0.8067106222830901,40
10.5,90.5,0.180338017026067,0.18880018541004573,41
10.5,91.5,-0.11061344898807737,0.5667605869699316,41
10.5,92.5,-0.03777595219853834,0.842992183820956,40
10.5,93.5,0.17441132214604593,0.29818612881587525,39
10.5,94.5,-0.288933570887514,0.1449961562134987,36
10.5,95.5,-0.21403779002161477,0.14102919353281582,33
10.5,96.5,-0.12295518058832774,0.504757480200261,37
10.5,97.5,-0.015694465166256794,0.9095458052651214,35
10.5,98.5,-0.23436813758163816,0.6352273936721516,34
10.5,99.5,-0.5721255220275134,0.3767967991819644,31
10.5,100.5,-0.4666532728691367,0.390080152762149,32
10.5,101.5,-0.9579755668602297,0.002385815483528479,36
10.5,102.5,-0.30798830874170025,0.3386829866956895,32
10.5,103.5,-0.4529967719202527,0.3427404657152944,34
10.5,104.5,0.352282950967162,0.3587122806312343,38
10.5,105.5,0.10223307098307112,0.47668240722040733,43
10.5,106.5,-0.36692583732057504,0.30833848049191526,42
10.5,107.5,0.0995370370370369,0.8999543235867821,38
10.5,108.5,0.09577143915522887,0.8465282828044682,39
10.5,109.5,-0.5520616807143535,0.06248409775553008,43
10.5,110.5,-0.7989728570518874,0.01563575082865469,44
10.5,111.5,-0.35168329818557,0.32292109642586486,41
10.5,112.5,-0.09501504364518015,0.7615493074182684,42
10.5,113.5,-0.08091003806309516,0.8965279189482994,42
10.5,114.5,-0.2857897721414577,0.28575834826955737,43
10.5,115.5,-0.13143245444522794,0.6490072252715706,44
10.5,116.5,-0.17046035765417972,0.2366630608439486,44
10.5,117.5,-0.3577092175690565,0.20612854539193903,44
10.5,118.5,-0.008748202713442548,0.9596671236749724,44
10.5,119.5,-0.07731767077585003,0.8003790608501801,44
10.5,120.5,-0.030162187049346603,0.8953913275963306,44
10.5,121.5,-0.35194098268580676,0.22874529700344437,44
10.5,122.5,-0.23450672539383907,0.6059749796211158,44
10.5,123.5,-0.1443400990881183,0.737705458452796,43
10.5,124.5,-0.142546868901248,0.7535494327517965,43
10.5,125.5,0.37574697904043336,0.2134795926554277,44
10.5,126.5,0.2141026982676614,0.5919199160567152,44
10.5,127.5,-0.21501158987105862,0.4852496795837916,44
10.5,128.5,-0.6077609765574049,0.08739348112980251,44
10.5,129.5,-0.17139544634024084,0.46030716787530535,44
10.5,130.5,-0.4385540763440157,0.1318042280915117,44
10.5,131.5,-0.4261269558790153,0.08739348112980251,44
10.5,132.5,-0.11988972799726469,0.6059749796211158,44
10.5,133.5,-0.2633536228576734,0.510906363666696,44
10.5,134.5,-0.37974607969779833,0.33662512075788886,44
10.5,135.5,-0.1727112825159741,0.6345230397276371,44
10.5,136.5,-0.124781070370658,0.6783726944702002,44
10.5,137.5,-0.17437557753607544,0.4126408006212513,44
10.5,138.5,-0.6036827636324062,0.02167945281843703,44
10.5,139.5,-0.1410286423993892,0.510906363666696,44
10.5,140.5,-0.0054918036761424215,0.9596671236749724,44
10.5,141.5,-0.583537923582697,0.025400811472118725,44
10.5,142.5,-0.6166662706214936,0.034525447755673386,44
10.5,143.5,-0.4746701954176554,0.19198145170097425,44
10.5,144.5,-0.4734794521788398,0.1658526005713854,44
10.5,145.5,-0.7164754335148338,0.020549203189822313,44
10.5,146.5,-0.47988556041256025,0.14808199944763661,44
10.5,147.5,-0.07071411637320946,0.7535494327517965,43
10.5,148.5,-0.26054698784136443,0.3859468605971169,42
10.5,149.5,-0.1843456786076355,0.7887194899032053,40
10.5,150.5,-0.5318748388175364,0.32848073232961217,41
10.5,151.5,-0.21491961588260572,0.5879084322109032,42
10.5,152.5,-0.20475229158523428,0.46534374401080913,41
10.5,153.5,-0.25653454587051044,0.35220493219511184,38
10.5,154.5,-0.22460520286379754,0.5778990721352786,39
10.5,155.5,-0.012660880993383366,0.9799402562507286,38
10.5,156.5,-0.39261800924771556,0.31075456042524163,40
10.5,157.5,-0.13281505774144786,0.539915857350804,36
10.5,158.5,-0.18055333759182388,0.4357099127515781,38
10.5,159.5,-0.1688402813056028,0.504757480200261,37
10.5,160.5,-0.30950813208877703,0.42340961568627655,34
10.5,161.5,-0.6481090465465462,0.06602837773431022,34
10.5,162.5,-0.46637634439511566,0.15829432695339385,32
10.5,163.5,-0.5227532378411284,0.1157197552188083,32
10.5,164.5,-0.31744123931623963,0.3242351019547286,31
10.5,165.5,-0.3031620737147185,0.15947049705508698,29
10.5,166.5,-0.07717181613821357,0.8279576357977381,28
10.5,167.5,0.11656771531324689,0.8365263661204166,29
10.5,168.5,-0.15898524142263665,0.5864526254323217,29
10.5,169.5,0.5533871616188695,0.11305101958707045,23
10.5,170.5,0.0707013574660631,0.8740921801633091,23
10.5,171.5,0.10794646519896105,0.8740921801633091,23
10.5,172.5,-0.18599940327101072,0.5188539830622771,24
10.5,173.5,-0.30552320565907565,0.5351853194474852,24
10.5,174.5,-0.2997724801450322,0.07973589173763507,21
10.5,175.5,-0.41199135319625035,0.15582458786203346,21
10.5,176.5,-0.007535834276341055,1.0,22
10.5,177.5,0.5063639186067606,0.2843217140080182,20
10.5,178.5,-0.6397928994082847,0.06273522885003777,22
10.5,179.5,-0.6642720306513397,0.12783672945149901,22
10.5,180.5,-0.13315731399747785,0.832591967665674,21
10.5,181.5,0.4199860903102366,0.6264962743469109,20
10.5,182.5,-0.0017857142857131691,1.0,19
10.5,183.5,1.803931468269513,0.12728869225659978,20
10.5,184.5,0.7627509554979578,0.48410753779266247,19
10.5,185.5,-0.0901292335115862,0.975910003234818,21
10.5,186.5,-0.03368798518755707,0.975910003234818,21
10.5,187.5,-1.2706290849673194,0.17269436302931984,18
10.5,188.5,0.7946879901299686,0.15005063655725903,18
10.5,189.5,-0.0765790890400747,0.7730800663123129,17
10.5,190.5,-1.1057940417546335,0.03766692222862868,15
10.5,191.5,-0.438906874939029,0.7048534612178423,18
10.5,192.5,-0.16278108465608465,1.0,18
10.5,193.5,-0.7695824337403212,0.5444860568259107,18
10.5,194.5,-2.253674828254411,0.09123902905538855,17
10.5,195.5,-2.621917153988884,0.17403358020816395,17
10.5,196.5,-0.8582626744391437,0.4487180156191449,18
10.5,197.5,-0.2922453703703676,0.48410753779266247,19
10.5,198.5,0.08420005136106827,0.9211586502250249,15
10.5,199.5,0.6262166748353616,0.1629844132966407,20
10.5,200.5,0.25301755569179246,0.8799878558277134,21
10.5,201.5,1.2839460175525752,0.16168621659204063,19
10.5,202.5,1.4690932095729858,0.17419048270007742,21
10.5,203.5,1.2993290993281525,0.2561449666035266,20
10.5,204.5,2.0977902442643623,0.09799379060302298,20
10.5,205.5,-0.045155993431856264,0.9396136982356221,18
10.5,206.5,-0.688733552631579,0.7048534612178423,18
10.5,207.5,0.6570827647593948,0.6077081401081054,21
10.5,208.5,0.9190691368009176,0.29056075537876946,21
10.5,209.5,0.4187826155872026,0.6117600292546322,22
10.5,210.5,-0.07043068408199937,0.940681598665201,24
10.5,211.5,0.5162342946766773,0.5030370130775135,24
10.5,212.5,-0.036016152436353366,0.9527374072913991,28
10.5,213.5,0.15469181140284205,0.8335157043083458,25
10.5,214.5,-0.4583630690273019,0.2704279639103756,26
10.5,215.5,0.4556245247933319,0.6213676320840416,28
10.5,216.5,0.43964168889735755,0.4324504235358998,30
10.5,217.5,0.01201923076923077,0.9715358738879935,30
10.5,218.5,-0.19759188471589875,0.8304750241244809,30
10.5,219.5,0.45000546245630074,0.485610385141812,32
10.5,220.5,-0.24439936035389795,0.5924901808547871,30
10.5,221.5,-0.1117531531775709,0.9551233832161916,29
10.5,222.5,1.3381684177700999,0.08861906133688098,32
10.5,223.5,1.23455880166518,0.024659856023290634,33
10.5,224.5,0.9339062875861623,0.2364918152910518,32
10.5,225.5,0.507529634434475,0.2580163179461443,33
10.5,226.5,-0.4327239789196324,0.34119875170636194,31
10.5,227.5,-0.6737231182795611,0.29940460703930927,34
10.5,228.5,0.008446476220374267,0.9773408399028476,35
10.5,229.5,-0.7297594652615169,0.13968932660540637,35
10.5,230.5,-0.49978408113532136,0.24958080203971644,32
10.5,231.5,0.6365668402777779,0.31389928595925765,37
10.5,232.5,0.5876890203813272,0.2263989227367953,39
10.5,233.5,-0.2762339166901725,0.6284436367082953,37
10.5,234.5,0.1442632194986648,0.6928385117296678,36
10.5,235.5,0.18810250178700513,0.6664041829849279,40
10.5,236.5,0.3641420929727376,0.4383374552726653,41
10.5,237.5,-0.29046474358974006,0.5730643403857183,42
10.5,238.5,-0.07692714932654478,0.901670538587607,41
10.5,239.5,0.2967546730086075,0.46115733267686354,42
10.5,240.5,0.0701339697656789,0.6942324524938993,41
10.5,241.5,0.18306582282260903,0.6777161122500928,41
10.5,242.5,-0.0020330764354881126,1.0,40
10.5,243.5,0.07542207792207911,0.9136991092503179,42
10.5,244.5,0.8780842276936024,0.13725539302831113,43
10.5,245.5,0.5647665772026687,0.11359049227857512,42
10.5,246.5,0.21878061436639812,0.6783726944702002,44
10.5,247.5,-0.24737919521378962,0.47268784744188586,44
10.5,248.5,-0.5358102507110436,0.20612854539193903,44
10.5,249.5,-0.5049467096837034,0.2791520888849168,44
10.5,250.5,-0.13689995815399314,0.67549619466395,43
10.5,251.5,-0.3250976936041703,0.43866997611941727,43
10.5,252.5,0.16729303338910612,0.8003790608501801,44
10.5,253.5,-0.2291659422999184,0.6636253756806705,44
10.5,254.5,-0.31902357550935134,0.5780164317724827,44
10.5,255.5,-0.07292037731555,0.7538688170084293,44
10.5,256.5,0.28253238653468077,0.4852496795837916,44
10.5,257.5,0.14693524129034902,0.7233394974219045,44
10.5,258.5,0.13806738313608027,0.615428246959838,43
10.5,259.5,-0.4316447740920927,0.22101797270992485,44
10.5,260.5,-0.3433692920994129,0.34689635122351015,44
10.5,261.5,0.1568345089527938,0.6602647550462682,43
10.5,262.5,0.8840120828329152,0.12652460633655835,43
10.5,263.5,-0.20599478908788343,0.5239955384561089,44
10.5,264.5,-0.010653383399987854,0.9814080595320066,40
10.5,265.5,-0.06036920011284899,0.8796101413969478,40
10.5,266.5,0.18553130732856735,0.6029278873524366,42
10.5,267.5,0.34512362637362626,0.2657461083422321,39
10.5,268.5,-0.13301435406698622,0.7531271266832608,39
10.5,269.5,0.11256720430107546,0.8125085458048832,34
10.5,270.5,0.22804054054054054,0.4431544530574595,35
10.5,271.5,0.08419888934594812,0.8650383150743489,31
10.5,272.5,-0.1548887757907705,0.7498121637483278,29
10.5,273.5,0.4944452477347219,0.3812637215931578,27
10.5,274.5,-0.2624996465781699,0.7752944295177846,30
10.5,275.5,0.13433601084024213,0.9611987334080325,32
10.5,276.5,-0.26756155596937486,0.8304750241244809,30
10.5,277.5,0.11040021867169494,0.9101956836196836,22
10.5,278.5,-0.0023536392405061335,0.984237603525127,28
10.5,279.5,-0.05574394674862132,0.8656490997057351,22
10.5,280.5,-1.0138201320132012,0.04296014602842502,11
10.5,281.5,-0.46298240130637663,0.08144297973908005,18
10.5,282.5,-0.28712393258596947,0.2629105671183505,19
10.5,283.5,-0.5566868186437539,0.19412668587809967,21
10.5,284.5,-1.3928811311656095,0.033909075949607466,18
10.5,285.5,0.04825800376647828,1.0,14
10.5,286.5,-0.08518399701769311,0.975910003234818,21
10.5,287.5,1.4858512376310373,0.09799379060302298,20
10.5,288.5,-2.0162579270186183,0.07910921509869843,16
10.5,289.5,-0.6280584649725276,0.49946120310401465,16
10.5,290.5,0.1215634363629656,0.7857971061789661,21
10.5,291.5,0.19444444444444406,0.7350804926819566,22
10.5,292.5,-0.7371957403651119,0.15857024949675513,22
10.5,293.5,-0.8066457919973544,0.0471253041839123,25
10.5,294.5,-0.3461447375559665,0.11311064616021758,27
10.5,295.5,-1.0314962665447582,0.09502476539267062,29
10.5,296.5,0.3707175215400207,0.31774734769908775,30
10.5,297.5,-0.12752197896366724,0.5508678704577775,35
10.5,298.5,-0.1791926588289737,0.5864526254323217,29
10.5,299.5,0.02025775744671173,0.8659362154363435,29
10.5,300.5,-0.02995815567219528,0.8279576357977381,28
10.5,301.5,0.0875097985135298,0.7703961609830144,27
10.5,302.5,0.669513457556936,0.02080455208362115,31
10.5,303.5,0.3971964110118243,0.12866108508859356,29
10.5,304.5,0.07921936843916676,0.8279576357977381,28
10.5,305.5,0.5435122622622625,0.2389927879015219,30
10.5,306.5,0.476358415129398,0.09124032355472553,33
10.5,307.5,0.29030797101449246,0.45855874552468434,34
10.5,308.5,0.5005607315389922,0.13473584102323688,31
10.5,309.5,0.9040201365653516,0.009031777548602017,32
10.5,310.5,0.2709989236628581,0.4952867602977147,34
10.5,311.5,0.0015675015675019866,1.0,30
10.5,312.5,0.08928571428571427,0.9431079616717606,30
10.5,313.5,-0.2616666666666667,0.617392769071009,30
10.5,314.5,-0.4041978607685371,0.46443447665483895,29
10.5,315.5,0.46968417280917296,0.2619630008374654,31
10.5,316.5,-0.004316346421609532,1.0,31
10.5,317.5,0.855801365882011,0.038119926564599664,31
10.5,318.5,1.457665400684534,0.0004055939438051015,28
10.5,319.5,1.5354268467950547,0.09536480979922483,27
10.5,320.5,0.9321203399122808,0.11641261541028022,30
10.5,321.5,0.8398493867243866,0.4754490495282657,30
10.5,322.5,0.904327876984127,0.19843040968125814,33
10.5,323.5,0.16769622093023173,0.8383870987564421,31
10.5,324.5,0.15361173398552744,0.802761791874143,30
10.5,325.5,-0.5765030759741905,0.2844114676220474,30
10.5,326.5,-0.1212657232704388,0.8918439412522506,31
10.5,327.5,0.5554569128787878,0.33300968343191173,28
10.5,328.5,0.7931312895748532,0.2704279639103756,26
10.5,329.5,-0.8656241286917494,0.2437621921734151,28
10.5,330.5,0.35057997557997467,0.5317037729644349,27
10.5,331.5,-0.3770098313008765,0.3767967991819644,31
10.5,332.5,-0.8552620635184716,0.195559652706897,29
10.5,333.5,0.08032996679579386,0.964838162737043,26
10.5,334.5,-0.30593419185856197,0.5911541483740381,25
10.5,335.5,-1.5475024390243903,0.20785680345658664,19
10.5,336.5,-0.37581052709807966,0.6494456692174662,18
10.5,337.5,-0.9297108937942838,0.41730416562740436,20
10.5,338.5,-1.2206736353077818,0.22413430196016682,16
10.5,339.5,-0.720226525119617,0.28313087066234666,10
10.5,340.5,-2.791800213675214,0.16112494928905186,11
10.5,341.5,-2.5859375,0.28313087066234666,10
11.5,47.5,-0.940179711731436,1.0,10
11.5,48.5,0.3603395061728403,1.0,10
11.5,49.5,0.9410511363636364,0.16112494928905186,11
11.5,50.5,0.29203869047619047,0.8762696636277617,11
11.5,51.5,0.511946934644303,0.38107448160929436,14
11.5,52.5,0.09574624167499912,0.9453298708327,12
11.5,53.5,-1.7202017987322678,0.16055589143580895,13
11.5,54.5,-0.9575071470987967,0.6614159170078631,14
11.5,55.5,0.1381205966534571,1.0,15
11.5,56.5,1.419258280631126,0.1373470969847837,16
11.5,57.5,1.3206468186936935,0.006195622498906061,14
11.5,58.5,0.042444534632034944,1.0,14
11.5,59.5,-0.5177855256909561,0.2996654484343021,13
11.5,60.5,-0.011858974358974232,1.0,16
11.5,61.5,0.20833333333333331,0.5919766642679967,22
11.5,62.5,-0.04114583333333366,0.8233490121001951,24
11.5,63.5,0.5094705980144834,0.33335824348826115,24
11.5,64.5,0.2643770049825945,0.24369251012790516,24
11.5,65.5,0.11649626580640214,0.566590311939465,26
11.5,66.5,0.07612200577766134,0.6782246933005027,28
11.5,67.5,-0.09672651158776067,0.6391042707127212,29
11.5,68.5,-0.21369485294117752,0.3375799754591595,27
11.5,69.5,0.3490259740259738,0.17175819814532312,26
11.5,70.5,0.0667140000825211,0.7973063403989813,28
11.5,71.5,-0.052943622493089204,0.8701367570919353,25
11.5,72.5,0.39871066433566466,0.22420756495904925,24
11.5,73.5,0.15919256120527298,0.5878049630676369,27
11.5,74.5,0.04039794664794649,0.9096221353961885,32
11.5,75.5,-2.0228494623655915,0.015595719905762417,27
11.5,76.5,-0.880390460148862,0.11083858110212827,29
11.5,77.5,-0.17857413239658446,0.7614215361463608,25
11.5,78.5,0.032738095238092534,0.9335433162568849,27
11.5,79.5,-0.14358660130718923,0.8383870987564421,31
11.5,80.5,0.6644570707070703,0.20234388657884772,34
11.5,81.5,0.061584496763003246,0.8465282828044682,39
11.5,82.5,-0.2513136467253536,0.22385697199826116,37
11.5,83.5,0.1731773790597321,0.563056451033163,38
11.5,84.5,0.5595462683191108,0.18028794638930246,40
11.5,85.5,0.5506037434669557,0.19139541400462046,39
11.5,86.5,0.6916247179066409,0.004637351100469754,40
11.5,87.5,0.3170102097307869,0.16054611379599892,39
11.5,88.5,-0.05713390047206942,0.8115533673850394,42
11.5,89.5,0.15685045244512913,0.2506536089538406,42
11.5,90.5,-0.007572001533560984,0.9641626367796153,41
11.5,91.5,-0.0881146075449887,0.6163750034803586,40
11.5,92.5,-0.030178847854931648,0.8209725423085437,38
11.5,93.5,-0.0023115264034494487,1.0,38
11.5,94.5,0.3440209560490314,0.25256817091132033,38
11.5,95.5,-0.13134318577054874,0.4952867602977147,34
11.5,96.5,-0.19825268817204286,0.3634073211862605,35
11.5,97.5,-0.374564378613867,0.07436890009945402,36
11.5,98.5,-2.66895928352545,0.0030279249020008815,34
11.5,99.5,-2.6514492688767777,0.001732675616058747,29
11.5,100.5,-0.3833764216893646,0.41989889923791546,29
11.5,101.5,-0.8605432526287204,0.011476176867665569,35
11.5,102.5,-0.2759585844263276,0.5878049630676369,27
11.5,103.5,0.1521048698468062,0.7668567682388833,34
11.5,104.5,-0.07997687664104458,0.753082135935896,40
11.5,105.5,-0.5248120300751893,0.043825662339098,42
11.5,106.5,-0.2607292149567312,0.45597179082236294,37
11.5,107.5,0.13933067281891137,0.7788649901956481,41
11.5,108.5,0.37111508087786027,0.4263971664376689,43
11.5,109.5,0.01938657407407322,0.8794050603461727,42
11.5,110.5,-0.3869973417223138,0.3680301373661422,44
11.5,111.5,-0.23746845560234686,0.46030716787530535,44
11.5,112.5,-0.14841462465893382,0.6783726944702002,44
11.5,113.5,-0.0365356703761847,0.9596671236749724,44
11.5,114.5,0.13213446396520748,0.7063555824925177,43
11.5,115.5,-0.24955096307665237,0.40119789259699423,44
11.5,116.5,-0.2877989262391025,0.38994765540100507,44
11.5,117.5,-0.377833776166632,0.09922453406650901,44
11.5,118.5,-0.3909932495067561,0.0641825017814526,44
11.5,119.5,-0.3600253281735837,0.022863431302471683,44
11.5,120.5,-0.13233792453900822,0.6201774624706455,44
11.5,121.5,-0.400381543760531,0.18038393817009857,43
11.5,122.5,-1.0617489416459653,0.013980433602643534,44
11.5,123.5,-0.4162397377250618,0.22101797270992485,44
11.5,124.5,-0.3150369180575474,0.4511433381462897,43
11.5,125.5,-0.9702982130897195,0.09922453406650901,44
11.5,126.5,-0.44302523090554613,0.2791520888849168,44
11.5,127.5,-0.4971064019210595,0.09403879939083565,43
11.5,128.5,-0.8110155440054505,0.028178312148288143,44
11.5,129.5,-0.6002398138058329,0.14249360131085043,44
11.5,130.5,-0.5411923611801726,0.036290965357690864,44
11.5,131.5,-0.48321042409880943,0.08739348112980251,44
11.5,132.5,-0.26931533435222565,0.31667600886647385,44
11.5,133.5,-0.21979379727342485,0.37889136985202754,44
11.5,134.5,-0.5809720198344377,0.06714809952404507,44
11.5,135.5,-0.2803644985086301,0.28823680135136065,44
11.5,136.5,-0.39334246264189643,0.17856166166885756,44
11.5,137.5,-0.5275601271863505,0.02675845544525713,44
11.5,138.5,-0.5887742206510194,0.012481772250117918,44
11.5,139.5,-0.37426851569251474,0.05857536389703457,44
11.5,140.5,-0.6388370648174567,0.0050841895799981695,44
11.5,141.5,-1.0763518709616098,0.00014892910767587704,44
11.5,142.5,-0.8698064584116971,0.001776195517811932,44
11.5,143.5,-0.8382364401308293,0.0024932089260287687,44
11.5,144.5,-0.5475896299529402,0.023788325210398857,43
11.5,145.5,-0.5465560715775593,0.09514646070579075,44
11.5,146.5,-0.5221162823598695,0.06132588291809085,44
11.5,147.5,-0.725965418762029,0.002577928740551726,43
11.5,148.5,-0.5986958238491195,0.01201508672733252,43
11.5,149.5,-0.6130490883937643,0.02675845544525713,44
11.5,150.5,-0.5083302573311111,0.129440568095036,41
11.5,151.5,-0.2963895967447206,0.2882065615900148,42
11.5,152.5,-0.4607376822061051,0.10042517436963748,40
11.5,153.5,-0.19876596453095627,0.43502642785483836,40
11.5,154.5,-0.11301425960411096,0.6632086746173176,39
11.5,155.5,-0.1892480809270647,0.4658973881161266,38
11.5,156.5,-0.0512566948608776,0.8612638836213089,40
11.5,157.5,-0.1840613995137375,0.4719324011649343,37
11.5,158.5,-0.26497820376540915,0.21793165186589147,38
11.5,159.5,-0.4383781719924812,0.07339972979721172,39
11.5,160.5,-0.5913318090419651,0.010580470819026744,35
11.5,161.5,-0.4394151891821242,0.1495902257394682,33
11.5,162.5,-0.2922149231845778,0.18783021842730974,33
11.5,163.5,-0.35418326394599764,0.12609656894220533,31
11.5,164.5,-0.34051868610692143,0.49659521437046883,31
11.5,165.5,-0.011492189468380027,0.9147523390847367,30
11.5,166.5,0.05180075890442326,0.7616263393983136,30
11.5,167.5,-0.293924668255974,0.24778083040054255,31
11.5,168.5,-0.11760591519418906,0.7669644911053035,28
11.5,169.5,-0.08033716838368254,0.9101956836196836,22
11.5,170.5,0.2665271546761225,0.4555354119407532,20
11.5,171.5,-0.33489455364455345,0.39803568959424807,23
11.5,172.5,-0.03360392974163687,0.9070384808036948,25
11.5,173.5,-0.23392017465293297,0.4274889995990474,26
11.5,174.5,-0.2140595821661997,0.28615732110495806,24
11.5,175.5,0.5815598987755283,0.15582458786203346,21
11.5,176.5,-0.35553878990014787,0.41730416562740436,20
11.5,177.5,-0.4052338326635,0.6117600292546322,22
11.5,178.5,-0.39924299211177877,0.15582458786203346,21
11.5,179.5,-0.19599419135551965,0.49856438700636985,22
11.5,180.5,0.06466268647506201,0.8701367570919353,25
11.5,181.5,-0.011193669150730834,1.0,23
11.5,182.5,-0.09276983550665252,0.7857971061789661,21
11.5,183.5,0.28704451445414436,0.45960782304895875,23
11.5,184.5,-0.375597358993007,0.31900803011512957,21
11.5,185.5,0.3199082735585689,0.6505819869583885,21
11.5,186.5,0.2363445378151256,0.40110257289194073,19
11.5,187.5,0.6353869736061503,0.20575410127305516,20
11.5,188.5,0.25135304674398523,0.8203382164336169,20
11.5,189.5,0.255372291582813,0.8368197050512747,17
11.5,190.5,0.45220163408639924,0.4837557864964521,17
11.5,191.5,-0.2136080621936124,0.9224620671867602,20
11.5,192.5,0.33048767752715114,0.5161913565020787,20
11.5,193.5,-0.47678987518366145,0.6242768461207494,19
11.5,194.5,0.01985002996344145,0.975910003234818,21
11.5,195.5,-0.8389407296866904,0.3492193427947422,21
11.5,196.5,0.006862122559984685,1.0,20
11.5,197.5,0.4958804965685121,0.6505819869583885,21
11.5,198.5,0.16745689444255904,0.9278177692263682,21
11.5,199.5,0.26244892755153787,0.8799878558277134,21
11.5,200.5,0.11775446133509626,0.8740921801633091,23
11.5,201.5,0.08933392380521282,0.9802109790485439,24
11.5,202.5,0.24905577722454098,0.7513001501987963,23
11.5,203.5,0.7125525283280859,0.38103238548434304,20
11.5,204.5,1.3799130763416474,0.08041700045141827,22
11.5,205.5,-0.4261936255983876,0.5444860568259107,18
11.5,206.5,1.2729503007280787,0.11164031194559694,18
11.5,207.5,0.648795446989846,0.40110257289194073,19
11.5,208.5,0.9429824561403515,0.14172595380646796,19
11.5,209.5,-0.20263067990858313,0.7857971061789661,21
11.5,210.5,0.00011510038288778642,1.0,24
11.5,211.5,-0.43507527504342897,0.6117600292546322,22
11.5,212.5,0.3461388720291336,0.537126940170827,26
11.5,213.5,0.7878468927893723,0.20110491981248035,26
11.5,214.5,-0.41200400390123654,0.4274889995990474,26
11.5,215.5,0.9556779789854187,0.21325648747295345,28
11.5,216.5,0.2778122629604473,0.5666859527923179,28
11.5,217.5,-0.22002943852484122,0.8279576357977381,28
11.5,218.5,0.38962812066574415,0.3242351019547286,31
11.5,219.5,0.35496794871794973,0.39416640444789575,35
11.5,220.5,0.2811378457633053,0.6495079756621349,35
11.5,221.5,0.6732938850457137,0.22389580114431484,32
11.5,222.5,0.6540727070482367,0.30654284259023945,35
11.5,223.5,0.32515092329545414,0.6091749235356739,35
11.5,224.5,0.3909396271744456,0.42340961568627655,34
11.5,225.5,0.4909022121767137,0.4264505315507925,35
11.5,226.5,-0.35846689447281777,0.47672905828844614,34
11.5,227.5,-0.9268668506054722,0.10839945747110942,32
11.5,228.5,0.13397023034474081,0.8125085458048832,34
11.5,229.5,-0.5221645294560346,0.46646827743679087,33
11.5,230.5,0.4569666016250874,0.44771724277486147,33
11.5,231.5,-1.2440476190476193,0.09684654514932389,34
11.5,232.5,-0.9836019476976914,0.07422718306426038,38
11.5,233.5,-0.19777722370185968,0.770840345264592,40
11.5,234.5,0.8220014917780343,0.2657461083422321,39
11.5,235.5,-0.4642682050772534,0.5387479615505166,37
11.5,236.5,0.6305838744127846,0.10502173077524635,39
11.5,237.5,-0.3510887142033945,0.507532735474822,41
11.5,238.5,0.05782664747856121,0.8965279189482994,42
11.5,239.5,0.20403932320831614,0.7276974359007813,41
11.5,240.5,-0.16493223722943026,0.5239955384561089,44
11.5,241.5,-0.22648205027494978,0.5239955384561089,44
11.5,242.5,0.46702617645870925,0.34024045120657065,42
11.5,243.5,0.6973929490336906,0.10703273315951566,43
11.5,244.5,-0.22255620849775165,0.414326973448099,43
11.5,245.5,-0.2663005409715934,0.414326973448099,43
11.5,246.5,0.12886199739155685,0.7082349133954652,44
11.5,247.5,0.014125418720249229,0.9919301238572449,44
11.5,248.5,-0.15953086861136673,0.6932442366215537,44
11.5,249.5,0.3154413852288428,0.3573648817454941,44
11.5,250.5,-0.02326165056173115,0.9596671236749724,44
11.5,251.5,0.05579415649589724,0.8953913275963306,44
11.5,252.5,-0.3262573912597415,0.29751878206452487,44
11.5,253.5,-0.738745791238069,0.03121368510682657,44
11.5,254.5,-0.16632072646779447,0.8003790608501801,44
11.5,255.5,-0.1782966474691261,0.5642685185472105,44
11.5,256.5,0.26716007393540764,0.3680301373661422,44
11.5,257.5,0.5388872485733223,0.1266979608214545,44
11.5,258.5,-0.11982866206437472,0.8003790608501801,44
11.5,259.5,-0.24208207505764467,0.46030716787530535,44
11.5,260.5,-0.07655117912962843,0.8317953693672806,44
11.5,261.5,0.14005146509159075,0.6932442366215537,44
11.5,262.5,-0.25096435729223693,0.516431410692801,43
11.5,263.5,-0.5231596821867164,0.22482884061570196,42
11.5,264.5,0.13604040494245168,0.6007856611761987,43
11.5,265.5,-0.3002270931906901,0.4122551679916763,41
11.5,266.5,0.06912832226701178,0.7947886866284579,42
11.5,267.5,0.2146038534909132,0.33972197352938505,41
11.5,268.5,0.16672366621067053,0.47672905828844614,34
11.5,269.5,0.02403846153846154,0.9291243012099806,34
11.5,270.5,0.32552083333333337,0.2844114676220474,30
11.5,271.5,0.15060096153846203,0.7973063403989813,28
11.5,272.5,0.2003916729182227,0.6936406217837584,29
11.5,273.5,0.8026096748922857,0.02080455208362115,31
11.5,274.5,0.9343346741696607,0.04525554618596206,36
11.5,275.5,-0.453125,0.32017406683149174,35
11.5,276.5,0.2856320558526437,0.11825088388903625,35
11.5,277.5,0.08387014557978327,0.7752944295177846,30
11.5,278.5,0.10586107714242983,0.5973541948267042,23
11.5,279.5,-0.04297953329882691,0.832591967665674,21
11.5,280.5,0.0607244318181821,0.4806051289858302,26
11.5,281.5,-0.3273809523809528,0.11905304118202122,23
11.5,282.5,-0.6063336046718604,0.01786362770893482,20
11.5,283.5,-0.20378518454654487,0.38103238548434304,20
11.5,284.5,-0.670155502392344,0.17269436302931984,18
11.5,285.5,-0.33621371278194817,0.3975873918299724,22
11.5,286.5,-0.5162380367427972,0.25246050425043143,25
11.5,287.5,-0.46254138013791435,0.4873503903353207,21
11.5,288.5,-0.5410591590361783,0.14172595380646796,19
11.5,289.5,-1.0359342647438772,0.3004271167492414,16
11.5,290.5,-0.5192750969064798,0.25096585334411325,21
11.5,291.5,-1.0903679653679657,0.09559021985225108,18
11.5,292.5,0.09532161078717191,0.6345102928818573,23
11.5,293.5,-0.0425418607728295,0.9070384808036948,25
11.5,294.5,-0.11474140522599659,0.7098436764690532,24
11.5,295.5,0.885340743440233,0.04728488016768845,26
11.5,296.5,-0.36606508725649367,0.3022157697479979,29
11.5,297.5,-0.4067427253329889,0.12342316732733923,32
11.5,298.5,0.309279019873532,0.22104956212356597,31
11.5,299.5,0.10303935012366296,0.7091645038629479,32
11.5,300.5,-0.028894693925058806,0.8649901175825423,37
11.5,301.5,-0.0055672654574494005,0.9891324349096958,36
11.5,302.5,0.34209449035030426,0.1678939123854778,33
11.5,303.5,0.06276414134645823,0.883962377036416,32
11.5,304.5,-0.05736350981028926,0.8010076470812286,34
11.5,305.5,0.18026244588744594,0.4952867602977147,34
11.5,306.5,0.08749999999999977,0.8646820584594126,35
11.5,307.5,0.10667670682730915,0.7220003552092338,34
11.5,308.5,-0.043029886779886686,0.9187737391879133,31
11.5,309.5,-0.05879925813002119,0.7922384250904911,33
11.5,310.5,0.20175182960721383,0.440783366600357,34
11.5,311.5,-0.054140406162465,0.8821498665400751,34
11.5,312.5,-0.1929188778158188,0.6309950399173054,33
11.5,313.5,-0.7703476330849746,0.15947049705508698,29
11.5,314.5,-0.03475413602941124,0.9546999508650751,35
11.5,315.5,-0.01331945174899684,1.0,33
11.5,316.5,0.06351351351351384,0.8383870987564421,31
11.5,317.5,0.18384399473906768,0.7334457521953335,32
11.5,318.5,0.40796129482570026,0.44595658115373593,32
11.5,319.5,0.3933546937059818,0.4324504235358998,30
11.5,320.5,0.35513028797145607,0.617392769071009,30
11.5,321.5,1.1651046288080449,0.028580768516166685,32
11.5,322.5,0.7083807561486128,0.24755577818020225,34
11.5,323.5,0.226443735658459,0.774848422162878,36
11.5,324.5,0.9556978987993139,0.11789500171022899,31
11.5,325.5,-0.13291976111289716,0.7596537518193331,31
11.5,326.5,0.42873791502362396,0.3771382028423258,33
11.5,327.5,0.4456018518518517,0.4952867602977147,34
11.5,328.5,1.461149131209249,0.06688303453312439,32
11.5,329.5,1.1868990384615383,0.058604418866184914,30
11.5,330.5,0.07512019230769162,0.9457970432721066,31
11.5,331.5,-1.316796755029177,0.015595719905762417,27
11.5,332.5,-0.5517427985043426,0.45366236627030876,30
11.5,333.5,0.19165637744602862,0.7913957365052897,26
11.5,334.5,0.7878352490421453,0.3321321174074414,26
11.5,335.5,1.0729166666666665,0.2170811376500349,26
11.5,336.5,0.9505908378136202,0.31900803011512957,21
11.5,337.5,0.4972690818584091,0.46346928023769907,22
11.5,338.5,0.23159780149589304,0.9671423309063722,17
11.5,339.5,0.22829420934618755,0.3036732148994191,12
11.5,340.5,-0.6911409911048862,0.5371338571769023,12
11.5,341.5,1.02154356060606,0.2104977000553373,10
12.5,50.5,0.5565232618152324,1.0,10
12.5,51.5,1.3156814449917895,0.8580276569875211,10
12.5,52.5,-1.9560955469217414,0.3726914904715183,12
12.5,53.5,0.49314699924031397,0.5840703669455064,14
12.5,54.5,0.6880248163142897,0.8430852292699837,15
12.5,55.5,4.25194560832945,0.016393316888809052,12
12.5,56.5,0.9250372026182495,0.19261627432960227,12
12.5,57.5,-0.5704347710860403,0.5840703669455064,14
12.5,58.5,-0.781572226322058,0.2762784158080178,15
12.5,59.5,-2.6313091648949527,0.013347575926843162,15
12.5,60.5,-0.14854170584776227,0.8368197050512747,17
12.5,61.5,0.02288608551025373,0.9442166279919116,19
12.5,62.5,0.15889815093865783,0.8203382164336169,20
12.5,63.5,-0.13959522545407616,0.6505819869583885,21
12.5,64.5,-0.2684294871794872,0.4719390404163103,24
12.5,65.5,-0.5317540322580645,0.3692092650321579,23
12.5,66.5,-0.134788616978947,0.7098436764690532,24
12.5,67.5,-0.10925974164690322,0.7212260985001633,30
12.5,68.5,0.29599910670080254,0.35311901773888865,28
12.5,69.5,0.2935185122644498,0.29327072669776233,25
12.5,70.5,0.33220606959308535,0.13840976575205344,28
12.5,71.5,0.29846654110562393,0.29505551931395413,28
12.5,72.5,-0.18627450980392143,0.6518692807184261,22
12.5,73.5,-0.028937221932102887,0.944141999801307,25
12.5,74.5,-0.14251290877796816,0.777959384381542,22
12.5,75.5,0.3245762209577999,0.617392769071009,30
12.5,76.5,-0.432072158365262,0.37795959996135176,26
12.5,77.5,-0.01880081300812897,1.0,17
12.5,78.5,0.6344125048393344,0.11170854477524784,35
12.5,79.5,1.1383873929008557,0.008321209667815495,34
12.5,80.5,1.1170454545454547,0.02275519924010994,31
12.5,81.5,0.3070150335775337,0.4060445067036338,36
12.5,82.5,0.6017112581418244,0.03596449870415324,40
12.5,83.5,0.5806399309684123,0.04680582338209154,41
12.5,84.5,0.8761763934399078,0.0006131244435675718,41
12.5,85.5,1.4135654261704684,0.0017920687054321077,40
12.5,86.5,0.6783021813801966,0.016612173242996766,39
12.5,87.5,0.08181890839152242,0.7788649901956481,41
12.5,88.5,-0.0740584334334334,0.7219721517415344,43
12.5,89.5,0.07086882695738142,0.7108952874500365,41
12.5,90.5,-0.10017770151305133,0.7354536181171747,40
12.5,91.5,-0.21699134199134207,0.45325103254848365,39
12.5,92.5,-0.17214459185152942,0.4872648904642325,36
12.5,93.5,-0.03489748129926461,0.927053855932963,37
12.5,94.5,0.21923706237179805,0.24441573431054653,37
12.5,95.5,-0.21109687306820502,0.39416640444789575,35
12.5,96.5,-0.09287925696594379,0.5699960728963258,35
12.5,97.5,-0.22981770833333304,0.21303867828843515,34
12.5,98.5,-2.195701336123678,0.0330185520038006,37
12.5,99.5,-0.10646364189831559,1.0,22
12.5,100.5,0.43060912269628243,0.7260951618325295,25
12.5,101.5,-0.2560888681234423,0.7513001501987963,23
12.5,102.5,-0.49718822843822885,0.2580163179461443,33
12.5,103.5,-0.33404585619452193,0.3720308207396993,38
12.5,104.5,0.13337751749535584,0.600072292463655,40
12.5,105.5,-0.4256518206215466,0.027691398345963878,39
12.5,106.5,-0.3202020823679337,0.0686552999544077,42
12.5,107.5,-0.6354065457080083,0.16538510374217374,42
12.5,108.5,-0.517061065237898,0.20436652918574671,41
12.5,109.5,-0.5060998353655402,0.21686042056605592,43
12.5,110.5,-0.2687741145991744,0.6345230397276371,44
12.5,111.5,-0.29733360146545823,0.5642685185472105,44
12.5,112.5,-0.6096216050963876,0.11694867361133053,44
12.5,113.5,-0.5294766910736524,0.08739348112980251,44
12.5,114.5,-0.5502404251306814,0.09922453406650901,44
12.5,115.5,0.19466652515858962,0.42427491772837767,44
12.5,116.5,-0.10708596791701866,0.7538688170084293,44
12.5,117.5,-0.3230160133206843,0.14808199944763661,44
12.5,118.5,-0.664626338368143,0.006125901708726228,44
12.5,119.5,-0.20698743845725645,0.5780164317724827,44
12.5,120.5,0.178417931073186,0.6932442366215537,44
12.5,121.5,0.2095064056303656,0.4360985999947923,44
12.5,122.5,-0.03191530630168321,0.9435570622791808,44
12.5,123.5,0.4851803958229477,0.05857536389703457,44
12.5,124.5,-0.04301571865675037,0.9596671236749724,44
12.5,125.5,-0.7610923191906726,0.025400811472118725,44
12.5,126.5,-0.6206305407194355,0.09514646070579075,44
12.5,127.5,-0.6830760846105601,0.11694867361133053,44
12.5,128.5,-1.129702563042501,0.006513664827890087,44
12.5,129.5,-1.3305650905173803,0.00031808912635783204,43
12.5,130.5,-0.8351199654961894,0.011127159881616682,44
12.5,131.5,-0.6882677309178022,0.05857536389703457,44
12.5,132.5,-0.6769545977577995,0.012481772250117918,44
12.5,133.5,-0.4315404353994346,0.15383630866989784,44
12.5,134.5,-0.15081516870022682,0.6201774624706455,44
12.5,135.5,-0.2646431833117943,0.24477263865521393,44
12.5,136.5,-0.418930865148876,0.014787692039114913,44
12.5,137.5,-0.9441816835213807,0.0050841895799981695,44
12.5,138.5,-0.7181035872722586,0.003698506792239644,44
12.5,139.5,-0.7886255748098767,0.013212326960096164,44
12.5,140.5,-0.655543869468441,0.034525447755673386,44
12.5,141.5,-0.6816838763529209,0.0050841895799981695,44
12.5,142.5,-0.2814403891748051,0.29751878206452487,44
12.5,143.5,0.02210173488519714,0.9435570622791808,44
12.5,144.5,0.10073895721333291,0.6059749796211158,44
12.5,145.5,0.29882464349376137,0.346250063352757,43
12.5,146.5,-0.438182237482696,0.09822173608073281,43
12.5,147.5,-0.22857750651315162,0.3741826491069974,42
12.5,148.5,-0.4256780569355148,0.08739348112980251,44
12.5,149.5,-0.28645211259472786,0.22101797270992485,44
12.5,150.5,-0.4075835783575481,0.14249360131085043,44
12.5,151.5,-0.10344780743671772,0.5642685185472105,44
12.5,152.5,-0.4049491124364245,0.0345139910383244,43
12.5,153.5,-0.5286824180502341,0.005530845036846027,42
12.5,154.5,-0.48453375741322136,0.012746657575597774,43
12.5,155.5,-0.30751219028938287,0.09569390835163932,40
12.5,156.5,0.06229318679140259,0.7788649901956481,41
12.5,157.5,0.157376444461252,0.4488598208640492,40
12.5,158.5,-0.20604309666809617,0.48141616651791197,38
12.5,159.5,-0.5981264120997648,0.008567285246380814,37
12.5,160.5,-0.6373142534168035,0.016322031350919017,33
12.5,161.5,-0.27725277131615655,0.11609185700722142,34
12.5,162.5,-0.2005979966428259,0.35803517004775176,34
12.5,163.5,-0.37873305780051814,0.049740271332769974,32
12.5,164.5,-0.019770688999592778,0.8918439412522506,31
12.5,165.5,-0.2271499863275916,0.31774734769908775,30
12.5,166.5,-0.35299784498502434,0.24778083040054255,31
12.5,167.5,-0.37523148148148167,0.18675613776082567,30
12.5,168.5,-0.38547279130210244,0.06597204534764686,29
12.5,169.5,0.014204545454545456,1.0,27
12.5,170.5,-0.12556504790896117,0.5593049468922573,25
12.5,171.5,-0.17935179002421353,0.6732623633112398,24
12.5,172.5,-0.4403142504901658,0.04452052408764619,24
12.5,173.5,-0.6026205963292187,0.04452052408764619,24
12.5,174.5,-0.5618346078872394,0.18666052241558184,23
12.5,175.5,0.3478266709649694,0.3975873918299724,22
12.5,176.5,0.07022405660377373,0.8740921801633091,23
12.5,177.5,0.06009557513602008,0.8621556082271453,24
12.5,178.5,0.40088804824435376,0.4555354119407532,20
12.5,179.5,0.3933473868516002,0.27677828159521944,21
12.5,180.5,0.0384176926584594,0.9550264552939917,22
12.5,181.5,-0.587121212121211,0.07250866728742084,23
12.5,182.5,0.030581667900320277,0.9158665384265181,23
12.5,183.5,-0.2903419922261838,0.6024416860423838,24
12.5,184.5,0.569078655580904,0.169645513311097,23
12.5,185.5,0.10309000861326467,0.6518692807184261,22
12.5,186.5,0.04586397887122044,0.975910003234818,21
12.5,187.5,-0.06768676673567961,0.9671423309063722,17
12.5,188.5,-0.6090753424657533,0.08144297973908005,18
12.5,189.5,0.5104834401709405,0.20785680345658664,19
12.5,190.5,0.7511653534092679,0.16168621659204063,19
12.5,191.5,1.5644303926054204,0.04276342583319385,16
12.5,192.5,0.027358275030547823,0.9671423309063722,17
12.5,193.5,0.15178902484241696,0.8202167495096627,18
12.5,194.5,-1.0171083627797415,0.20785680345658664,19
12.5,195.5,-2.1965351111624747,0.12371517875173883,19
12.5,196.5,-0.7481016080006547,0.5376032363488861,20
12.5,197.5,-0.5073702402218393,0.34341948718274173,17
12.5,198.5,-0.7674923579625982,0.44148821101397295,19
12.5,199.5,-0.2491198828110709,0.6264962743469109,20
12.5,200.5,0.03155921649755647,0.8799878558277134,21
12.5,201.5,-0.24439972568222282,0.7702877264736667,20
12.5,202.5,-0.5376665728228222,0.7264469840368603,19
12.5,203.5,-0.45677936224289917,0.6494456692174662,18
12.5,204.5,-0.9319873244312806,0.19412668587809967,21
12.5,205.5,-0.7204042745681485,0.38118730498775844,21
12.5,206.5,-0.15614040251754258,0.8203382164336169,20
12.5,207.5,-0.33730267362329514,0.6077081401081054,21
12.5,208.5,0.29509806580239506,0.7397638077281241,21
12.5,209.5,-0.026979450458354173,1.0,22
12.5,210.5,0.10094696969696948,0.9158665384265181,23
12.5,211.5,0.10568858225108255,0.8600328045734927,26
12.5,212.5,-0.05549863387978249,1.0,26
12.5,213.5,1.1182346154438325,0.08557050563653738,26
12.5,214.5,0.9058108108108115,0.15631053721479246,27
12.5,215.5,0.03347168422746058,0.9850341097366097,29
12.5,216.5,0.581766531951031,0.3007717594347785,30
12.5,217.5,0.6941389837184875,0.3767967991819644,31
12.5,218.5,-0.20476833153121177,0.8162147751081346,33
12.5,219.5,0.8399966261808363,0.10545516969719615,35
12.5,220.5,1.3520559210526315,0.06641490832840093,31
12.5,221.5,1.450170150898018,0.03932623938872623,33
12.5,222.5,0.8413496017830702,0.23284204679391485,33
12.5,223.5,0.5658940849571792,0.45455525621868176,31
12.5,224.5,0.19064659353376437,0.6908954991268498,35
12.5,225.5,0.017059553349876373,1.0,34
12.5,226.5,0.15978813744758763,0.8037485428824773,37
12.5,227.5,-0.743156761854614,0.20946154334050293,33
12.5,228.5,0.6218496557669229,0.31389928595925765,37
12.5,229.5,-0.6784268639782618,0.4101196678534941,35
12.5,230.5,0.26094439748285697,0.614239541598542,34
12.5,231.5,-0.06450266914164283,0.8649901175825423,37
12.5,232.5,-0.19842890900891802,0.7835801504291398,37
12.5,233.5,-0.33885579550561096,0.507532735474822,41
12.5,234.5,-0.13849926555778946,0.7961487032320338,41
12.5,235.5,0.5749891644064713,0.2689803649247009,42
12.5,236.5,0.5497431771006185,0.26835952882925296,40
12.5,237.5,0.5158677800187217,0.20917019225053202,43
12.5,238.5,0.19187410299444815,0.5780164317724827,44
12.5,239.5,-0.5628899741220764,0.2496515050691538,43
12.5,240.5,0.3589464782461612,0.42427491772837767,44
12.5,241.5,0.3340526044708698,0.5029936375635133,43
12.5,242.5,0.10476891832235186,0.8476082739456742,44
12.5,243.5,0.09566558584674414,0.8794125662732877,44
12.5,244.5,-0.3406196205978841,0.49799010072042804,44
12.5,245.5,0.4010257024342955,0.42427491772837767,44
12.5,246.5,-0.041443918178354675,0.9499317198507831,43
12.5,247.5,0.06131396649670309,0.8953913275963306,44
12.5,248.5,-0.0977674398521802,0.8317953693672806,44
12.5,249.5,-0.28009614270266464,0.6059749796211158,44
12.5,250.5,-0.018054467499768023,0.9919301238572449,44
12.5,251.5,0.12278140477125024,0.7385526280584778,44
12.5,252.5,-0.47072857420582176,0.25307527931601204,44
12.5,253.5,-0.2997656864275299,0.28823680135136065,44
12.5,254.5,-0.33777432965011855,0.33662512075788886,44
12.5,255.5,-0.26380285092778943,0.4481100203468621,44
12.5,256.5,-0.386930187417974,0.31667600886647385,44
12.5,257.5,-0.7638864185687266,0.029662624945470544,44
12.5,258.5,-0.6810238116859274,0.06714809952404507,44
12.5,259.5,-0.522934599508475,0.09120375437746786,44
12.5,260.5,-0.31708546871207666,0.2134795926554277,44
12.5,261.5,-0.38152535768857343,0.17211938190333276,44
12.5,262.5,-0.7474833177660544,0.013212326960096164,44
12.5,263.5,-0.4197079492939455,0.12920748707657007,42
12.5,264.5,-0.24804141796965207,0.2506536089538406,42
12.5,265.5,-0.443599037281018,0.12652460633655835,43
12.5,266.5,-0.3798288146434936,0.10042517436963748,40
12.5,267.5,-0.2821048845262742,0.12693877134651707,40
12.5,268.5,0.24032873131103916,0.2045653965108014,37
12.5,269.5,0.518531471728477,0.24958080203971644,32
12.5,270.5,0.6826636904761909,0.1495902257394682,33
12.5,271.5,0.7994025554065781,0.29198463590975887,31
12.5,272.5,0.6013257575757569,0.4324504235358998,30
12.5,273.5,-0.16861803629590957,0.8584237820523384,32
12.5,274.5,1.3107582614321118,0.05276960196901777,33
12.5,275.5,0.19312952005259595,0.6565125016248674,34
12.5,276.5,-0.0008420446681734772,1.0,34
12.5,277.5,-0.03926287023248154,0.9252757299002273,29
12.5,278.5,-0.060894159170295836,0.777959384381542,22
12.5,279.5,0.11284722222222222,0.6518692807184261,22
12.5,280.5,-0.05840680225835426,0.4179302333168975,28
12.5,281.5,0.08969763372116096,0.498219385345291,25
12.5,282.5,-0.1869508745275031,0.23628916450237403,22
12.5,283.5,-0.022172520693670962,0.7916993472718744,23
12.5,284.5,0.017800515786965575,0.9070384808036948,25
12.5,285.5,0.31895140141508155,0.13026223878322818,24
12.5,286.5,0.40008501089568393,0.05294872262020314,24
12.5,287.5,-0.016332208052013013,0.9158665384265181,23
12.5,288.5,-0.4949494949494948,0.1019484791528631,22
12.5,289.5,-0.34168784740367714,0.40110257289194073,19
12.5,290.5,-0.015949959131778192,0.9442166279919116,19
12.5,291.5,0.06269755380930936,0.9482355090600063,20
12.5,292.5,0.09114583333333315,0.566590311939465,26
12.5,293.5,0.05268711629292168,0.6851751854528196,32
12.5,294.5,-0.05583157705335147,0.7827940862749598,32
12.5,295.5,-0.24246901640518687,0.3427404657152944,34
12.5,296.5,-0.015022535602036405,0.96292509372887,33
12.5,297.5,-0.113435694440574,0.7684569726000503,33
12.5,298.5,-0.2855332846315406,0.11011795401290479,31
12.5,299.5,0.04680670680305341,0.8649901175825423,37
12.5,300.5,-0.06461880510793587,0.7668567682388833,34
12.5,301.5,-0.17088442330740666,0.4602261776270049,35
12.5,302.5,-0.031522382319556744,0.9095458052651214,35
12.5,303.5,0.06013318356867803,0.8355864341125854,34
12.5,304.5,0.05696132238643153,0.757996646747342,32
12.5,305.5,0.15638009362401145,0.5252517359771474,33
12.5,306.5,-0.051801632612179516,0.9055957937612324,34
12.5,307.5,0.07105317283335881,0.7443201343805719,34
12.5,308.5,-0.3075169161044776,0.6946868300138667,30
12.5,309.5,-0.11106987343332572,0.6037644054957756,32
12.5,310.5,-0.17925050552517668,0.570323002920078,32
12.5,311.5,-0.025586333458682015,0.9353765292166933,32
12.5,312.5,0.1653645867449146,0.6851751854528196,32
12.5,313.5,0.01282230506368412,0.9773408399028476,35
12.5,314.5,0.5016352694924121,0.5335299141597474,34
12.5,315.5,1.0739187654830715,0.013860537013784388,34
12.5,316.5,0.952327987528782,0.0267119853796748,33
12.5,317.5,-0.13692198288437232,0.7668567682388833,34
12.5,318.5,0.22053984788359315,0.5894353805253721,35
12.5,319.5,-0.184444543638196,0.744891472543834,33
12.5,320.5,-0.27675693854789996,0.6833368087995224,31
12.5,321.5,0.4731879046391377,0.40435063820524453,27
12.5,322.5,0.21355042016806766,0.6685166224807093,30
12.5,323.5,-0.06221353643286204,0.9527149346506575,34
12.5,324.5,0.21723337352052605,0.6309950399173054,33
12.5,325.5,0.07913795683258856,0.9876377419871504,33
12.5,326.5,0.8476786909450934,0.20524714408164557,36
12.5,327.5,0.5600649350649354,0.4145985082462331,31
12.5,328.5,0.30287147113788554,0.6756918645043961,33
12.5,329.5,0.715728715728716,0.14894602437860588,32
12.5,330.5,0.009094586441421804,0.9728828650934778,31
12.5,331.5,-0.25764976482533325,0.757639735211381,26
12.5,332.5,0.4797707889125803,0.35900429696743286,27
12.5,333.5,0.4438920454545454,0.40435063820524453,27
12.5,334.5,0.23747537292428933,0.7849697273207377,24
12.5,335.5,1.120761217948719,0.1724913614849527,24
12.5,336.5,1.4075614307653852,0.07112672748994048,22
12.5,337.5,-0.05947211877304646,0.9297445787752688,26
12.5,338.5,-1.1558249170296029,0.31452486905097243,20
12.5,339.5,-0.20723070417131656,1.0,14
12.5,340.5,-1.1938443072702334,0.5334165134726944,11
12.5,341.5,-0.38054152637485966,0.8762696636277617,11
13.5,51.5,-0.07183908045976971,1.0,11
13.5,53.5,2.046130952380952,0.35020138917929566,11
13.5,54.5,1.008926344390461,0.7554968749288828,11
13.5,55.5,0.817737242434079,0.6693340144640527,13
13.5,56.5,-0.6660145734300537,0.8370114751054462,12
13.5,57.5,-5.955022385193418,0.01951748118217775,11
13.5,58.5,-5.508594613591096,0.04296014602842502,11
13.5,59.5,-1.4513292205100636,0.5021582515007486,13
13.5,60.5,0.2717588011068963,0.7425568219265776,14
13.5,61.5,0.7406650778877546,0.1888874775395376,14
13.5,62.5,-0.10266027245767625,0.9671423309063722,17
13.5,63.5,-0.03452410704890178,0.9741177473553713,20
13.5,64.5,0.0068946039340763345,1.0,22
13.5,65.5,-0.646367138571039,0.09799379060302298,20
13.5,66.5,-1.1395902700702918,0.10754282889930056,19
13.5,67.5,-0.07995290394237381,0.6024416860423838,24
13.5,68.5,0.443065065096045,0.1821375864449275,27
13.5,69.5,0.5149304330042879,0.1542575118326619,25
13.5,70.5,0.22171416172902889,0.5911541483740381,25
13.5,71.5,-0.10641001207038941,0.8255475691294885,26
13.5,72.5,-0.010332321187584297,1.0,29
13.5,73.5,0.2842374309616633,0.24520258402450212,33
13.5,74.5,-1.3588622025366104,0.12783672945149901,22
13.5,75.5,-0.23457070707070843,0.8365263661204166,29
13.5,76.5,-0.36917304992675765,0.7618733947779845,18
13.5,77.5,-0.7828489245506454,0.48410753779266247,19
13.5,78.5,0.8835308908045975,0.015529473461965253,29
13.5,79.5,0.295682354202403,0.5865203757130351,31
13.5,80.5,0.6851436914069953,0.23601041334390283,36
13.5,81.5,0.4971385006147674,0.2455200156805981,39
13.5,82.5,0.2549999999999997,0.3331693388353718,39
13.5,83.5,1.0326030344202901,0.009470720241393681,41
13.5,84.5,0.8724793865202278,0.022854883584979054,42
13.5,85.5,0.8172628786764888,0.010723675801034971,40
13.5,86.5,0.5388656681760118,0.0994998537797868,42
13.5,87.5,0.6366815476190466,0.023503636075656406,42
13.5,88.5,0.2177237808061053,0.21686042056605592,43
13.5,89.5,-0.20770910709045487,0.3871160541691657,41
13.5,90.5,-0.003533728832442555,1.0,42
13.5,91.5,-0.10823615160349828,0.6526832370013438,43
13.5,92.5,0.04672925779900063,0.8135330043961142,41
13.5,93.5,-0.10999217062470437,0.3759635132769804,36
13.5,94.5,-0.1563101235174248,0.31389928595925765,37
13.5,95.5,-0.31153792327832336,0.1305544066089274,36
13.5,96.5,-0.16724896480331286,0.39416640444789575,35
13.5,97.5,-0.2647569444444449,0.3898895337647029,34
13.5,98.5,-0.18047138047138067,0.7856661000859302,31
13.5,99.5,-0.17949267799276475,0.6505819869583885,21
13.5,100.5,-0.7513020833333334,0.12494881685497079,30
13.5,101.5,-0.7456746519246493,0.07869133608833012,28
13.5,102.5,-0.5371527777777771,0.2900579790352388,26
13.5,103.5,-0.03308248181901834,0.9806980673807666,39
13.5,104.5,0.03677598691264311,0.9136991092503179,42
13.5,105.5,0.07859784940760979,0.6804707785321866,42
13.5,106.5,-0.14852178385894715,0.4852496795837916,44
13.5,107.5,-0.3919860627177682,0.12652460633655835,43
13.5,108.5,-0.5188901505213561,0.2762780286051475,39
13.5,109.5,-0.5936444425804055,0.233217008256964,42
13.5,110.5,-0.3696004827434862,0.3793495934816995,43
13.5,111.5,-0.4210985146108795,0.37889136985202754,44
13.5,112.5,-0.5202569712676013,0.19198145170097425,44
13.5,113.5,-0.7435573233754811,0.04631516494439469,44
13.5,114.5,-0.8849719630546954,0.0031649208808236014,43
13.5,115.5,-0.1449456975772764,0.67549619466395,43
13.5,116.5,-0.50659283756473,0.09514646070579075,44
13.5,117.5,-0.5482201083594418,0.0400536452470366,44
13.5,118.5,-0.7338558576779285,0.05338122053679904,44
13.5,119.5,-0.3485529469067778,0.2366630608439486,44
13.5,120.5,-0.12596417497889073,0.7385526280584778,44
13.5,121.5,0.2864466610193147,0.49799010072042804,44
13.5,122.5,-0.1524415285812002,0.5780164317724827,44
13.5,123.5,0.018282516657646353,0.9919301238572449,44
13.5,124.5,0.15338898913514667,0.7082349133954652,44
13.5,125.5,-0.2491559245872526,0.37889136985202754,44
13.5,126.5,-0.5331968880964034,0.20612854539193903,44
13.5,127.5,-0.5907772678270526,0.14249360131085043,44
13.5,128.5,-0.8658704576549647,0.016526307625580862,44
13.5,129.5,-0.5354666936714546,0.05093195717645382,44
13.5,130.5,-0.08823296015922871,0.863482766117042,44
13.5,131.5,0.03989099767019061,0.8794125662732877,44
13.5,132.5,-0.8292759806582878,0.005412131241279893,44
13.5,133.5,-0.8445626244396215,0.006513664827890087,44
13.5,134.5,-0.4859116044227702,0.1658526005713854,44
13.5,135.5,-0.16036200335029233,0.6059749796211158,44
13.5,136.5,-0.32025510817441283,0.17856166166885756,44
13.5,137.5,-0.5721463971397265,0.18518164530957248,44
13.5,138.5,-0.7788988251730296,0.034525447755673386,44
13.5,139.5,-0.812504545200607,0.008294946910975274,44
13.5,140.5,-0.4949360081664118,0.20612854539193903,44
13.5,141.5,-0.36283359719258196,0.25307527931601204,44
13.5,142.5,-0.15696547991509227,0.6345230397276371,44
13.5,143.5,0.2893288297286557,0.26157210159429045,44
13.5,144.5,0.2653404883390384,0.5239955384561089,44
13.5,145.5,-0.045059258977133504,0.7233394974219045,44
13.5,146.5,-0.13980121735170387,0.49799010072042804,44
13.5,147.5,-0.20344218071490833,0.3150507838438277,43
13.5,148.5,-0.3456799715758945,0.1318042280915117,44
13.5,149.5,-0.22527599512775964,0.32523868110605725,43
13.5,150.5,-0.29018385548571973,0.22101797270992485,44
13.5,151.5,0.17112961351862244,0.4852496795837916,44
13.5,152.5,-0.2143160952211367,0.24182473164655216,42
13.5,153.5,-0.15981100067147097,0.3174835513106081,41
13.5,154.5,-0.1193498219796634,0.600072292463655,40
13.5,155.5,-0.24838971077127664,0.1861143787191537,42
13.5,156.5,-0.2853781213943326,0.1833022339925804,39
13.5,157.5,-0.1766865036304789,0.3696497329509345,40
13.5,158.5,-0.25981084390974996,0.351206894526375,41
13.5,159.5,-0.4372559435681725,0.06594156141642833,36
13.5,160.5,-0.3315367749170456,0.153984399663931,37
13.5,161.5,-0.0746556651564684,0.6352273936721516,34
13.5,162.5,-0.2002171643520831,0.39416640444789575,35
13.5,163.5,-0.4742296453107866,0.06153857004702124,31
13.5,164.5,0.1303689638938529,0.6101267703127584,31
13.5,165.5,0.07457673352186124,0.7784259141888469,29
13.5,166.5,0.06271858651260881,0.7498121637483278,29
13.5,167.5,-0.3677854683952244,0.03228018992415161,30
13.5,168.5,-0.4846377164347579,0.023086525936651767,28
13.5,169.5,-0.08045632111575142,0.6391042707127212,29
13.5,170.5,-0.0029528330971359514,1.0,28
13.5,171.5,-0.43439922480620186,0.1688538160168197,27
13.5,172.5,-0.2068476856203011,0.31699523656062345,27
13.5,173.5,-0.30049165414398715,0.2170811376500349,26
13.5,174.5,-0.25468028378134366,0.1542575118326619,25
13.5,175.5,-0.18569393569393605,0.5351853194474852,24
13.5,176.5,-0.025411822754365536,0.8740921801633091,23
13.5,177.5,-0.044752747252746895,0.6930118863702326,22
13.5,178.5,-0.11014102436516217,0.6117600292546322,22
13.5,179.5,-0.3125,0.23628916450237403,22
13.5,180.5,-0.04118745709642941,0.9101956836196836,22
13.5,181.5,-0.3172803901092349,0.3692092650321579,23
13.5,182.5,-0.1259916464894941,0.8335157043083458,25
13.5,183.5,-0.4485029108147399,0.38118730498775844,21
13.5,184.5,0.3213680229412488,0.33335824348826115,24
13.5,185.5,-0.01281091140159767,0.9802109790485439,24
13.5,186.5,-0.035500150766093724,0.9224620671867602,20
13.5,187.5,-0.13877324718850553,0.7108359248149255,17
13.5,188.5,0.1803989738268555,0.5583509093759852,16
13.5,189.5,1.0705368973164187,0.07651365424139898,17
13.5,190.5,1.216762801675013,0.06378663704794149,17
13.5,191.5,0.9718195735018842,0.2762784158080178,15
13.5,192.5,0.46616820279172533,0.4884223166225936,15
13.5,193.5,-0.12023077931611344,0.7526419827681854,16
13.5,194.5,-0.1379456706281832,0.8337352412499334,19
13.5,195.5,-0.2079530744336573,0.8795727890074994,18
13.5,196.5,-0.9163533834586468,0.5526151250628484,15
13.5,197.5,-0.9507860993085431,0.06378663704794149,17
13.5,198.5,-0.9809983786098875,0.09245959511086128,15
13.5,199.5,-0.17178362573099434,0.8795727890074994,18
13.5,200.5,-0.5310562086312698,0.4873503903353207,21
13.5,201.5,-1.520549970431697,0.20785680345658664,19
13.5,202.5,-1.8327979640079286,0.03580506484519106,19
13.5,203.5,-0.18356300853674862,0.7702877264736667,20
13.5,204.5,-0.08491909396524594,0.9741177473553713,20
13.5,205.5,-0.6091666666666669,0.2673270197885057,23
13.5,206.5,-0.6049458122887174,0.3492193427947422,21
13.5,207.5,-0.4282476218787158,0.3668796006462124,22
13.5,208.5,-0.01734203296703268,0.9578745987779059,23
13.5,209.5,1.1963940514828084,0.07435290536856357,20
13.5,210.5,0.7299930802519067,0.1629844132966407,20
13.5,211.5,0.34890586751724745,0.5612202073936174,23
13.5,212.5,-0.17845049851204,0.747106327334731,24
13.5,213.5,0.7707945436825967,0.35874300337869447,24
13.5,214.5,1.0060908032027664,0.058523973520625175,25
13.5,215.5,-0.2576712865298445,0.6238124360692694,25
13.5,216.5,1.2573046874999996,0.0635295354198279,30
13.5,217.5,1.04565682739973,0.07712322019197045,31
13.5,218.5,0.6239430229421982,0.3779775180071052,29
13.5,219.5,1.1066660170329534,0.054000651353365896,30
13.5,220.5,0.653156052113363,0.2364918152910518,32
13.5,221.5,0.6333845208845222,0.3078304301336964,31
13.5,222.5,0.7440657175032175,0.29198463590975887,31
13.5,223.5,1.3705545287728005,0.01713404545555564,32
13.5,224.5,1.0687926896003639,0.10375550597046108,33
13.5,225.5,0.6334487818115754,0.09733721658459213,33
13.5,226.5,0.6169050211815966,0.1495902257394682,33
13.5,227.5,0.4260373248475401,0.17831360778170335,32
13.5,228.5,-0.0920055962542854,0.8588067571357121,34
13.5,229.5,0.3438587482497345,0.5894353805253721,35
13.5,230.5,0.023389261135770695,0.9895648601306644,37
13.5,231.5,0.12249328616144381,0.8405809140670598,38
13.5,232.5,-0.027492129231696645,0.942139359457642,39
13.5,233.5,-0.33804086538461675,0.546208417913761,38
13.5,234.5,0.7779840264829014,0.07914698089077801,42
13.5,235.5,0.49943684722049214,0.29622163753056174,41
13.5,236.5,0.26681788881353097,0.661353237644444,41
13.5,237.5,0.5025638074778789,0.2506536089538406,42
13.5,238.5,0.5610771009962269,0.2764169138485879,43
13.5,239.5,0.770709611392989,0.13725539302831113,43
13.5,240.5,0.7992123299136196,0.13180538892839125,43
13.5,241.5,0.558142293331353,0.22874529700344437,44
13.5,242.5,0.11383044868941589,0.8317953693672806,44
13.5,243.5,-0.2458853969506123,0.4126408006212513,44
13.5,244.5,-0.3038909961054318,0.4852496795837916,44
13.5,245.5,-0.3319698569082803,0.43866997611941727,43
13.5,246.5,-0.09450020201275812,0.7692824541886295,44
13.5,247.5,-0.38362533852666275,0.4360985999947923,44
13.5,248.5,-0.3606602722983938,0.24477263865521393,44
13.5,249.5,-0.4092059158187042,0.12174702987918576,44
13.5,250.5,-0.2979116745775757,0.2791520888849168,44
13.5,251.5,0.2076764066177874,0.33662512075788886,44
13.5,252.5,0.04296114138340745,0.8317953693672806,44
13.5,253.5,-0.29919199321810885,0.3680301373661422,44
13.5,254.5,-0.0020402820862066573,1.0,44
13.5,255.5,0.18526551789754347,0.47268784744188586,44
13.5,256.5,-0.2450174448044099,0.3680301373661422,44
13.5,257.5,-0.4638364682642543,0.11694867361133053,44
13.5,258.5,-0.4708006248459722,0.25307527931601204,44
13.5,259.5,-0.7519775008769782,0.06132588291809085,44
13.5,260.5,-0.2727566276172775,0.29751878206452487,44
13.5,261.5,-0.3365157900714495,0.06714809952404507,44
13.5,262.5,-0.5274854093813459,0.0420558851936368,44
13.5,263.5,-0.18572267648944746,0.4897429301593238,43
13.5,264.5,-0.012884223596319577,0.9757936732598803,44
13.5,265.5,-0.1295191314778249,0.5919199160567152,44
13.5,266.5,-0.3398606132439097,0.1678813518323119,39
13.5,267.5,-1.3215034634450658,0.014455088048350485,37
13.5,268.5,-1.0600288694002802,0.015537886169473053,37
13.5,269.5,-0.49822695035460995,0.07051595370626552,34
13.5,270.5,0.4635959201388884,0.37859457687479137,35
13.5,271.5,-0.7425819736852088,0.14102919353281582,33
13.5,272.5,-0.035919540229885166,0.9763470765264379,34
13.5,273.5,-0.05681818181818182,0.8588067571357121,34
13.5,274.5,0.30902314196706726,0.39416640444789575,35
13.5,275.5,0.1838752089132414,0.45597179082236294,37
13.5,276.5,-0.25089026929515434,0.28580934018510085,34
13.5,277.5,-0.17682535681650796,0.5864526254323217,29
13.5,278.5,0.05456349206349235,0.8656490997057351,22
13.5,279.5,0.4765870233086219,0.057229635732857484,23
13.5,280.5,0.10182014281515062,0.3382878549727658,25
13.5,281.5,0.13287672578404697,0.2684125627342089,29
13.5,282.5,0.09381217281263457,0.1542575118326619,25
13.5,283.5,-0.06655083988372938,0.5911541483740381,25
13.5,284.5,0.03887046671166239,0.7260951618325295,25
13.5,285.5,-0.009600712417300095,0.944141999801307,25
13.5,286.5,0.14676947820754274,0.5533074517643752,28
13.5,287.5,0.08144155456125796,0.6732623633112398,24
13.5,288.5,-0.0843173766323913,0.777959384381542,22
13.5,289.5,-0.04294628624746426,1.0,23
13.5,290.5,0.21901733748083957,0.7260951618325295,25
13.5,291.5,0.4804073451374069,0.05512169907077396,27
13.5,292.5,0.23071127790745674,0.17512514633807796,30
13.5,293.5,0.06049714265046298,0.6565125016248674,34
13.5,294.5,0.008142148337098164,0.9876377419871504,33
13.5,295.5,0.024609437270843203,0.8821498665400751,34
13.5,296.5,-0.007606597280510338,0.9546999508650751,35
13.5,297.5,0.04108236508579077,0.7684569726000503,33
13.5,298.5,0.07262573078222948,0.6999147656727215,34
13.5,299.5,-0.10375132397831252,0.7540675143570155,36
13.5,300.5,0.03016049329485819,0.8588067571357121,34
13.5,301.5,0.0669169206443776,0.7982398124572034,35
13.5,302.5,0.06891686424466519,0.8808988697656468,36
13.5,303.5,0.16723851845460327,0.5216102816326905,37
13.5,304.5,0.05005234897837907,0.7684569726000503,33
13.5,305.5,0.010904856013551623,0.9055957937612324,34
13.5,306.5,0.06544177569269853,0.7827940862749598,32
13.5,307.5,0.33576899105696195,0.41153015108926394,33
13.5,308.5,0.431966687907109,0.22389580114431484,32
13.5,309.5,0.1997192772457801,0.47672905828844614,34
13.5,310.5,0.2067433192534452,0.545656108406517,33
13.5,311.5,0.17903973615448265,0.614239541598542,34
13.5,312.5,0.8558490092346409,0.053957496549771965,34
13.5,313.5,0.6728075134122014,0.07185648599690277,32
13.5,314.5,0.49380165321223113,0.24778083040054255,31
13.5,315.5,0.3543257316991495,0.23563988710649852,34
13.5,316.5,0.22133330076216445,0.5935629766221353,34
13.5,317.5,-0.20303780691964257,0.5952698888863501,36
13.5,318.5,-0.14495798319327705,0.5335299141597474,34
13.5,319.5,-0.05609397449712613,0.8955329031670437,29
13.5,320.5,0.39952948820565914,0.3779775180071052,29
13.5,321.5,0.35627905365711343,0.41989889923791546,29
13.5,322.5,0.2815169754061236,0.6151681449180015,32
13.5,323.5,0.37644380348715645,0.2992115611491839,33
13.5,324.5,0.1991504355953659,0.570323002920078,32
13.5,325.5,0.03865194211728884,0.8865048064138312,30
13.5,326.5,0.41819291819291793,0.4977975765265772,30
13.5,327.5,1.0033793355082414,0.0687917281714642,30
13.5,328.5,0.21508471074380126,0.7827940862749598,32
13.5,329.5,0.24328399122807082,0.568058623631595,30
13.5,330.5,-0.46256003600827544,0.5359057917615426,29
13.5,331.5,-0.1915209255013247,0.8233490121001951,24
13.5,332.5,0.6616725637623457,0.45960782304895875,23
13.5,333.5,0.5073992318656955,0.3692092650321579,23
13.5,334.5,0.9010283801020412,0.23628916450237403,22
13.5,335.5,1.3523809523809533,0.006355087077525328,19
13.5,336.5,-0.34118617326448747,0.7264469840368603,19
13.5,337.5,0.6906223340019467,0.4953662988030888,18
13.5,338.5,-0.925636340697769,0.4440436396628866,16
13.5,339.5,-0.06513157894736715,1.0,15
13.5,340.5,-1.0032894736842106,0.28313087066234666,10
14.5,54.5,2.0186564173713677,0.5915050369949166,10
14.5,55.5,0.09336419753086349,1.0,10
14.5,56.5,-1.5732662021420136,0.15240628395674932,10
14.5,57.5,-0.3971962616822427,0.8580276569875211,10
14.5,58.5,0.8695547220447035,0.640428787412791,11
14.5,59.5,0.12960665710476998,0.8580276569875211,10
14.5,60.5,-1.0222461798991813,0.8580276569875211,10
14.5,61.5,-1.2341024709302324,0.21291190281150452,11
14.5,62.5,0.26023910984848475,0.7526419827681854,16
14.5,63.5,-0.34375,0.36331590966639116,18
14.5,64.5,-0.18648570879557924,0.6946444974614776,21
14.5,65.5,0.04152097902097877,0.9550264552939917,22
14.5,66.5,-0.13459994638037404,0.7098436764690532,24
14.5,67.5,0.028341274210426093,0.9169652366288644,27
14.5,68.5,0.8471152223868994,0.07220184758805664,28
14.5,69.5,0.7352917812940124,0.04089147382776317,29
14.5,70.5,0.364404277425365,0.22814629250030505,28
14.5,71.5,0.6250526670228268,0.0706988181459461,26
14.5,72.5,0.5964130434782611,0.0687917281714642,30
14.5,73.5,0.5458142639206708,0.40226723126443065,26
14.5,74.5,-0.024681913687301105,0.9728828650934778,31
14.5,75.5,0.10327105379188585,0.8621556082271453,24
14.5,76.5,0.42875661542338694,0.49946120310401465,16
14.5,77.5,-0.2760780885780889,0.5995101785600032,19
14.5,78.5,0.3260916531538444,0.372365302198027,30
14.5,79.5,-0.0137179762179758,1.0,32
14.5,80.5,0.5125661375661374,0.21303867828843515,34
14.5,81.5,0.6281049679487177,0.28709103347587495,39
14.5,82.5,0.7459986544840105,0.0994998537797868,42
14.5,83.5,0.3563322235826373,0.31075456042524163,40
14.5,84.5,0.7702479096534077,0.09569390835163932,40
14.5,85.5,0.48610832430573153,0.26835952882925296,40
14.5,86.5,0.15473143729474548,0.7354536181171747,40
14.5,87.5,0.2551819633149274,0.507532735474822,41
14.5,88.5,0.32027298680259225,0.30833848049191526,42
14.5,89.5,-0.2868562535370686,0.3741826491069974,42
14.5,90.5,-0.38010338989551834,0.19647045178774414,41
14.5,91.5,-0.18699596774193558,0.5300529217566404,43
14.5,92.5,-0.06328076446155606,0.8248046168337547,40
14.5,93.5,-0.14488978926037843,0.32678580538480595,38
14.5,94.5,0.03095674937570592,0.9062974979468705,37
14.5,95.5,0.11551649237009987,0.6142802922561134,36
14.5,96.5,-0.10838456736911498,0.5680669608513922,40
14.5,97.5,-0.3020301882189164,0.3971171572571701,39
14.5,98.5,-0.6839155146342499,0.3771382028423258,33
14.5,99.5,-0.7351190476190468,0.0873682521331009,27
14.5,100.5,-0.018601190476191323,0.777959384381542,22
14.5,101.5,0.2047801329555365,0.5359057917615426,29
14.5,102.5,-0.2865668402777777,0.4145985082462331,31
14.5,103.5,0.18440709617180237,0.6292031763118552,35
14.5,104.5,1.166447438820698,0.004004519102657698,40
14.5,105.5,0.8178744063772037,0.04614335216376593,42
14.5,106.5,0.4887318345548827,0.14808199944763661,44
14.5,107.5,-0.17475393249555415,0.7082349133954652,44
14.5,108.5,-0.18416967710685722,0.414326973448099,43
14.5,109.5,0.3112698986890334,0.4263971664376689,43
14.5,110.5,0.24130051933360788,0.3793495934816995,43
14.5,111.5,-0.12803788856067505,0.7233394974219045,44
14.5,112.5,-0.6113603387648596,0.04414217868460684,44
14.5,113.5,-0.7429181252811795,0.010500141616893558,44
14.5,114.5,-0.37162269948514043,0.11230009255971522,44
14.5,115.5,-0.6814491535210365,0.014787692039114913,44
14.5,116.5,-0.658461254106979,0.038132858564131,44
14.5,117.5,-0.3609347931112938,0.2366630608439486,44
14.5,118.5,-0.1696024920261166,0.6201774624706455,44
14.5,119.5,-0.45505348972370896,0.10344089648685938,44
14.5,120.5,-0.5630404468599217,0.22101797270992485,44
14.5,121.5,-0.5717118737491995,0.0400536452470366,44
14.5,122.5,-0.6859691453245614,0.09120375437746786,44
14.5,123.5,-0.14282911046952734,0.5919199160567152,44
14.5,124.5,-0.16530710449272767,0.6490072252715706,44
14.5,125.5,-0.06462836252338221,0.8476082739456742,44
14.5,126.5,-0.13343478653758728,0.7692824541886295,44
14.5,127.5,-0.1762967581354252,0.6490072252715706,44
14.5,128.5,-0.27294601064142743,0.29751878206452487,44
14.5,129.5,-0.038896178701858276,0.9596671236749724,44
14.5,130.5,-0.26825871295681364,0.5642685185472105,44
14.5,131.5,-0.28888676048692674,0.42427491772837767,44
14.5,132.5,-0.6825117598980226,0.04414217868460684,44
14.5,133.5,-0.7321486525616436,0.02410318537358021,44
14.5,134.5,-0.34361735570708785,0.31667600886647385,44
14.5,135.5,0.011632360800639428,0.9757936732598803,44
14.5,136.5,-0.2814338047465297,0.38994765540100507,44
14.5,137.5,-0.19556973830029473,0.5642685185472105,44
14.5,138.5,-0.4273095902975722,0.2134795926554277,44
14.5,139.5,-0.592498803617108,0.08015846195775675,44
14.5,140.5,-0.28053751963503915,0.33662512075788886,44
14.5,141.5,-0.2270550881569673,0.6783726944702002,44
14.5,142.5,-0.06405563001459919,0.8476082739456742,44
14.5,143.5,0.00693972954861688,1.0,44
14.5,144.5,-0.23302839128428093,0.46030716787530535,44
14.5,145.5,-0.39007380600888164,0.2496515050691538,43
14.5,146.5,-0.3587772443106416,0.2411460322383383,43
14.5,147.5,-0.46736999806361457,0.10344089648685938,44
14.5,148.5,-0.43260485062777354,0.18518164530957248,44
14.5,149.5,-0.27337282516377376,0.22874529700344437,44
14.5,150.5,-0.08911525321543343,0.648986688212116,42
14.5,151.5,0.014059177646239046,0.8662064065863085,41
14.5,152.5,0.00011508451625312426,1.0,42
14.5,153.5,-0.24935159845708815,0.24731745742367417,41
14.5,154.5,-0.11400519706567439,0.5136072924876847,39
14.5,155.5,-0.3601712639123228,0.01691905399278494,40
14.5,156.5,-0.4566465963972049,0.06959603296117639,39
14.5,157.5,-0.46331369158058106,0.10207836830745978,37
14.5,158.5,-0.22644820670127486,0.497212088120326,38
14.5,159.5,-0.47580112695599297,0.1093680867708039,34
14.5,160.5,-0.20983776061900938,0.2933017774384965,35
14.5,161.5,-0.23487140897873693,0.21303867828843515,34
14.5,162.5,-0.42626350218667663,0.06520717421940614,33
14.5,163.5,-0.2753077249575552,0.2691913480928212,31
14.5,164.5,-0.19866579508631452,0.2849752678232519,29
14.5,165.5,-0.002089894804160672,1.0,31
14.5,166.5,-0.09907502381830469,0.7481053914270006,30
14.5,167.5,-0.07288043478260953,0.7212260985001633,30
14.5,168.5,-0.06664600696491943,0.6661517985372294,29
14.5,169.5,-0.028108465608465468,0.9004590609762644,27
14.5,170.5,-0.0859430644586895,0.7703961609830144,27
14.5,171.5,-0.26851577278900274,0.23361300135229124,25
14.5,172.5,-0.07697044334975366,0.7243397423849234,26
14.5,173.5,-0.6448077541827546,0.11905304118202122,23
14.5,174.5,0.1875000000000001,0.6533346888640262,23
14.5,175.5,-0.3103904660154661,0.38118730498775844,21
14.5,176.5,0.15088772577996729,0.7283144806017332,24
14.5,177.5,0.8722796657554319,0.11188667489678761,20
14.5,178.5,-0.19678293670317915,0.42979527233955583,22
14.5,179.5,-0.22362929131039472,0.38103238548434304,20
14.5,180.5,-0.3233393958476587,0.3492193427947422,21
14.5,181.5,-0.021744427575352325,0.975910003234818,21
14.5,182.5,0.011933616937079545,1.0,23
14.5,183.5,-0.3397769580805293,0.3417178800455669,23
14.5,184.5,-0.0629898590499235,0.6726109872286647,23
14.5,185.5,-0.031727072396749434,0.832591967665674,21
14.5,186.5,-0.22071140173015105,0.8218916912511594,16
14.5,187.5,-0.26877046661481013,0.9211586502250249,15
14.5,188.5,0.8513011008720386,0.19821061903884274,15
14.5,189.5,0.9035899383559511,0.20785680345658664,19
14.5,190.5,1.1710537626285662,0.17403358020816395,17
14.5,191.5,1.5374999999999996,0.09245959511086128,15
14.5,192.5,0.0015568552087454383,1.0,17
14.5,193.5,-0.3464712499394002,0.6204252937103817,16
14.5,194.5,-0.1109195359476038,0.8925584658515614,16
14.5,195.5,-2.4530719418989584,0.017343359162423525,13
14.5,196.5,-1.2834589908989937,0.16280544974369293,16
14.5,197.5,-1.0212855807935595,0.22547929744791595,18
14.5,198.5,-0.007102272727272612,1.0,19
14.5,199.5,1.2100594453855322,0.34341948718274173,17
14.5,200.5,-1.0493041129120175,0.38118730498775844,21
14.5,201.5,-1.7298091693252984,0.02094093367374069,19
14.5,202.5,-0.29754507436777544,0.8795727890074994,18
14.5,203.5,-0.3256387567350696,0.7730800663123129,17
14.5,204.5,-0.3737207602339213,0.674611943553671,19
14.5,205.5,-0.1463675213675218,0.7849697273207377,24
14.5,206.5,-0.005134335243124406,1.0,24
14.5,207.5,0.8511270017723822,0.3467641835161842,20
14.5,208.5,2.719015303072112,0.008610786795054443,21
14.5,209.5,3.472573114869626,0.0002742312366758085,19
14.5,210.5,1.2842157066206503,0.14256865901357518,22
14.5,211.5,0.7095387354008043,0.3382878549727658,25
14.5,212.5,0.42121354995989524,0.4130458869045295,24
14.5,213.5,0.9353015975356389,0.17175819814532312,26
14.5,214.5,1.2235112415193388,0.22441148378657239,23
14.5,215.5,-0.3356425662460144,0.5594130972023401,27
14.5,216.5,0.3318670011459425,0.6213676320840416,28
14.5,217.5,-0.22719444373526643,0.8900067739861677,28
14.5,218.5,0.3616411299787587,0.5270983110287552,32
14.5,219.5,0.7055642342742099,0.19895893109240226,25
14.5,220.5,0.46821121447014086,0.3678300669521164,29
14.5,221.5,-0.3442431553286021,0.42684260879570113,32
14.5,222.5,-0.7587905073565664,0.017040135799983105,35
14.5,223.5,0.1411277098624502,0.8808988697656468,36
14.5,224.5,-0.04744912146975144,0.9055957937612324,34
14.5,225.5,-0.47571155414407473,0.4294021898343493,33
14.5,226.5,0.01732354654438313,0.9876377419871504,33
14.5,227.5,0.12854283954961687,0.8588067571357121,34
14.5,228.5,-0.2398362405604469,0.8125085458048832,34
14.5,229.5,0.4711262553801987,0.3486070834489362,35
14.5,230.5,0.30106688787214775,0.539915857350804,36
14.5,231.5,0.37447941360799963,0.5917967492239535,37
14.5,232.5,0.062315425437429184,0.9198876540782883,38
14.5,233.5,0.2740298625729293,0.6163750034803586,40
14.5,234.5,0.3781491384432556,0.4829170444568124,39
14.5,235.5,0.9849804260752939,0.07055328302873864,41
14.5,236.5,1.1495378892824704,0.015200134865169796,42
14.5,237.5,1.1956356851782,0.02850771033513701,41
14.5,238.5,1.0682204692710486,0.09609384700300007,43
14.5,239.5,0.5498791072893678,0.2689803649247009,42
14.5,240.5,0.5814748041310539,0.19438626928107727,43
14.5,241.5,0.16289100335106163,0.7694978647855905,43
14.5,242.5,-0.119445556751239,0.7082349133954652,44
14.5,243.5,0.024976102818406076,0.9274700560306763,44
14.5,244.5,-0.11640221314858165,0.8179058629425171,43
14.5,245.5,-0.21881120429211381,0.5438546354123606,43
14.5,246.5,0.23509335052702443,0.4511433381462897,43
14.5,247.5,-0.15488326262309116,0.7219721517415344,43
14.5,248.5,-0.31773091045940205,0.4360985999947923,44
14.5,249.5,-0.37034175650482837,0.20167946846619778,43
14.5,250.5,-0.05624535052966749,0.8003790608501801,44
14.5,251.5,-0.1931035517774265,0.4852496795837916,44
14.5,252.5,-0.09776673178041984,0.737705458452796,43
14.5,253.5,-0.6208912037037025,0.044498890834885965,43
14.5,254.5,-0.3820546647944354,0.2328466829852629,43
14.5,255.5,0.05996827419361925,0.7847878138372517,44
14.5,256.5,-0.7589285714285714,0.05681822931485221,43
14.5,257.5,-0.43826996682342134,0.20096328781426642,42
14.5,258.5,0.2148030547825796,0.47268784744188586,44
14.5,259.5,0.16902773949703015,0.7082349133954652,44
14.5,260.5,0.13162867833286995,0.5780164317724827,44
14.5,261.5,-0.137636502060493,0.49799010072042804,44
14.5,262.5,-0.3646229933175748,0.4852496795837916,44
14.5,263.5,-0.3878941662308233,0.615428246959838,43
14.5,264.5,-0.21114896976199127,0.6417310519610961,44
14.5,265.5,-0.408408276790114,0.10255197276540567,43
14.5,266.5,0.06939700233394969,0.8485702914543127,41
14.5,267.5,-0.36702127659574524,0.5879084322109032,42
14.5,268.5,-1.3747912540353329,0.18135303115367463,41
14.5,269.5,0.3232797475961543,0.632840693851598,38
14.5,270.5,0.5685780498243724,0.2442143847130671,35
14.5,271.5,0.06181595622119873,0.8240484528174716,37
14.5,272.5,0.0872143764913377,0.7540675143570155,36
14.5,273.5,0.060222715830593174,0.9457024715498787,36
14.5,274.5,0.3140728954488279,0.3771382028423258,33
14.5,275.5,0.14142478152309598,0.7547126102355206,35
14.5,276.5,0.162589118808681,0.6851751854528196,32
14.5,277.5,-0.004077230639731126,1.0,30
14.5,278.5,0.22690180194635948,0.25246050425043143,25
14.5,279.5,-0.04076496173198274,0.6048265271417467,30
14.5,280.5,0.13093017057569256,0.19618113273857263,27
14.5,281.5,0.22785821928967065,0.23361300135229124,25
14.5,282.5,-0.025449356844705458,0.757639735211381,26
14.5,283.5,0.08100500063896418,0.5594130972023401,27
14.5,284.5,0.09058650444974042,0.7260951618325295,25
14.5,285.5,-0.19141938844980738,0.5351853194474852,24
14.5,286.5,0.07161458333333315,0.9550264552939917,22
14.5,287.5,0.15201926962783355,0.7513001501987963,23
14.5,288.5,0.02604166666666685,0.9297445787752688,26
14.5,289.5,0.03700162291583357,0.964838162737043,26
14.5,290.5,0.42940012831479946,0.2686642304239092,30
14.5,291.5,0.3883688241292938,0.2766963536434416,31
14.5,292.5,0.09751295853269543,0.744891472543834,33
14.5,293.5,0.046924647531996905,0.6530785762864474,36
14.5,294.5,0.02626604475963156,0.8444667630816368,37
14.5,295.5,0.17995042050792304,0.31389928595925765,37
14.5,296.5,0.4716435185185186,0.11031315574785941,39
14.5,297.5,0.3026145957222796,0.24742959333188785,38
14.5,298.5,-0.09947803195352187,0.8444667630816368,37
14.5,299.5,-0.42912304553126057,0.2559086205193716,35
14.5,300.5,0.1504404601777125,0.45325103254848365,39
14.5,301.5,0.45943919175863374,0.1259600310567378,37
14.5,302.5,0.40447890579849766,0.0702408633894631,38
14.5,303.5,0.4489323315420501,0.06144494404678182,37
14.5,304.5,0.5245098039215685,0.02060927179248799,35
14.5,305.5,0.3309477619361089,0.23284204679391485,33
14.5,306.5,-0.10528162313876602,0.7220003552092338,34
14.5,307.5,-0.5499246555683133,0.019857219227318715,35
14.5,308.5,-0.16501603676427776,0.5894353805253721,35
14.5,309.5,0.047672367897354295,0.9095458052651214,35
14.5,310.5,0.13607482069061078,0.4872648904642325,36
14.5,311.5,0.40649874319229234,0.19137178961561363,35
14.5,312.5,0.7770280866278805,0.0063778051451552605,34
14.5,313.5,0.1807903742628938,0.5252517359771474,33
14.5,314.5,0.12563059572516458,0.7332282750983805,35
14.5,315.5,-0.15646347458741341,0.7091645038629479,32
14.5,316.5,0.06861221928173038,0.9187737391879133,31
14.5,317.5,0.8110723098405135,0.10268972898772688,29
14.5,318.5,0.4290221861020803,0.2389927879015219,30
14.5,319.5,0.5748622560107232,0.06330430800237492,29
14.5,320.5,-0.04155142308198259,0.8701367570919353,25
14.5,321.5,0.965404186753071,0.017336219440732988,31
14.5,322.5,0.08104942775444121,0.8383870987564421,31
14.5,323.5,0.3737789074960126,0.4688532929177468,35
14.5,324.5,0.406252902789233,0.31386902702531216,33
14.5,325.5,-0.14292985852025103,0.8403644195470178,33
14.5,326.5,0.10715566714490751,0.8650383150743489,31
14.5,327.5,0.6898612224895307,0.4324504235358998,30
14.5,328.5,-0.19962126129889324,0.7073824349601937,28
14.5,329.5,-0.029035947712418537,1.0,27
14.5,330.5,0.19544686732186767,0.6915533638570888,26
14.5,331.5,1.1296450411471415,0.23361300135229124,25
14.5,332.5,0.29523194583137485,0.4922895298178107,23
14.5,333.5,0.4096445849832696,0.5259924856094209,21
14.5,334.5,0.4972696873289556,0.38118730498775844,21
14.5,335.5,1.3907128796400445,0.06273522885003777,22
14.5,336.5,0.9435328185328186,0.090976463086059,23
14.5,337.5,-0.6121253563865136,0.5583509093759852,16
14.5,338.5,0.087606837606837,1.0,14
14.5,339.5,0.3347140370829891,0.5824053064021051,12
14.5,340.5,-0.5171966552734375,0.37109336952269756,10
15.5,52.5,2.2001899163850256,0.10740463633025372,10
15.5,56.5,-0.8475488021295474,0.3036732148994191,12
15.5,58.5,0.7159014997679352,0.6312218204782533,12
15.5,59.5,-4.687199374699374,0.04909798160926558,10
15.5,62.5,-2.364934471595655,0.1498607475130492,12
15.5,63.5,-0.15676426820728298,0.8218916912511594,16
15.5,64.5,0.09240626870544673,0.9224620671867602,20
15.5,65.5,-0.13176571235781778,0.8335157043083458,25
15.5,66.5,0.4192385018852649,0.5593049468922573,25
15.5,67.5,0.49455365684622693,0.5283124685330474,25
15.5,68.5,-0.09961067578255103,0.8955329031670437,29
15.5,69.5,-0.030922670472793408,0.9850341097366097,29
15.5,70.5,1.047428615739279,0.07983871964585261,25
15.5,71.5,0.6068989440604531,0.2266164478008148,27
15.5,72.5,0.05903257615708389,0.8659362154363435,29
15.5,73.5,-0.8661047640382314,0.2561449666035266,20
15.5,74.5,-1.5053773036056417,0.21100212777492178,27
15.5,75.5,0.6691998809347897,0.4506702853141802,12
15.5,76.5,0.21721656876380976,0.7665252995235718,15
15.5,77.5,-0.3257775119617228,0.7665252995235718,15
15.5,78.5,0.5195572811988197,0.3152515554041374,25
15.5,79.5,0.7645206752206501,0.195559652706897,29
15.5,80.5,0.5959312971508091,0.22196368922508947,35
15.5,81.5,-0.53462522132599,0.24778083040054255,31
15.5,82.5,-0.3204938653297485,0.3971171572571701,39
15.5,83.5,-0.3549199603198486,0.5387479615505166,37
15.5,84.5,0.7601800377408158,0.11044599236405402,40
15.5,85.5,0.39295970761077076,0.2997628531295812,40
15.5,86.5,0.07193214047777183,0.919481045938793,41
15.5,87.5,0.20508547272801145,0.47726203508105114,40
15.5,88.5,0.07769244395517995,0.8485702914543127,41
15.5,89.5,0.07502111748909296,0.8623384168158529,42
15.5,90.5,0.32216581045376197,0.39793422470267026,42
15.5,91.5,0.0658044136485394,0.67549619466395,43
15.5,92.5,-0.17096538827297775,0.4629394880460814,40
15.5,93.5,-0.06954242340624492,0.7166749729859458,39
15.5,94.5,-0.027075196043219334,0.9037158067879053,39
15.5,95.5,0.29332191780821903,0.1678813518323119,39
15.5,96.5,-0.26143079967931726,0.17282861084833245,40
15.5,97.5,0.26038434708682123,0.6660299201417484,37
15.5,98.5,0.11435185185185286,0.7655046156107895,35
15.5,99.5,0.08873236341607278,0.8659362154363435,29
15.5,100.5,0.09212848430477044,0.7669644911053035,28
15.5,101.5,-0.2912647183997738,0.29198463590975887,31
15.5,102.5,-0.04583710992793148,0.8982868486458254,35
15.5,103.5,0.14510997184943702,0.45597179082236294,37
15.5,104.5,0.4503348214285712,0.35790609486477887,39
15.5,105.5,0.7850906024561649,0.09512571219316361,42
15.5,106.5,0.5178546760462849,0.11862192122260574,42
15.5,107.5,0.3816688659277764,0.4897429301593238,43
15.5,108.5,0.033945519194387784,0.930910680164664,42
15.5,109.5,-0.09195731714802181,0.8317953693672806,44
15.5,110.5,0.05809305548153238,0.8835141491217923,43
15.5,111.5,-0.2027534073498112,0.5239955384561089,44
15.5,112.5,-0.47222958828613315,0.16080587689971526,43
15.5,113.5,-0.48766652114567555,0.05093195717645382,44
15.5,114.5,-0.69489031105631,0.03121368510682657,44
15.5,115.5,-0.7545582197930603,0.07022557415054824,44
15.5,116.5,-0.2587506639616317,0.5506799969195222,44
15.5,117.5,-0.5908079036997333,0.07022557415054824,44
15.5,118.5,-0.5037098479472774,0.06132588291809085,44
15.5,119.5,-0.4298008839862621,0.13706855090147962,44
15.5,120.5,-0.25173815451531795,0.46030716787530535,44
15.5,121.5,-0.6865034146173886,0.05592808741603665,44
15.5,122.5,-0.0985884098979805,0.6636253756806705,44
15.5,123.5,-0.31575293629567824,0.4360985999947923,44
15.5,124.5,-0.5553565691046556,0.09120375437746786,44
15.5,125.5,-0.5735246143450844,0.20612854539193903,44
15.5,126.5,-0.17377373381243877,0.6490072252715706,44
15.5,127.5,-0.2750708778495572,0.5372545134763995,44
15.5,128.5,-0.2610968943900176,0.5239955384561089,44
15.5,129.5,-0.3013545237337503,0.4360985999947923,44
15.5,130.5,-0.5343818761168374,0.10779845401585703,44
15.5,131.5,-0.5383575767041066,0.1318042280915117,44
15.5,132.5,-0.5198499082853656,0.14249360131085043,44
15.5,133.5,-0.491245759903567,0.08739348112980251,44
15.5,134.5,-0.20866355748035936,0.4126408006212513,44
15.5,135.5,-0.3799455375423483,0.17211938190333276,44
15.5,136.5,-0.5550066039604225,0.038132858564131,44
15.5,137.5,-0.5654746687267174,0.04857752046145354,44
15.5,138.5,-0.4541044736592042,0.11230009255971522,44
15.5,139.5,-0.5671337099045362,0.07022557415054824,44
15.5,140.5,-0.1993537748134773,0.5919199160567152,44
15.5,141.5,0.005881367890776287,0.9435570622791808,44
15.5,142.5,-0.126587147370389,0.6345230397276371,44
15.5,143.5,-0.3297432232219805,0.16080587689971526,43
15.5,144.5,-0.3539433795254989,0.32523868110605725,43
15.5,145.5,-0.09561014566880466,0.8088286305084,39
15.5,146.5,-0.4431799166395511,0.09701680612834312,38
15.5,147.5,-0.4563619867570143,0.017461109514507477,44
15.5,148.5,-0.579056547322228,0.015200134865169796,42
15.5,149.5,-0.47119766969769594,0.1318042280915117,44
15.5,150.5,-0.2895938505505917,0.346250063352757,43
15.5,151.5,0.16166790956192134,0.5667605869699316,41
15.5,152.5,-0.10191783791738074,0.5367357981091126,41
15.5,153.5,-0.15378679962013236,0.43866997611941727,43
15.5,154.5,-0.2551796497536736,0.15465002139087544,43
15.5,155.5,-0.3688850551275499,0.1534557123832828,39
15.5,156.5,-0.5219087256878553,0.0453849737765619,37
15.5,157.5,-0.28245047365398424,0.279615358042137,38
15.5,158.5,0.16070024707996314,0.440783366600357,34
15.5,159.5,-0.09437409052135101,0.6565125016248674,34
15.5,160.5,-0.1408782093196825,0.5252517359771474,33
15.5,161.5,-0.08442951710181332,0.6309950399173054,33
15.5,162.5,-0.25067081980236106,0.22413567532570777,34
15.5,163.5,-0.16720556901445863,0.17512514633807796,30
15.5,164.5,-0.08481391146843105,0.757996646747342,32
15.5,165.5,0.011604131971170056,0.9252757299002273,29
15.5,166.5,-0.04016579192425346,0.8584237820523384,32
15.5,167.5,-0.2709876415952755,0.17089348425411355,29
15.5,168.5,0.13853650775511905,0.39860638537703863,29
15.5,169.5,0.2931034482758612,0.1821375864449275,27
15.5,170.5,0.0001941408429827009,1.0,23
15.5,171.5,0.039012248417885705,0.7849697273207377,24
15.5,172.5,-0.25397361270965185,0.14256865901357518,22
15.5,173.5,-0.06773166411962264,0.7972523796379414,25
15.5,174.5,-0.008400537634408697,1.0,27
15.5,175.5,-0.600432405286663,0.08698814891833656,24
15.5,176.5,0.11371444226688152,0.9101956836196836,22
15.5,177.5,0.585184386621648,0.44148821101397295,19
15.5,178.5,-0.1337201171242482,0.5812547604118179,20
15.5,179.5,0.04722581960974538,0.7857971061789661,21
15.5,180.5,-0.06557306511697399,0.7702877264736667,20
15.5,181.5,-0.6400589471378015,0.0967474505928423,21
15.5,182.5,0.19101712955636022,0.721176307474874,20
15.5,183.5,-0.17373272349592372,0.6731887478154436,20
15.5,184.5,-0.183141300287871,0.5350244506182873,22
15.5,185.5,-0.6460925833748131,0.1836989860577931,19
15.5,186.5,-0.5109444171175603,0.5959123948117162,18
15.5,187.5,0.2227401776774517,0.7618733947779845,18
15.5,188.5,0.5156757305194806,0.2322487419840542,17
15.5,189.5,1.224185600165992,0.05009030568337501,19
15.5,190.5,1.3934275801054596,0.0748246071030847,15
15.5,191.5,0.1427276250961913,0.6204252937103817,16
15.5,192.5,0.1281118013930518,0.8925584658515614,16
15.5,193.5,-0.03550278116752097,0.8925584658515614,16
15.5,194.5,0.07018999055401444,0.9640893612679119,16
15.5,195.5,-2.2415865384615383,0.022821503671488087,15
15.5,196.5,-2.9511140046296305,0.005583616806378762,15
15.5,197.5,-0.8390833468616297,0.16280544974369293,16
15.5,198.5,-0.40277777777777757,0.3376949763722794,22
15.5,199.5,-1.4077661725067387,0.09559021985225108,18
15.5,200.5,-1.6790815882094274,0.023526849110510402,21
15.5,201.5,-1.3147077304653405,0.14429205544010523,20
15.5,202.5,-2.0071566749456196,0.06378663704794149,17
15.5,203.5,-0.9157423445926074,0.4338268403653006,17
15.5,204.5,0.12551114684980627,0.8368197050512747,17
15.5,205.5,-0.49067320027811734,0.5366482363005154,17
15.5,206.5,-1.860015052176728,0.07481148131741681,21
15.5,207.5,-0.30545804583814135,0.674611943553671,19
15.5,208.5,0.9821493565105976,0.2629105671183505,19
15.5,209.5,1.708333333333334,0.0016399765754731288,19
15.5,210.5,1.2985692582653054,0.08551480563051515,20
15.5,211.5,1.3237378023963389,0.19459514049618598,22
15.5,212.5,-0.13932047221587276,0.6732623633112398,24
15.5,213.5,0.29284591194968473,0.6168456628672252,27
15.5,214.5,-0.008331582387823227,1.0,26
15.5,215.5,-0.6047110721982757,0.18600402378747005,26
15.5,216.5,-0.888802889576883,0.21471330142519174,22
15.5,217.5,-1.1765235627929924,0.12285296541157717,26
15.5,218.5,0.9066071887978239,0.31062506239573384,26
15.5,219.5,0.031818181818181135,0.9550264552939917,22
15.5,220.5,-0.5229039289940528,0.4324504235358998,30
15.5,221.5,0.37208345202487825,0.5144236588926046,28
15.5,222.5,-0.9366028334821597,0.0635295354198279,30
15.5,223.5,-0.7182103487487801,0.1739206495334844,31
15.5,224.5,-0.3893584891929258,0.5335299141597474,34
15.5,225.5,-0.03631421657488796,0.8821498665400751,34
15.5,226.5,-0.04386396431850964,0.9546999508650751,35
15.5,227.5,0.6288672044614236,0.1634063458637326,31
15.5,228.5,0.2144061867492153,0.757996646747342,32
15.5,229.5,-0.6777813810432467,0.2850180897026914,33
15.5,230.5,-0.6918150824420431,0.17261516227968454,34
15.5,231.5,-1.0496473583450765,0.01107437281616964,39
15.5,232.5,-0.7224143336700589,0.1053410585646772,40
15.5,233.5,-0.262391130694699,0.3995666898442778,41
15.5,234.5,-0.2686548246668626,0.6114052024347297,39
15.5,235.5,0.3044909188064049,0.4251795087510767,41
15.5,236.5,1.21476802183324,0.012681177779913087,42
15.5,237.5,0.6637747290276035,0.10768143385917042,37
15.5,238.5,-0.057126233952227476,0.9136991092503179,42
15.5,239.5,-0.10751093056105233,0.7615493074182684,42
15.5,240.5,0.741841466626532,0.05372399726321635,42
15.5,241.5,0.19575100754299954,0.7385526280584778,44
15.5,242.5,0.040303274973086424,0.9499317198507831,43
15.5,243.5,-0.3642022857601316,0.5300529217566404,43
15.5,244.5,0.2072725595614589,0.5730643403857183,42
15.5,245.5,-0.21326535021658455,0.6783726944702002,44
15.5,246.5,0.49421296296296313,0.1872884962268888,43
15.5,247.5,0.7332498839336352,0.0420558851936368,44
15.5,248.5,0.5340495398936983,0.14808199944763661,44
15.5,249.5,0.13792996013893877,0.6783726944702002,44
15.5,250.5,-0.25038209551214746,0.4360985999947923,44
15.5,251.5,-0.22427916120576646,0.305074881337578,43
15.5,252.5,0.19454460071104407,0.40246125139431455,43
15.5,253.5,-0.4925061430755494,0.18518164530957248,44
15.5,254.5,-0.662168657351214,0.09922453406650901,44
15.5,255.5,-0.1514969444867782,0.6783726944702002,44
15.5,256.5,-0.46501457725947504,0.25836440296788166,43
15.5,257.5,-0.0045357804793771574,0.9833008244315274,43
15.5,258.5,0.09304438604887441,0.7538688170084293,44
15.5,259.5,0.023262855092260528,0.9114126436396226,44
15.5,260.5,0.5564941346473264,0.1318042280915117,44
15.5,261.5,-0.04678401840149782,0.9114126436396226,44
15.5,262.5,-0.9006944444444445,0.08234132298454933,43
15.5,263.5,0.5978506787330318,0.5584004547635599,42
15.5,264.5,-0.8199043101294646,0.17282861084833245,40
15.5,265.5,-0.5576779990842473,0.40246125139431455,43
15.5,266.5,0.3200045445847689,0.4638149773228277,43
15.5,267.5,0.3737493503118505,0.32523868110605725,43
15.5,268.5,0.1945514033815844,0.7082349133954652,44
15.5,269.5,0.39026963775109336,0.507532735474822,41
15.5,270.5,0.17556102283802588,0.6007856611761987,43
15.5,271.5,-0.27053008443765797,0.4881961566987404,37
15.5,272.5,0.028782894736840703,0.9431079616717606,30
15.5,273.5,-0.12468543703386298,0.9147523390847367,30
15.5,274.5,0.5345329585176766,0.18651236782914016,37
15.5,275.5,-0.0236858474450378,0.8870686942118248,35
15.5,276.5,-0.022220420230758674,0.9850341097366097,29
15.5,277.5,0.1780470107315545,0.44595658115373593,32
15.5,278.5,0.06964040551647771,0.8073432738589214,29
15.5,279.5,-0.17105333068491244,0.5317037729644349,27
15.5,280.5,-0.2097359162576557,0.40435063820524453,27
15.5,281.5,0.13008328048080728,0.6464984392954767,27
15.5,282.5,-0.1183598575541672,0.649540989554171,28
15.5,283.5,-0.17410270605303327,0.4876519268316105,29
15.5,284.5,-0.2330982338840702,0.3545784475977316,26
15.5,285.5,0.13192137730589026,0.6593353383597195,26
15.5,286.5,-0.278776545583466,0.44087649866088374,25
15.5,287.5,-0.21260033661645586,0.5594130972023401,27
15.5,288.5,-0.5473856209150322,0.300106689308158,26
15.5,289.5,0.048737373737373815,0.8675468701977536,27
15.5,290.5,0.19028380657953625,0.7669644911053035,28
15.5,291.5,0.059382710879339065,0.8487526392562732,36
15.5,292.5,-0.08204732510288049,0.6495079756621349,35
15.5,293.5,0.0708970402829028,0.685150206155831,37
15.5,294.5,0.15099674712514957,0.5296140782563044,38
15.5,295.5,0.047792704309342425,0.8276288084144704,39
15.5,296.5,0.2221856484529296,0.3453965562420982,39
15.5,297.5,0.24306695696760494,0.23582237975362752,39
15.5,298.5,0.5324390552662036,0.0702408633894631,38
15.5,299.5,0.02774508323895133,0.9229050934914809,39
15.5,300.5,0.11974829579486551,0.7437665722846407,38
15.5,301.5,0.2336137675929267,0.24060237078233304,39
15.5,302.5,0.027911430661547887,0.8649901175825423,37
15.5,303.5,0.011734309191147176,0.9799402562507286,38
15.5,304.5,0.5335366282101701,0.054530865275567435,37
15.5,305.5,0.2962159863945576,0.3634073211862605,35
15.5,306.5,0.2000638860350964,0.5045014597713458,36
15.5,307.5,-0.12037750385208006,0.7332282750983805,35
15.5,308.5,0.09716979733889355,0.7895923705025335,34
15.5,309.5,-0.2848418241334893,0.3898895337647029,34
15.5,310.5,0.03778923991689925,0.7763884317697076,35
15.5,311.5,0.3464318090249796,0.32017406683149174,35
15.5,312.5,0.2651939210821622,0.5220542678768723,36
15.5,313.5,0.3003903058871591,0.485610385141812,32
15.5,314.5,-0.09600405211618494,0.7091645038629479,32
15.5,315.5,0.02794194620448332,0.9551233832161916,29
15.5,316.5,0.031328292770222976,0.9147523390847367,30
15.5,317.5,0.5217786584709959,0.10664087151242756,29
15.5,318.5,0.4734351469819902,0.41368622699316804,25
15.5,319.5,0.8299421717712572,0.13396533563924473,30
15.5,320.5,0.861438779650946,0.09390326367306248,26
15.5,321.5,0.21768488498985777,0.5864526254323217,29
15.5,322.5,0.21804183740870453,0.3386829866956895,32
15.5,323.5,0.2978219696969702,0.37375236607181783,34
15.5,324.5,-0.01953933747412024,0.9055957937612324,34
15.5,325.5,-0.2201367187500003,0.5531960543178076,34
15.5,326.5,0.18943304491637472,0.6851751854528196,32
15.5,327.5,-1.0312575297172848,0.07440691359805184,30
15.5,328.5,-0.850694444444444,0.15382082239203035,23
15.5,329.5,-0.8428623936436442,0.0965338291080208,24
15.5,330.5,-0.02043722456953309,0.964838162737043,26
15.5,331.5,0.19134800384800324,0.537126940170827,26
15.5,332.5,0.28896645463741094,0.33335824348826115,24
15.5,333.5,0.3013003092944953,0.5366482363005154,17
15.5,334.5,0.1512790850413948,0.7730800663123129,17
15.5,335.5,1.378308416718041,0.08551480563051515,20
15.5,336.5,1.4402173913043477,0.012421845733886543,18
15.5,337.5,0.6794585622710625,0.37305311625145265,15
15.5,338.5,-0.012090773809524391,1.0,15
15.5,339.5,-0.42480468749999994,0.07685087226788877,13
15.5,341.5,1.2630952380952378,0.5915050369949166,10
16.5,62.5,1.7613211910980797,0.3036732148994191,12
16.5,63.5,0.802075015526573,0.34341948718274173,17
16.5,64.5,1.0572561523618456,0.5526151250628484,15
16.5,65.5,0.9054182890942515,0.41489093965848534,21
16.5,66.5,0.2665765050505747,0.8215254231894769,22
16.5,67.5,1.8667445078362084,0.0471253041839123,25
16.5,68.5,0.7764049975203535,0.1574056639748741,24
16.5,69.5,0.2386433913850266,0.7073824349601937,28
16.5,70.5,1.0494908436173145,0.18291855854907912,29
16.5,71.5,1.115111277428158,0.02694678246348912,30
16.5,72.5,1.2508882535695398,0.008279048973595722,30
16.5,73.5,-0.38336453419479277,0.6851751854528196,32
16.5,74.5,-0.9438752396651706,0.23414498629430602,31
16.5,75.5,-0.3718889676607574,0.7702877264736667,20
16.5,76.5,-0.36423292487055386,0.5261780967197713,23
16.5,77.5,0.1013513513513534,0.8887055908352302,19
16.5,78.5,1.0336900908688835,0.20575410127305516,20
16.5,79.5,-0.16043255518353186,0.5865203757130351,31
16.5,80.5,-0.03509812902509424,1.0,30
16.5,81.5,-0.6854180752028282,0.28580934018510085,34
16.5,82.5,-0.5416593486434542,0.42497974024989427,37
16.5,83.5,-1.2840926776856998,0.006782712449715005,37
16.5,84.5,-0.12275112443778122,0.8602887048423336,38
16.5,85.5,0.13638261674368413,0.7446315154396081,41
16.5,86.5,0.03486946259713114,0.9721171358417333,40
16.5,87.5,0.4894354465133646,0.07055328302873864,41
16.5,88.5,-0.12294094079307999,0.770840345264592,40
16.5,89.5,-0.48636811632354865,0.10823718866402149,41
16.5,90.5,-0.30916413969609347,0.36293485816471427,41
16.5,91.5,-0.11663667206259894,0.7446315154396081,41
16.5,92.5,-0.3017686161609624,0.2762780286051475,39
16.5,93.5,0.247427126615894,0.43502642785483836,40
16.5,94.5,-0.38764340392734753,0.27856604965694465,40
16.5,95.5,-0.3889232915066436,0.13284330966269112,40
16.5,96.5,-0.02253653889610697,0.9731197167307598,41
16.5,97.5,0.36376953125,0.6986822359824363,39
16.5,98.5,-0.6436142196325181,0.39860638537703863,29
16.5,99.5,0.1029217507822769,0.8073432738589214,29
16.5,100.5,0.09585670113067706,0.7703366708155672,32
16.5,101.5,0.3699186991869894,0.1920457783931343,34
16.5,102.5,-0.24901831490652881,0.36537154850862097,38
16.5,103.5,-0.12187500000000462,0.7166749729859458,39
16.5,104.5,-0.028519035342696536,0.959893189819583,38
16.5,105.5,0.09322518554771828,0.8505806821024309,43
16.5,106.5,0.12634067609737484,0.7538688170084293,44
16.5,107.5,0.5862214249914871,0.2124909647713341,41
16.5,108.5,-0.6687217270115298,0.2672858752494308,43
16.5,109.5,-0.47140050400956035,0.09822173608073281,43
16.5,110.5,-0.7567364021794419,0.02167945281843703,44
16.5,111.5,-1.3898699579791918,0.001442582750372563,44
16.5,112.5,-1.1974289635130775,0.0027614995745816125,43
16.5,113.5,-0.5827619121469934,0.2411460322383383,43
16.5,114.5,-0.6162694629852484,0.038132858564131,44
16.5,115.5,-0.5048432818218853,0.13706855090147962,44
16.5,116.5,-0.08917305863081354,0.8160502573345575,44
16.5,117.5,-0.6626103421404008,0.036290965357690864,44
16.5,118.5,-0.27200717547640646,0.3573648817454941,44
16.5,119.5,-0.26834121247991805,0.6345230397276371,44
16.5,120.5,-0.4475479970853725,0.42427491772837767,44
16.5,121.5,0.02934257839512323,0.9757936732598803,44
16.5,122.5,0.10376385411998187,0.6636253756806705,44
16.5,123.5,0.0824288603898788,0.8953913275963306,44
16.5,124.5,-0.6894848642377736,0.15975903067588082,44
16.5,125.5,-0.9081189199293361,0.07022557415054824,44
16.5,126.5,-0.6591357912168738,0.05857536389703457,44
16.5,127.5,-0.4720547131067368,0.11694867361133053,44
16.5,128.5,-0.5155705628501213,0.07672782335192403,44
16.5,129.5,-0.8271913319516927,0.05857536389703457,44
16.5,130.5,-1.0706255237253894,0.010500141616893558,44
16.5,131.5,-0.38320010776164753,0.15383630866989784,44
16.5,132.5,-0.32554498893479933,0.33662512075788886,44
16.5,133.5,-0.3717938754366129,0.1318042280915117,44
16.5,134.5,-0.22669222069891626,0.5506799969195222,44
16.5,135.5,-0.38586033655663377,0.28823680135136065,44
16.5,136.5,-0.29373960587148207,0.4360985999947923,44
16.5,137.5,0.23413752699859594,0.6490072252715706,44
16.5,138.5,0.15266880241622707,0.5919199160567152,44
16.5,139.5,-0.004490134438441225,0.9919301238572449,44
16.5,140.5,0.23085704127585738,0.5919199160567152,44
16.5,141.5,0.16520428975038345,0.6783726944702002,44
16.5,142.5,0.1847439374583584,0.6932442366215537,44
16.5,143.5,-0.43246027268421394,0.25307527931601204,44
16.5,144.5,-0.10961456023495411,0.6636253756806705,44
16.5,145.5,-0.4889621705307996,0.00818545051796656,42
16.5,146.5,-0.9861380873707088,5.590740764079812e-06,44
16.5,147.5,-0.7901240971067824,0.0050841895799981695,44
16.5,148.5,-0.32752078517242145,0.22475200898884962,43
16.5,149.5,-0.3088205120506042,0.39080164551413843,43
16.5,150.5,-0.059072509578379985,0.6942324524938993,41
16.5,151.5,-0.093121832818502,0.5820690716517367,41
16.5,152.5,-0.31028942790877423,0.07201763206645242,42
16.5,153.5,-0.3616182672033735,0.16714509466272698,43
16.5,154.5,-0.41201933105220995,0.14249360131085043,44
16.5,155.5,-0.42490290499282324,0.15256341552303945,42
16.5,156.5,-0.4216120658789828,0.11901621744361217,38
16.5,157.5,-0.2626898877961099,0.2551778339559664,37
16.5,158.5,-0.07996155780350586,0.8594521306883358,36
16.5,159.5,-0.03869270095845103,0.9062974979468705,37
16.5,160.5,-0.3053478544654636,0.06084928342794405,35
16.5,161.5,0.020266255086940445,0.9240398006814219,36
16.5,162.5,-0.31795370201658896,0.2364918152910518,32
16.5,163.5,-0.293044552910047,0.20946154334050293,33
16.5,164.5,-0.5819633995037212,0.02080455208362115,31
16.5,165.5,-0.1734057570581733,0.49659521437046883,31
16.5,166.5,0.0828630783324251,0.6341458536966633,31
16.5,167.5,-0.2860541221423027,0.14347708151957062,30
16.5,168.5,-0.04720292261026448,0.8947871042097532,26
16.5,169.5,-0.014641900937081974,0.9578745987779059,23
16.5,170.5,0.06735166110166083,0.8621556082271453,24
16.5,171.5,-0.17724483204134334,0.42979527233955583,22
16.5,172.5,-0.2864583333333335,0.3668796006462124,22
16.5,173.5,-0.5945551529790661,0.18666052241558184,23
16.5,174.5,-0.13643790849673193,0.6726109872286647,23
16.5,175.5,-0.33110619908174543,0.3382878549727658,25
16.5,176.5,-0.1507981559365985,0.7283144806017332,24
16.5,177.5,0.21126588791601256,0.6264962743469109,20
16.5,178.5,-0.5511108691230927,0.21568869559132287,21
16.5,179.5,-0.23958333333333304,0.5350244506182873,22
16.5,180.5,-0.35090325112381576,0.21568869559132287,21
16.5,181.5,0.22203186888370158,0.7702877264736667,20
16.5,182.5,-0.19914349817902793,0.45029515330704106,21
16.5,183.5,-0.18336078076159362,0.7397638077281241,21
16.5,184.5,0.234375,0.35190433886252526,22
16.5,185.5,-0.09956463300607743,0.8795727890074994,18
16.5,186.5,0.0921252192653925,0.9640893612679119,16
16.5,187.5,0.21573820915926167,0.5696455906988613,18
16.5,188.5,0.46332658569500684,0.11328720822235322,15
16.5,189.5,0.7464965994212975,0.36012164775537825,13
16.5,190.5,1.443755774561133,0.22843980898867533,14
16.5,191.5,0.06061841238471606,0.8368197050512747,17
16.5,192.5,0.20625585395801546,0.7730800663123129,17
16.5,193.5,0.36836945304437607,0.3004271167492414,16
16.5,194.5,-1.2550540289108347,0.22547929744791595,18
16.5,195.5,-3.7368913282514375,0.013277487626936979,16
16.5,196.5,-2.9804653226449713,0.016006155153163254,14
16.5,197.5,-1.201172389613301,0.12747693274137845,17
16.5,198.5,-1.344167716770668,0.1081613547799688,17
16.5,199.5,-0.2934537315338679,0.5444860568259107,18
16.5,200.5,-0.8159326654748611,0.20575410127305516,20
16.5,201.5,-1.2057019287203472,0.22547929744791595,18
16.5,202.5,-2.802125279642058,0.02802711344465016,18
16.5,203.5,-0.9785470085470095,0.28888280402716393,18
16.5,204.5,-0.6542049053663896,0.6204252937103817,16
16.5,205.5,-0.8116045252178121,0.17403358020816395,17
16.5,206.5,-1.0759322827274147,0.15005063655725903,18
16.5,207.5,-1.5591134503807522,0.07651365424139898,17
16.5,208.5,-0.15182186234817807,0.8887055908352302,19
16.5,209.5,1.1909949164851128,0.08144297973908005,18
16.5,210.5,1.029580557732497,0.18344722817247316,20
16.5,211.5,0.9683501683501679,0.19780102703780067,18
16.5,212.5,-1.2694725975975973,0.2629105671183505,19
16.5,213.5,-0.9251367884215211,0.12371517875173883,19
16.5,214.5,-0.9232954545454546,0.10312035207340357,18
16.5,215.5,-0.3825937607554646,0.566142727568169,21
16.5,216.5,-0.10454501914120098,0.9070384808036948,25
16.5,217.5,0.18571428571428542,0.8600328045734927,26
16.5,218.5,0.4704670329670321,0.7243397423849234,26
16.5,219.5,-0.507911546232921,0.3623776993195864,25
16.5,220.5,0.09800388010491894,0.8621556082271453,24
16.5,221.5,0.2908564095545295,0.5968073797467659,26
16.5,222.5,-0.8885666066496503,0.11311064616021758,27
16.5,223.5,-1.022465574548907,0.03803897167070164,28
16.5,224.5,-0.9402328033116685,0.19056376210977788,31
16.5,225.5,-0.19511556101251232,0.7784259141888469,29
16.5,226.5,-0.8409400644249132,0.10393710976242979,27
16.5,227.5,-0.8011585703817997,0.11311064616021758,27
16.5,228.5,-0.9769813628067459,0.0241906962991752,32
16.5,229.5,-1.3538323835513288,0.009781611919498067,31
16.5,230.5,-0.47873548046248826,0.3335023015339059,36
16.5,231.5,0.4181649748126788,0.3759635132769804,36
16.5,232.5,-0.028588884448862227,0.9457024715498787,36
16.5,233.5,-0.29820212797347045,0.6508450294523307,38
16.5,234.5,0.9091547626093522,0.07422718306426038,38
16.5,235.5,0.12865030985829234,0.7982398124572034,35
16.5,236.5,0.4152098746519798,0.5216481488445233,40
16.5,237.5,0.10121674207817982,0.8248046168337547,40
16.5,238.5,-1.0371576720479934,0.20836472630402936,39
16.5,239.5,-0.21990199840809588,0.7821011605739105,38
16.5,240.5,0.26960784313725444,0.5296140782563044,38
16.5,241.5,0.7262733950279904,0.22084614564234595,41
16.5,242.5,0.13128210315226596,0.7450889812709389,42
16.5,243.5,0.7172675599528258,0.10403298714422621,42
16.5,244.5,0.608236060092981,0.22482884061570196,42
16.5,245.5,0.4776281421654904,0.3150507838438277,43
16.5,246.5,0.6635261198093645,0.25307527931601204,44
16.5,247.5,-0.1286573105009925,0.8016826064347501,43
16.5,248.5,-0.3747203608624261,0.29531084070475133,43
16.5,249.5,-0.5851529922704307,0.11694867361133053,44
16.5,250.5,-0.8794177656554125,0.028178312148288143,44
16.5,251.5,-0.5678291847041846,0.07185237602881266,43
16.5,252.5,-0.5172951179008236,0.24477263865521393,44
16.5,253.5,-0.5532807896410873,0.14867484257636626,43
16.5,254.5,-0.9584978974407399,0.028178312148288143,44
16.5,255.5,0.050509772227530864,0.8794125662732877,44
16.5,256.5,-0.16237088123223326,0.7615493074182684,42
16.5,257.5,0.11131955565549304,0.7694978647855905,43
16.5,258.5,0.08555337028428434,0.9166502013630717,43
16.5,259.5,-1.805223827826029,0.010500141616893558,44
16.5,260.5,0.5626804067110204,0.3573648817454941,44
16.5,261.5,-0.08471417446500862,0.863482766117042,44
16.5,262.5,-0.05516172566294256,0.9274700560306763,44
16.5,263.5,-1.0011245265151514,0.02858574720092159,42
16.5,264.5,-0.2912019365731997,0.6163750034803586,40
16.5,265.5,-0.21567986411736406,0.7287442378062506,42
16.5,266.5,-0.7550811826706969,0.05338122053679904,44
16.5,267.5,-0.5772647997608492,0.0641825017814526,44
16.5,268.5,-0.14356718107272262,0.5372545134763995,44
16.5,269.5,0.20108683518704468,0.7616899520580042,41
16.5,270.5,0.15156441626251013,0.6942324524938993,41
16.5,271.5,0.11013986013985934,0.8125085458048832,34
16.5,272.5,-0.08573867163252658,0.7668567682388833,34
16.5,273.5,-0.3198006388537361,0.5666859527923179,28
16.5,274.5,-0.1726306171127878,0.6151681449180015,32
16.5,275.5,0.062230704383664584,0.8383870987564421,31
16.5,276.5,0.1760683959978815,0.545656108406517,33
16.5,277.5,0.11586147454031145,0.7895923705025335,34
16.5,278.5,0.11607547104099136,0.7596537518193331,31
16.5,279.5,-0.06796231659953991,0.7215386520496392,29
16.5,280.5,-0.5482541616467113,0.022391992980315224,30
16.5,281.5,-0.08878312884603057,0.54850039361213,32
16.5,282.5,0.20608861876040888,0.32013656844448835,29
16.5,283.5,0.3919956140350874,0.2535263593015791,30
16.5,284.5,0.061778316787932865,0.8365263661204166,29
16.5,285.5,0.46585470413595426,0.26027849278171566,27
16.5,286.5,0.2156345413744285,0.32013656844448835,29
16.5,287.5,0.4218182013031546,0.2766963536434416,31
16.5,288.5,0.2833263964178645,0.485610385141812,32
16.5,289.5,0.21491623450287736,0.3917934361895805,30
16.5,290.5,-0.06070574162679421,0.8865048064138312,30
16.5,291.5,0.14303301149272793,0.6352273936721516,34
16.5,292.5,-0.0691520748587561,0.83810858978553,36
16.5,293.5,0.012293771491118906,0.9478599779684119,37
16.5,294.5,-0.22634353605049284,0.5452829029299784,39
16.5,295.5,0.04314891090016291,0.927053855932963,37
16.5,296.5,0.2475649350649351,0.632840693851598,38
16.5,297.5,0.3759618665891614,0.10768143385917042,37
16.5,298.5,0.08931502913896398,0.6700765413856125,35
16.5,299.5,0.3620507399577167,0.08730673860921659,38
16.5,300.5,0.11822881066302138,0.7628611639449314,38
16.5,301.5,0.06655565544295472,0.820250411786219,35
16.5,302.5,-0.09236793606189253,0.8649901175825423,37
16.5,303.5,0.2319258299584713,0.556163415969644,37
16.5,304.5,0.161198174656278,0.3926123103751683,38
16.5,305.5,0.5381678033532252,0.15469367377127763,34
16.5,306.5,0.2698206018518522,0.4431544530574595,35
16.5,307.5,0.06290064102564126,0.7547126102355206,35
16.5,308.5,-0.13920464342750383,0.6565125016248674,34
16.5,309.5,0.03089281531077773,0.9382480146046129,33
16.5,310.5,0.07936965256597309,0.774848422162878,36
16.5,311.5,0.572417188111078,0.058317415738967884,36
16.5,312.5,0.061888144227211915,0.9055957937612324,34
16.5,313.5,0.1989631517019097,0.5359057917615426,29
16.5,314.5,-0.056255982437084864,0.7215386520496392,29
16.5,315.5,0.37638392589681635,0.4282542252410364,27
16.5,316.5,-0.16536183272682162,0.5937387052742729,28
16.5,317.5,0.19030448717948723,0.6464984392954767,27
16.5,318.5,0.9271087759083491,0.11763382782129739,25
16.5,319.5,0.3143400848368453,0.6277372683701176,26
16.5,320.5,0.880277973258269,0.17175819814532312,26
16.5,321.5,0.01119697445998035,0.9850341097366097,29
16.5,322.5,-0.6169443763783391,0.1533785068859166,31
16.5,323.5,-0.2182328162456204,0.2844114676220474,30
16.5,324.5,0.12467660346758337,0.802761791874143,30
16.5,325.5,0.5236528253609585,0.35900429696743286,27
16.5,326.5,0.8057657768934943,0.17281953611248368,28
16.5,327.5,0.2572408536585369,0.6464984392954767,27
16.5,328.5,-0.46123747694500333,0.0965338291080208,24
16.5,329.5,-0.17541000378145066,0.6572273920607943,25
16.5,330.5,-0.5261211568237114,0.3376949763722794,22
16.5,331.5,-0.644492086694139,0.03203437170592567,21
16.5,332.5,0.11985139967936931,0.7048534612178423,18
16.5,333.5,0.33465309200603355,0.23495478370334333,15
16.5,334.5,1.3644664924711853,0.06269811626098261,14
16.5,335.5,1.332568807339456,0.02148873911967739,14
16.5,336.5,0.9523694600814427,0.0995087321591697,13
16.5,339.5,0.4948702079175272,0.4506702853141802,12
17.5,62.5,4.192352614929024,0.06170669002831271,11
17.5,63.5,-0.33424063405266446,0.8430852292699837,15
17.5,64.5,0.23466986372389298,0.8266659696701553,14
17.5,65.5,1.8189408396946551,0.05886224110862783,19
17.5,66.5,1.321934235976789,0.06273522885003777,22
17.5,67.5,1.2988524773050678,0.18666052241558184,23
17.5,68.5,1.4934982274288506,0.034345754006712845,26
17.5,69.5,0.7293761100499312,0.2157852878709826,25
17.5,70.5,1.9668942828805207,0.03765485026971746,25
17.5,71.5,1.115092097445038,0.05512169907077396,27
17.5,72.5,0.5770348837209305,0.11011795401290479,31
17.5,73.5,-0.46312663728076686,0.7212260985001633,30
17.5,74.5,0.06777427801584458,0.8955329031670437,29
17.5,75.5,-0.2302513595127229,0.7108359248149255,17
17.5,76.5,-0.10057471264368179,0.6242768461207494,19
17.5,77.5,-0.380218812877264,0.5350244506182873,22
17.5,78.5,-0.6447752006962532,0.4440436396628866,16
17.5,79.5,0.006009615384615385,1.0,30
17.5,80.5,0.06324310934966683,0.9240398006814219,36
17.5,81.5,-0.21242350915816188,0.539915857350804,36
17.5,82.5,-0.41525224594568977,0.4872648904642325,36
17.5,83.5,-0.8366510073262513,0.08864074661698312,36
17.5,84.5,-0.11812503982928266,0.9062974979468705,37
17.5,85.5,0.24757687165775383,0.5778990721352786,39
17.5,86.5,0.6160624006933408,0.3453965562420982,39
17.5,87.5,0.66783301158301,0.2263989227367953,39
17.5,88.5,0.06500208435055863,0.8655164609304618,39
17.5,89.5,-0.36454703832752955,0.39793422470267026,42
17.5,90.5,0.040042562724016406,0.9654228872862333,42
17.5,91.5,-0.5621622888830314,0.2657461083422321,39
17.5,92.5,-0.06036873961427734,0.8485702914543127,41
17.5,93.5,-0.07508884927682341,0.7887194899032053,40
17.5,94.5,-0.325289314072738,0.43502642785483836,40
17.5,95.5,-0.411672712958,0.32848073232961217,41
17.5,96.5,-0.08063606784376996,0.9552145926892925,41
17.5,97.5,-0.20433889959145696,0.4210494421975055,38
17.5,98.5,0.1981370681077924,0.4264505315507925,35
17.5,99.5,0.669409649413236,0.3069529533583134,32
17.5,100.5,0.49545940170940184,0.1315212224059174,32
17.5,101.5,0.525847457627119,0.132233654832753,35
17.5,102.5,-0.5253592690268715,0.2933017774384965,35
17.5,103.5,0.06614532254549438,0.8067106222830901,40
17.5,104.5,-0.8894996584023775,0.07783064222038116,41
17.5,105.5,-0.31502810509353485,0.5642685185472105,44
17.5,106.5,0.09044453488897922,0.9499317198507831,43
17.5,107.5,-0.966394227116618,0.034525447755673386,44
17.5,108.5,-0.9220687365369851,0.004774316001256474,44
17.5,109.5,-0.4663355078542397,0.31667600886647385,44
17.5,110.5,-0.34988485887042464,0.4481100203468621,44
17.5,111.5,-0.8387767350985292,0.016526307625580862,44
17.5,112.5,-0.9301430236832333,0.07341783972930695,44
17.5,113.5,-0.5524384274591404,0.10779845401585703,44
17.5,114.5,-0.2515765309663287,0.38994765540100507,44
17.5,115.5,-0.16955067216674224,0.5780164317724827,44
17.5,116.5,0.11721190231940998,0.6059749796211158,44
17.5,117.5,-0.3173929764323799,0.3265515945621936,44
17.5,118.5,-0.12390602108470145,0.8160502573345575,44
17.5,119.5,-0.6697783311778321,0.17211938190333276,44
17.5,120.5,-1.4308999407375782,0.01844195327937014,44
17.5,121.5,-0.3816463288660553,0.4481100203468621,44
17.5,122.5,-0.5647437965011136,0.11694867361133053,44
17.5,123.5,-0.27581070483345843,0.4126408006212513,44
17.5,124.5,-1.0732499560231736,0.00933962948750915,44
17.5,125.5,-0.9731470797561487,0.0050841895799981695,44
17.5,126.5,-1.0276236281911169,0.008803452340013748,44
17.5,127.5,-0.5634300791083251,0.12174702987918576,44
17.5,128.5,-0.5552227316497566,0.1266979608214545,44
17.5,129.5,-0.8016985643803233,0.0420558851936368,44
17.5,130.5,-0.32241955548568924,0.5506799969195222,44
17.5,131.5,-1.1691907650989455,0.0024932089260287687,44
17.5,132.5,-0.9173799841270271,0.022863431302471683,44
17.5,133.5,-1.1904886672220942,0.0073560708310388655,44
17.5,134.5,-0.7021984135669748,0.1318042280915117,44
17.5,135.5,-0.5030668936735818,0.22101797270992485,44
17.5,136.5,-0.1345360986324381,0.6636253756806705,44
17.5,137.5,0.24493436102042201,0.47268784744188586,44
17.5,138.5,0.0752610564255784,0.7692824541886295,44
17.5,139.5,-0.09821352772558395,0.8003790608501801,44
17.5,140.5,0.0009043833321313774,1.0,44
17.5,141.5,0.11007275494755885,0.6345230397276371,44
17.5,142.5,-0.4250692632162367,0.14644317557278405,42
17.5,143.5,-0.4649254017356841,0.14249360131085043,44
17.5,144.5,-0.2360567565124178,0.4852496795837916,44
17.5,145.5,-0.7969575060556322,0.0012670085115864052,43
17.5,146.5,-0.9247179805373275,0.00015157043489308217,43
17.5,147.5,-0.7154595970972034,0.01608211245656234,43
17.5,148.5,-0.4529782863849766,0.06860941539611357,43
17.5,149.5,-0.4115037634846879,0.09512571219316361,42
17.5,150.5,-0.10368095408895239,0.7615493074182684,42
17.5,151.5,-0.037665470212561385,0.919481045938793,41
17.5,152.5,-0.16789567042430825,0.49799010072042804,44
17.5,153.5,-0.228691635131836,0.25836440296788166,43
17.5,154.5,0.46711175527322063,0.11166721889060978,43
17.5,155.5,0.14625510726907245,0.448081548716583,42
17.5,156.5,-0.35051073481257444,0.054530865275567435,37
17.5,157.5,-0.3263354126288556,0.15266138035243015,36
17.5,158.5,-0.12090678418803344,0.6471242716513834,37
17.5,159.5,0.03409090909090877,0.9037158067879053,39
17.5,160.5,0.19022379894123376,0.3908282308519907,36
17.5,161.5,-0.15993221040642364,0.5935629766221353,34
17.5,162.5,-0.27722752014206403,0.10375550597046108,33
17.5,163.5,-0.3165476512512492,0.11789500171022899,31
17.5,164.5,-0.6355082500301092,0.000596334223081823,31
17.5,165.5,-0.5848645995553768,0.019551053507286472,27
17.5,166.5,-0.2046925265859513,0.13837039523899158,29
17.5,167.5,-0.13658964202973223,0.41989889923791546,29
17.5,168.5,-0.13953005549936914,0.7215386520496392,29
17.5,169.5,0.30311569940476174,0.31062506239573384,26
17.5,170.5,-0.2680445740875552,0.22420756495904925,24
17.5,171.5,0.3320277694433524,0.2389242185787459,21
17.5,172.5,-0.3801294191919191,0.12557019892294263,23
17.5,173.5,-0.47428160919540263,0.21471330142519174,22
17.5,174.5,-0.4065799579175144,0.1411929728237963,25
17.5,175.5,-0.40155550861474154,0.18600402378747005,26
17.5,176.5,-0.3008493807949165,0.21471330142519174,22
17.5,177.5,-0.04497425766283536,1.0,22
17.5,178.5,-0.3967391304347825,0.1758957490227674,22
17.5,179.5,-0.1766847561002527,0.7397638077281241,21
17.5,180.5,-0.388523711671393,0.12783672945149901,22
17.5,181.5,-0.17192072359670105,0.7264469840368603,19
17.5,182.5,0.264996408045977,0.4953662988030888,18
17.5,183.5,-0.24975269700250077,0.4046702444107403,18
17.5,184.5,0.022827758554401945,0.9442166279919116,19
17.5,185.5,0.27592868025828743,0.9128140271840749,14
17.5,186.5,0.747127671151657,0.16280544974369293,16
17.5,187.5,1.5084219219842887,0.021667399928426374,16
17.5,188.5,1.477892135555391,0.048744920739706564,14
17.5,189.5,1.6038277666557954,0.2001281176786024,13
17.5,190.5,0.6763612402110577,0.36012164775537825,13
17.5,191.5,0.3316096899914934,0.5840703669455064,14
17.5,192.5,0.24749609422902705,0.4506702853141802,12
17.5,193.5,0.584337117174928,0.5829505577618919,13
17.5,194.5,-0.498664093010467,0.5829505577618919,13
17.5,195.5,-2.198202740113745,0.38107448160929436,14
17.5,196.5,-2.7420133475416018,0.07685087226788877,13
17.5,197.5,-1.6712888927488074,0.24638736002924666,13
17.5,198.5,-0.6631789951798294,0.2762784158080178,15
17.5,199.5,-0.479525862068966,0.7425568219265776,14
17.5,200.5,-0.859025898710149,0.06490335860944318,16
17.5,201.5,-0.29004315401374275,0.8430852292699837,15
17.5,202.5,0.4419642857142865,0.6206907170753546,15
17.5,203.5,-0.14583333333333348,0.6801369854363228,17
17.5,204.5,-0.7532438220558089,0.38701399031522477,17
17.5,205.5,0.2593275771847203,0.5526151250628484,15
17.5,206.5,-2.084593540287621,0.2001281176786024,13
17.5,207.5,-1.2105542452830185,0.0798019286423907,14
17.5,208.5,-0.369394736295737,0.6614159170078631,14
17.5,209.5,-1.1503229348624089,0.2762784158080178,15
17.5,210.5,-0.6393998212727371,0.2762784158080178,15
17.5,211.5,-0.9225115740740737,0.1546297519658153,14
17.5,212.5,-0.031696428571428785,1.0,14
17.5,213.5,-0.22437138680441396,0.7108359248149255,17
17.5,214.5,-1.1535447311309386,0.22547929744791595,18
17.5,215.5,-0.5969244242138236,0.31900803011512957,21
17.5,216.5,-0.00864096289354066,1.0,23
17.5,217.5,0.6828231292517017,0.2839350843566295,22
17.5,218.5,1.1350236682005554,0.24369251012790516,24
17.5,219.5,-0.5506630423593368,0.2772098350690809,28
17.5,220.5,-0.2531900681776299,0.6767236120473166,27
17.5,221.5,-0.2456586826347305,0.6464984392954767,27
17.5,222.5,-1.121162350501543,0.14448704057062542,27
17.5,223.5,-1.4398693555268671,0.021041354840141278,29
17.5,224.5,-0.8788093662078578,0.2437621921734151,28
17.5,225.5,-1.1262936946103566,0.004174106363619363,28
17.5,226.5,-0.75030871240902,0.20586252630799218,24
17.5,227.5,-0.8430761946386944,0.12291053975401948,27
17.5,228.5,-0.1282120626363299,0.9147523390847367,30
17.5,229.5,0.1324745398486405,0.6427431760684212,30
17.5,230.5,0.24361257161845895,0.5664461417662239,33
17.5,231.5,0.8883231026785721,0.21303867828843515,34
17.5,232.5,0.13907461740554547,0.8162147751081346,33
17.5,233.5,-0.016306320059395675,0.7922384250904911,33
17.5,234.5,0.6608168884265386,0.18900350850385061,32
17.5,235.5,1.0546342254969547,0.062196528651478886,32
17.5,236.5,0.6671874999999999,0.20234388657884772,34
17.5,237.5,0.6987621753246742,0.15469367377127763,34
17.5,238.5,-0.029672987400755822,0.9095458052651214,35
17.5,239.5,-0.7096354166666652,0.2442143847130671,35
17.5,240.5,0.030109028982629037,0.9062974979468705,37
17.5,241.5,-0.29056609623015817,0.6238911772497976,38
17.5,242.5,0.12995039342809772,0.8248046168337547,40
17.5,243.5,0.5649884259259267,0.2657461083422321,39
17.5,244.5,0.3329529930452062,0.4081104204610595,40
17.5,245.5,-0.06258570899814497,0.9535453737590693,40
17.5,246.5,1.041934105777934,0.10823718866402149,41
17.5,247.5,1.2352006426151636,0.062317355978733335,42
17.5,248.5,-0.16227301759982377,0.5919199160567152,44
17.5,249.5,-0.65061550487747,0.11694867361133053,44
17.5,250.5,0.18900467121810927,0.6451727985245015,43
17.5,251.5,0.10664991676643798,0.7847878138372517,44
17.5,252.5,-0.6753689634428097,0.12652460633655835,43
17.5,253.5,-0.13017241379310462,0.8342074867818815,43
17.5,254.5,-0.5451182660186267,0.2134795926554277,44
17.5,255.5,0.1756656929812339,0.7385526280584778,44
17.5,256.5,0.4510008508094169,0.4101432374855566,42
17.5,257.5,0.32869929788943847,0.5029936375635133,43
17.5,258.5,-0.1675303274313646,0.8476082739456742,44
17.5,259.5,0.22153053845337978,0.6201774624706455,44
17.5,260.5,0.20562802948875164,0.7847878138372517,44
17.5,261.5,0.5611572229368988,0.11694867361133053,44
17.5,262.5,-0.2761591478696772,0.5300529217566404,43
17.5,263.5,0.9208034290271134,0.12652460633655835,43
17.5,264.5,0.41392941131453687,0.37889136985202754,44
17.5,265.5,-0.6195822704081639,0.10779845401585703,44
17.5,266.5,-0.5525362318840576,0.13180538892839125,43
17.5,267.5,-1.083764769585656,0.029662624945470544,44
17.5,268.5,-0.47958114577953614,0.4383374552726653,41
17.5,269.5,-0.009201763858889933,0.961407429045934,39
17.5,270.5,0.1944183805577266,0.6942324524938993,41
17.5,271.5,1.0035122613645795,0.0246114402001047,36
17.5,272.5,-0.19645295529433326,0.7084629632532715,31
17.5,273.5,-0.25164648852534266,0.5270983110287552,32
17.5,274.5,0.17874900340357894,0.6530785762864474,36
17.5,275.5,0.005751045415305282,0.9870617094920746,32
17.5,276.5,-0.1267437563165985,0.7763884317697076,35
17.5,277.5,-0.17318122974340472,0.5320609713589797,35
17.5,278.5,-0.2806552094146264,0.47532023939393775,31
17.5,279.5,-0.5953178579751623,0.052673076142124964,31
17.5,280.5,-0.25907142857142845,0.2558127208391442,35
17.5,281.5,-0.1747977676676013,0.5270983110287552,32
17.5,282.5,-0.4200962152812461,0.3954246967469043,31
17.5,283.5,0.7096179697607643,0.21100212777492178,27
17.5,284.5,-0.025873600894441337,0.984237603525127,28
17.5,285.5,0.5469723333519398,0.31062506239573384,26
17.5,286.5,0.49528594419411875,0.33300968343191173,28
17.5,287.5,0.43798937970352886,0.2437621921734151,28
17.5,288.5,0.4972642039103309,0.2631677566593238,32
17.5,289.5,0.2653658191140456,0.17765391067092295,33
17.5,290.5,-0.09183782221196779,0.8584007529637274,30
17.5,291.5,0.03590875515499117,0.9611987334080325,32
17.5,292.5,-0.5154689769261994,0.37375236607181783,34
17.5,293.5,-0.4035722424198802,0.6099979618746088,37
17.5,294.5,-0.13786011585692784,0.8209725423085437,38
17.5,295.5,-0.4567307692307692,0.4515990698027619,35
17.5,296.5,-0.4245966831363807,0.3486070834489362,35
17.5,297.5,0.13238960113960097,0.47765973512758664,35
17.5,298.5,0.14492824133532262,0.7044743405984467,37
17.5,299.5,0.08656312689129977,0.7436890405792607,37
17.5,300.5,-0.11721999405822933,0.7895923705025335,34
17.5,301.5,0.32990695364403055,0.3278699729277641,34
17.5,302.5,0.04475923745105624,0.8821498665400751,34
17.5,303.5,0.15634314541772631,0.5952698888863501,36
17.5,304.5,0.3096092350537394,0.24742959333188785,38
17.5,305.5,1.1666666666666654,0.005613231495104923,35
17.5,306.5,0.44532421289355284,0.30654284259023945,35
17.5,307.5,0.13666248438822373,0.7232069107388606,36
17.5,308.5,0.10930655051699378,0.6530785762864474,36
17.5,309.5,-0.09501455544650199,0.8444667630816368,37
17.5,310.5,-0.04216843958954315,0.83810858978553,36
17.5,311.5,0.1045048701298702,0.7443201343805719,34
17.5,312.5,-0.38742700888022535,0.15829432695339385,32
17.5,313.5,0.2904134943512865,0.19843040968125814,33
17.5,314.5,0.165142742695447,0.5865203757130351,31
17.5,315.5,-0.050804677635731085,0.9252757299002273,29
17.5,316.5,-0.282986842721356,0.5865203757130351,31
17.5,317.5,0.6143500271104441,0.5878049630676369,27
17.5,318.5,1.1399171505051364,0.09502476539267062,29
17.5,319.5,0.018705739321410064,0.9715358738879935,30
17.5,320.5,-0.7237750260832412,0.13840976575205344,28
17.5,321.5,-0.8670561974789915,0.03222982867607391,31
17.5,322.5,-1.3379856750392474,0.0053130819622073805,31
17.5,323.5,-0.549830751477674,0.32013656844448835,29
17.5,324.5,0.6019422743055558,0.3321321174074414,26
17.5,325.5,0.8298095277792901,0.12783672945149901,22
17.5,326.5,-0.27475775917039474,0.6726109872286647,23
17.5,327.5,0.1729496249257277,0.7702877264736667,20
17.5,328.5,0.3970097329472331,0.21471330142519174,22
17.5,329.5,0.012114025297619057,0.975910003234818,21
17.5,330.5,-0.2047051296261654,0.566142727568169,21
17.5,331.5,-0.08802064782414958,0.8368197050512747,17
17.5,332.5,0.07615727655298074,0.9211586502250249,15
17.5,334.5,0.4183600713012473,0.7554968749288828,11
17.5,335.5,0.19399397122621453,1.0,10
18.5,60.5,-2.460226694742839,0.21291190281150452,11
18.5,61.5,3.265901771336554,0.28313087066234666,10
18.5,62.5,2.7332754416718954,0.22843980898867533,14
18.5,63.5,0.13447214234623223,0.8925584658515614,16
18.5,64.5,1.0697063217815164,0.17419048270007742,21
18.5,65.5,2.803553923514097,0.002799099429399274,22
18.5,66.5,3.1768380015311948,0.0070628436738821325,23
18.5,67.5,0.6751800529556141,0.6505819869583885,21
18.5,68.5,0.7145762568313321,0.3975873918299724,22
18.5,69.5,-0.4606927160143126,0.5727823105937271,22
18.5,70.5,0.8767082590611984,0.3417178800455669,23
18.5,71.5,1.2817760298812204,0.023086525936651767,28
18.5,72.5,-0.0383751486434417,0.9850341097366097,29
18.5,73.5,-2.9903399755084337,0.0706988181459461,26
18.5,74.5,0.11574074074074106,0.6345102928818573,23
18.5,75.5,0.10360516219891269,0.8621556082271453,24
18.5,76.5,-0.22721823893698873,0.5727823105937271,22
18.5,77.5,-0.05387523629489605,0.9101956836196836,22
18.5,78.5,-0.8849431818181823,0.1758957490227674,22
18.5,79.5,-0.21377969100421185,0.5594130972023401,27
18.5,80.5,0.48520966167160007,0.3200645361580008,36
18.5,81.5,0.8407464548319321,0.04168527148667449,38
18.5,82.5,0.05468048207842381,0.8168835068089898,36
18.5,83.5,-0.40838829246727215,0.40668256873463315,38
18.5,84.5,-0.2888212513921218,0.7547126102355206,35
18.5,85.5,0.6730065516579611,0.233976364304341,37
18.5,86.5,0.05046498383312592,0.9891324349096958,36
18.5,87.5,0.6076115283140826,0.21793165186589147,38
18.5,88.5,0.16391538597421373,0.8014754175793354,38
18.5,89.5,0.15783904817845681,0.6874625535563468,38
18.5,90.5,-0.10438182778361768,0.7616899520580042,41
18.5,91.5,0.0543864211713945,0.8794050603461727,42
18.5,92.5,-0.08891296165989306,0.8612638836213089,40
18.5,93.5,0.26353821767721963,0.4383374552726653,41
18.5,94.5,-0.12249827467218526,0.7781182480506512,42
18.5,95.5,0.017713962847204237,0.9721171358417333,40
18.5,96.5,0.4749494440433713,0.266154543300259,41
18.5,97.5,0.33114035087719285,0.3486070834489362,35
18.5,98.5,-0.02790178571428603,0.9320955597597091,35
18.5,99.5,0.21302643631402995,0.4418455025304515,29
18.5,100.5,0.2543840259357492,0.568058623631595,30
18.5,101.5,-0.14895200183615617,0.4981364283916775,39
18.5,102.5,-0.3589082678270634,0.45325103254848365,39
18.5,103.5,0.15935672514619847,0.6646547813082152,42
18.5,104.5,0.40895815143370884,0.4481100203468621,44
18.5,105.5,-0.2381819512754571,0.7219721517415344,43
18.5,106.5,-0.7628897218568143,0.20917019225053202,43
18.5,107.5,-0.7087439588656155,0.11230009255971522,44
18.5,108.5,-0.5194856113376205,0.414326973448099,43
18.5,109.5,0.20681006122337697,0.510906363666696,44
18.5,110.5,-0.22671462481078852,0.3356385211551284,43
18.5,111.5,-0.12910008768714756,0.7082349133954652,44
18.5,112.5,-0.5847876866034607,0.2366630608439486,44
18.5,113.5,-0.1290864054958095,0.4481100203468621,44
18.5,114.5,-0.13716671822410148,0.5506799969195222,44
18.5,115.5,-0.07323063745790834,0.9114126436396226,44
18.5,116.5,-0.44770678424457977,0.12174702987918576,44
18.5,117.5,-0.8804102852234503,0.05857536389703457,44
18.5,118.5,-1.1082186497787532,0.01608211245656234,43
18.5,119.5,-1.6375626749900007,0.00441896281282407,43
18.5,120.5,-0.7970594330881581,0.14808199944763661,44
18.5,121.5,-0.34107254689577493,0.47268784744188586,44
18.5,122.5,0.06589025906809462,0.8953913275963306,44
18.5,123.5,-0.6024975697432865,0.11230009255971522,44
18.5,124.5,-0.9244235108708443,0.09922453406650901,44
18.5,125.5,-1.0242889118685263,0.02675845544525713,44
18.5,126.5,-1.0813229680235226,0.002036548339990088,44
18.5,127.5,-0.32021669115145673,0.4852496795837916,44
18.5,128.5,-0.07794799967847313,0.8794125662732877,44
18.5,129.5,-0.6387761002997527,0.05857536389703457,44
18.5,130.5,-0.3100112764842397,0.34689635122351015,44
18.5,131.5,-1.2961982544607413,0.00933962948750915,44
18.5,132.5,-1.225361024476008,0.022863431302471683,44
18.5,133.5,-1.1094444578984377,0.02167945281843703,44
18.5,134.5,-0.9038578603142849,0.03283383109740992,44
18.5,135.5,-0.5129594961585235,0.08739348112980251,44
18.5,136.5,-0.12124859777915746,0.7385526280584778,44
18.5,137.5,0.0028814516109507034,1.0,44
18.5,138.5,0.006906530998936742,0.9919301238572449,44
18.5,139.5,0.03738309269621572,0.8476082739456742,44
18.5,140.5,0.6236759786490143,0.11694867361133053,44
18.5,141.5,0.27968699121312257,0.34689635122351015,44
18.5,142.5,-0.06476686108338418,0.8835141491217923,43
18.5,143.5,-0.10469583955473051,0.7694978647855905,43
18.5,144.5,-0.6057848963464392,0.08610185002533892,43
18.5,145.5,-0.983164066791774,0.0005531802115139818,43
18.5,146.5,-1.1041166123148598,5.8514791096420274e-05,43
18.5,147.5,-0.7499038742394799,0.006107746485171551,43
18.5,148.5,-0.17950428167079774,0.42427491772837767,44
18.5,149.5,-0.15223223383167495,0.6602647550462682,43
18.5,150.5,-0.009272284088460618,0.9654228872862333,42
18.5,151.5,-0.06093095519941716,0.7615493074182684,42
18.5,152.5,-0.11474391480730262,0.615428246959838,43
18.5,153.5,-0.16340957844035975,0.4517264720866897,41
18.5,154.5,0.14942690208577059,0.507532735474822,41
18.5,155.5,-0.21331627807042447,0.4791861756075628,41
18.5,156.5,-0.3638729823137875,0.153984399663931,37
18.5,157.5,-0.4025786784741219,0.233976364304341,37
18.5,158.5,0.01608376974587933,0.9799402562507286,38
18.5,159.5,-0.2062744635297722,0.556163415969644,37
18.5,160.5,-0.11236085633116337,0.5738490427115428,37
18.5,161.5,-0.11058062523265286,0.43751817737481247,36
18.5,162.5,-0.22413589015151503,0.24520258402450212,33
18.5,163.5,-0.4503032040466196,0.08298294959133426,31
18.5,164.5,-0.4317434210526313,0.01308391989517775,31
18.5,165.5,-0.13555670549704435,0.5441196833389506,30
18.5,166.5,0.06702382118599774,0.8816544601371027,24
18.5,167.5,0.6786972342113916,0.24521106099767986,23
18.5,168.5,0.19417310736142498,0.6168456628672252,27
18.5,169.5,-0.05965370018975309,0.9431079616717606,30
18.5,170.5,-0.12325248309131205,0.7513001501987963,23
18.5,171.5,-0.725156108106856,0.004070304881397594,25
18.5,172.5,-0.5593255310859585,0.024081005177344808,22
18.5,173.5,-0.28136596679687526,0.21471330142519174,22
18.5,174.5,0.014256683050417296,0.9813671252686654,25
18.5,175.5,0.07993095963794228,0.8215254231894769,22
18.5,176.5,-0.12009662300975875,0.8740921801633091,23
18.5,177.5,0.07423442695791772,0.940681598665201,24
18.5,178.5,-0.10168650793650849,0.5973541948267042,23
18.5,179.5,-0.15840208079206483,0.45472385265315574,25
18.5,180.5,-0.2735791798291798,0.4922895298178107,23
18.5,181.5,-0.6229241525471085,0.023046552822984987,18
18.5,182.5,0.1104123187767328,0.9016495048953725,17
18.5,183.5,-0.7814547837483612,0.6206907170753546,15
18.5,184.5,-0.1595514620380607,0.7730800663123129,17
18.5,185.5,1.0346227889331332,0.511220344688192,14
18.5,186.5,0.8091430376086327,0.38107448160929436,14
18.5,187.5,0.6468647708674304,0.2735614117247491,14
18.5,188.5,0.3896347363328495,0.6614159170078631,14
18.5,189.5,0.43944506722070953,0.6206907170753546,15
18.5,190.5,0.25186965811965817,0.7425568219265776,14
18.5,191.5,1.1507644280797245,0.029272509186304533,11
18.5,192.5,0.4380287948809105,0.8580276569875211,10
18.5,193.5,-0.25165971990147656,0.5334165134726944,11
18.5,194.5,-0.6772696442342507,0.27575784782750934,11
18.5,195.5,-3.10305889421561,0.06410357671243591,12
18.5,196.5,-3.2346491228070207,0.01951748118217775,11
18.5,197.5,-1.6761547157622738,0.04296014602842502,11
18.5,198.5,0.20150627266421517,0.5371338571769023,12
18.5,199.5,-0.3352445861637038,0.8580276569875211,10
18.5,200.5,0.4913793103448278,0.6614159170078631,14
18.5,201.5,0.27735117139260934,0.7603323075218761,13
18.5,202.5,0.13888403263403307,0.7526419827681854,16
18.5,203.5,-0.3253688660477454,0.3004271167492414,16
18.5,204.5,-0.5960654023307307,0.344417522979072,16
18.5,205.5,-1.3696801594199037,0.06490335860944318,16
18.5,206.5,-0.6731150793650796,0.3244236905215787,14
18.5,207.5,-2.3928827996715927,0.10051817320746463,14
18.5,208.5,0.031778117715618476,0.9640893612679119,16
18.5,209.5,0.3735458634656076,0.7048534612178423,18
18.5,210.5,1.0040778423772614,0.38107448160929436,14
18.5,211.5,0.5304746011879928,0.49946120310401465,16
18.5,212.5,1.0466056034482758,0.16168621659204063,19
18.5,213.5,0.19542082486973406,0.5288645203641904,19
18.5,214.5,-0.6823187934027779,0.21568869559132287,21
18.5,215.5,-0.6815228554248784,0.19412668587809967,21
18.5,216.5,0.2577967806841056,0.7350804926819566,22
18.5,217.5,-0.48844818376068433,0.2593548928200182,22
18.5,218.5,0.055555555555556344,0.8740921801633091,23
18.5,219.5,0.22045855379188745,0.8656490997057351,22
18.5,220.5,-0.4067409994457727,0.35874300337869447,24
18.5,221.5,-0.8879033661336877,0.1724913614849527,24
18.5,222.5,-0.4448324749940463,0.5350244506182873,22
18.5,223.5,-0.348463065182969,0.777959384381542,22
18.5,224.5,-0.053469823206665344,0.9627342533101715,25
18.5,225.5,-0.641885839531757,0.3492193427947422,21
18.5,226.5,-0.9340737779808101,0.19412668587809967,21
18.5,227.5,0.36820401421312626,0.5283124685330474,25
18.5,228.5,1.3885374493927123,0.010563389671444205,26
18.5,229.5,1.2848343622116816,0.2704279639103756,26
18.5,230.5,0.08374763257575649,0.9850341097366097,29
18.5,231.5,0.5209595959595958,0.47532023939393775,31
18.5,232.5,0.30363343253968206,0.5864526254323217,29
18.5,233.5,1.3128193269908373,0.0635295354198279,30
18.5,234.5,0.6480432156839956,0.2844114676220474,30
18.5,235.5,-0.636462355212355,0.08557050563653738,26
18.5,236.5,1.1035896276331836,0.08107198481664178,29
18.5,237.5,1.1010731669428333,0.020804548046859103,28
18.5,238.5,1.724659643753923,0.007447227229062702,30
18.5,239.5,-0.40421455938697426,0.3926123103751683,38
18.5,240.5,-0.3410867493681618,0.5131118072997893,37
18.5,241.5,0.19732702098724397,0.7531271266832608,39
18.5,242.5,0.2561449662918607,0.5945442759036267,39
18.5,243.5,0.4079701704192905,0.2819046108192158,36
18.5,244.5,0.15592846694787274,0.8088286305084,39
18.5,245.5,-0.018090144521626918,0.9910383984121822,41
18.5,246.5,0.1481264356465723,0.7179633437775998,40
18.5,247.5,-0.11276455026454951,0.7961487032320338,41
18.5,248.5,-0.8756160830775779,0.015200134865169796,42
18.5,249.5,-0.8823822258207686,0.11694867361133053,44
18.5,250.5,-0.35664804582080073,0.46030716787530535,44
18.5,251.5,0.20871745983141313,0.48793753671895557,42
18.5,252.5,-0.2516148743016764,0.3741826491069974,42
18.5,253.5,0.4945445783903999,0.15975903067588082,44
18.5,254.5,-0.22506759072539256,0.5439213911923737,42
18.5,255.5,-0.7464935388388582,0.19896310814724016,44
18.5,256.5,1.3117279767982148,0.01563575082865469,44
18.5,257.5,0.39920671139269914,0.34689635122351015,44
18.5,258.5,0.36271039213423756,0.4301395854395621,44
18.5,259.5,0.8076120550645005,0.011127159881616682,44
18.5,260.5,0.06475580844001931,0.8317953693672806,44
18.5,261.5,0.01355771629966937,0.9666089629043519,43
18.5,262.5,0.07509189744519691,0.6451727985245015,43
18.5,263.5,0.3182433099843157,0.6059749796211158,44
18.5,264.5,-0.8254685116135303,0.10703273315951566,43
18.5,265.5,-0.798122906392629,0.0117872178532977,44
18.5,266.5,-1.264713053629435,0.00021962070109468254,41
18.5,267.5,-1.7144484635883874,0.0009364423817412042,37
18.5,268.5,-0.4561472470484418,0.2882065615900148,42
18.5,269.5,-0.601996527777778,0.4101196678534941,35
18.5,270.5,0.2258988203506122,0.6690554101034223,38
18.5,271.5,-0.3960895094067471,0.38221215176158163,40
18.5,272.5,0.3166045563211881,0.5142234581271419,34
18.5,273.5,-0.21680211832181398,0.4294021898343493,33
18.5,274.5,-0.11477666002828422,0.7763884317697076,35
18.5,275.5,0.3740542772851971,0.17372868378302309,37
18.5,276.5,-0.2562925841809012,0.5699960728963258,35
18.5,277.5,0.23904805946282873,0.39416640444789575,35
18.5,278.5,0.41408268132141046,0.3242351019547286,31
18.5,279.5,-0.6048808095301588,0.2429123922228934,32
18.5,280.5,-0.8297219155673385,0.03278390152092184,34
18.5,281.5,0.3556205654982517,0.5865203757130351,31
18.5,282.5,1.09183545867505,0.3386829866956895,32
18.5,283.5,0.08837813398008518,0.883962377036416,32
18.5,284.5,0.6071446798176661,0.33300968343191173,28
18.5,285.5,-0.5074320628230735,0.49659521437046883,31
18.5,286.5,0.7361111111111119,0.33419563121006324,35
18.5,287.5,0.3084346342503735,0.7856661000859302,31
18.5,288.5,-0.04264900404606229,0.9527149346506575,34
18.5,289.5,-0.00313899088084703,1.0,35
18.5,290.5,-1.4583408961307731,0.009031777548602017,32
18.5,291.5,-0.32988835020849894,0.4977975765265772,30
18.5,292.5,0.3368015079031417,0.5894353805253721,35
18.5,293.5,-0.19933143028846184,0.7248282628697524,38
18.5,294.5,0.6868199775183215,0.23011737495822138,40
18.5,295.5,-0.012322500504439171,1.0,35
18.5,296.5,-0.15792711763737471,0.8119200006410022,31
18.5,297.5,1.1418684842072668,0.09353135296636007,30
18.5,298.5,0.1969401041666674,0.6780801094706034,34
18.5,299.5,-0.22060878801431144,0.27263754267559726,34
18.5,300.5,0.07379791373585014,0.7334631920155024,36
18.5,301.5,-0.20777347652347647,0.3908282308519907,36
18.5,302.5,0.1415232879974215,0.685150206155831,37
18.5,303.5,0.5445656306434746,0.11170854477524784,35
18.5,304.5,0.48759095634095634,0.19137178961561363,35
18.5,305.5,-0.2755475646448344,0.5252517359771474,33
18.5,306.5,0.08740551519677775,0.8821498665400751,34
18.5,307.5,-0.10657863729792588,0.6309950399173054,33
18.5,308.5,-0.35681182072625556,0.34130398546017393,35
18.5,309.5,-0.2262150174912551,0.46754606280476785,34
18.5,310.5,0.09189677040569424,0.6999147656727215,34
18.5,311.5,0.1937439720264692,0.5876087946102937,33
18.5,312.5,-0.011392312138654435,0.9252757299002273,29
18.5,313.5,0.21851786139954177,0.7973063403989813,28
18.5,314.5,-0.3772751090125031,0.4282542252410364,27
18.5,315.5,-0.3761695690672957,0.4647845151096839,28
18.5,316.5,-0.375028617216117,0.5061307168657696,32
18.5,317.5,0.2099796455938696,0.7212260985001633,30
18.5,318.5,-0.3136617708068008,0.353545768449924,30
18.5,319.5,-0.6014244842783599,0.45296039168917024,27
18.5,320.5,-0.43152109328579885,0.2170811376500349,26
18.5,321.5,0.2945576968579889,0.6572273920607943,25
18.5,322.5,-1.2397116727607194,0.06449652825042429,23
18.5,323.5,0.32758410932239046,0.4956627244900297,20
18.5,324.5,0.6212797619047618,0.44193101201121243,24
18.5,325.5,0.10280958188125529,0.8337352412499334,19
18.5,326.5,0.8765939328160771,0.22413430196016682,16
18.5,327.5,0.05210497959901316,0.8046251978633095,17
18.5,328.5,-0.5539772727272727,0.32229959587191925,15
18.5,329.5,0.7903904565850185,0.28313087066234666,10
18.5,330.5,-1.0418575879765397,0.06170669002831271,11
18.5,332.5,0.36453282638585355,0.5915050369949166,10
18.5,333.5,1.217679306227746,0.07363827012030266,10
18.5,334.5,0.7685601416578923,0.37109336952269756,10
19.5,59.5,-1.9852833367582994,0.28313087066234666,10
19.5,60.5,0.7814236077103733,0.36012164775537825,13
19.5,61.5,3.250282805429863,0.22843980898867533,14
19.5,62.5,2.237695768988113,0.06410357671243591,12
19.5,63.5,2.030274069377386,0.1373470969847837,16
19.5,64.5,0.7921435959472864,0.38103238548434304,20
19.5,65.5,-0.7029113811894755,0.4956627244900297,20
19.5,66.5,2.0513098519389477,0.06378663704794149,17
19.5,67.5,1.9223451271650525,0.25581804946653663,18
19.5,68.5,-0.8633237713601943,0.41730416562740436,20
19.5,69.5,1.9696198595629437,0.2638720094732372,21
19.5,70.5,0.7488938121415181,0.6264962743469109,20
19.5,71.5,0.8747872007364397,0.3091626948735827,24
19.5,72.5,0.03180378215907926,0.9802109790485439,24
19.5,73.5,1.9581396036763643,0.2437621921734151,28
19.5,74.5,0.45227647131922405,0.08698814891833656,24
19.5,75.5,-0.13487952096121653,1.0,22
19.5,76.5,0.6119653483171622,0.29077716928272723,23
19.5,77.5,-0.07283640431833727,0.8740921801633091,23
19.5,78.5,-0.16205081121084325,0.7260951618325295,25
19.5,79.5,1.2643557422969167,0.019551053507286472,27
19.5,80.5,0.6551714130939488,0.28045007531092314,35
19.5,81.5,0.22342050811390735,0.5335299141597474,34
19.5,82.5,0.3874661245418233,0.24695545939811314,36
19.5,83.5,-0.34445065251502827,0.4246421234065477,39
19.5,84.5,-0.10746523852040334,0.9062974979468705,37
19.5,85.5,0.6212765909075281,0.10545516969719615,35
19.5,86.5,-0.06973287025580338,0.9895648601306644,37
19.5,87.5,0.4207324604743121,0.4107427047210993,39
19.5,88.5,0.047316595099427344,0.9535453737590693,40
19.5,89.5,-0.43329110492885803,0.3067305590248952,41
19.5,90.5,-1.170406150775341,0.02935073106045927,40
19.5,91.5,-0.5880134746206171,0.09569390835163932,40
19.5,92.5,-0.0019631762639302085,1.0,37
19.5,93.5,0.059501262626261806,0.8623384168158529,42
19.5,94.5,0.4406871330655268,0.5216481488445233,40
19.5,95.5,0.18565136199407303,0.5220542678768723,36
19.5,96.5,0.08630729432082873,0.6908954991268498,35
19.5,97.5,0.1965429691167978,0.41989889923791546,29
19.5,98.5,0.16988080898690477,0.744891472543834,33
19.5,99.5,-0.09232954545454546,0.8092073766052563,35
19.5,100.5,0.2426984830575254,0.495448439184329,35
19.5,101.5,-0.1317440275773611,0.539915857350804,36
19.5,102.5,-0.0040609529702972935,0.9666089629043519,43
19.5,103.5,0.3823356833648048,0.24182473164655216,42
19.5,104.5,0.1830186424474185,0.7287442378062506,42
19.5,105.5,-0.5678803097369627,0.19647045178774414,41
19.5,106.5,-0.9273531524958195,0.04857752046145354,44
19.5,107.5,-1.1082618313185097,0.07341783972930695,44
19.5,108.5,0.3651017268046335,0.5730643403857183,42
19.5,109.5,-0.23352272727272805,0.6007856611761987,43
19.5,110.5,-0.23642275362690146,0.47668240722040733,43
19.5,111.5,0.3199280178751869,0.14808199944763661,44
19.5,112.5,-0.358604168255228,0.27026408968808713,44
19.5,113.5,-0.32228837095494733,0.30699843489695755,44
19.5,114.5,-0.262631974095667,0.5506799969195222,44
19.5,115.5,-0.43762163851156044,0.29751878206452487,44
19.5,116.5,-0.27968153433437953,0.510906363666696,44
19.5,117.5,-0.9797649510088081,0.04414217868460684,44
19.5,118.5,-0.49588544759389186,0.26157210159429045,44
19.5,119.5,-0.05618759801710867,0.8317953693672806,44
19.5,120.5,-0.27875948133777645,0.46030716787530535,44
19.5,121.5,0.1452808123036341,0.5642685185472105,44
19.5,122.5,0.15010665157134134,0.7233394974219045,44
19.5,123.5,-0.5938721652762128,0.24477263865521393,44
19.5,124.5,-0.560271195492671,0.2366630608439486,44
19.5,125.5,-0.38091749985129886,0.2366630608439486,44
19.5,126.5,-0.3729954430661315,0.31667600886647385,44
19.5,127.5,-0.08478685549202197,0.8476082739456742,44
19.5,128.5,-0.3372283669928787,0.5642685185472105,44
19.5,129.5,-0.6592271533598524,0.10344089648685938,44
19.5,130.5,-0.14544934525579895,0.7385526280584778,44
19.5,131.5,-0.19084431406222008,0.5506799969195222,44
19.5,132.5,-0.37359842690933776,0.46030716787530535,44
19.5,133.5,-0.43512135204387503,0.14249360131085043,44
19.5,134.5,-0.8253387018449541,0.02167945281843703,44
19.5,135.5,-0.2752668537003925,0.31667600886647385,44
19.5,136.5,-0.6157078074800258,0.09120375437746786,44
19.5,137.5,-0.5415709416269945,0.29751878206452487,44
19.5,138.5,-0.5791169809483119,0.15975903067588082,44
19.5,139.5,-0.1405573912046821,0.7219721517415344,43
19.5,140.5,0.48243570708466493,0.1658526005713854,44
19.5,141.5,-0.10774135074621737,0.8016826064347501,43
19.5,142.5,-0.045703106327379533,0.9666089629043519,43
19.5,143.5,0.09444540141887511,0.8179058629425171,43
19.5,144.5,-0.544957537154982,0.18038393817009857,43
19.5,145.5,-0.6101360909339001,0.022521142285618564,43
19.5,146.5,-0.5231848374424122,0.0752198467062146,43
19.5,147.5,-0.7118031659386113,0.01563575082865469,44
19.5,148.5,0.31088640344456425,0.31874518262725193,42
19.5,149.5,0.07126799443437005,0.8453357931297271,42
19.5,150.5,-0.358678479657388,0.4383374552726653,41
19.5,151.5,-0.24458694548194632,0.5066205695044608,40
19.5,152.5,-0.3583933508410881,0.21686042056605592,43
19.5,153.5,-0.1498736883866419,0.6636253756806705,44
19.5,154.5,-0.13249605053099955,0.5667605869699316,41
19.5,155.5,0.09702620967741993,0.7450889812709389,42
19.5,156.5,-0.01745758852767744,0.959893189819583,38
19.5,157.5,-0.07704217073214933,0.7348263750767032,39
19.5,158.5,0.04579435047948739,0.8405809140670598,38
19.5,159.5,-0.15961910451157785,0.4264505315507925,35
19.5,160.5,-0.16251712007788344,0.5142234581271419,34
19.5,161.5,-0.02046130952380868,0.7982398124572034,35
19.5,162.5,-0.4867884694056457,0.0534342528259042,35
19.5,163.5,-0.45108695652173897,0.1382221053601419,34
19.5,164.5,-0.3982374205802959,0.16808028138689668,32
19.5,165.5,0.09217379385964897,0.8659362154363435,29
19.5,166.5,0.04630749664296403,0.9101956836196836,22
19.5,167.5,-0.06802673013801257,0.9101956836196836,22
19.5,168.5,-0.08478102779573388,0.944141999801307,25
19.5,169.5,0.04054414140894743,0.9813671252686654,25
19.5,170.5,0.21571324005809314,0.5593049468922573,25
19.5,171.5,-0.4122294845111719,0.15382082239203035,23
19.5,172.5,-0.4907407407407405,0.047537985326993985,23
19.5,173.5,0.03162202380952423,0.8326659395181515,23
19.5,174.5,0.05575673327631454,0.5030370130775135,24
19.5,175.5,0.05482456140350893,0.8215254231894769,22
19.5,176.5,0.25223511472723237,0.3492193427947422,21
19.5,177.5,-0.34858630952380953,0.15857024949675513,22
19.5,178.5,-0.44318181818181807,0.020119054734445637,23
19.5,179.5,-0.3708361999770668,0.05886224110862783,19
19.5,180.5,-0.4056040747371291,0.4956627244900297,20
19.5,181.5,-0.08819617670608534,0.6242768461207494,19
19.5,182.5,-0.9202127659574468,0.4884223166225936,15
19.5,183.5,-0.08427940457707989,0.9640893612679119,16
19.5,184.5,-0.1179193899782133,0.8266659696701553,14
19.5,185.5,-0.4576822916666661,0.42848041949799653,15
19.5,186.5,0.009069932069101533,1.0,15
19.5,187.5,0.06977074366331931,0.7554968749288828,11
19.5,189.5,0.44136938621198096,0.4506702853141802,12
19.5,190.5,-0.020726982441642183,0.9513521309544037,13
19.5,191.5,0.24953478679440194,0.7317017232242102,12
19.5,192.5,0.367230169397508,0.3726914904715183,12
19.5,193.5,-0.9155890804597699,0.7554968749288828,11
19.5,200.5,-0.40811358780108803,0.4277105102974643,13
19.5,201.5,1.5403578619489322,0.12720368763109946,13
19.5,202.5,1.623849187506595,0.08647112777407255,12
19.5,203.5,0.7197916666666665,0.6853285557833784,16
19.5,204.5,-1.6039420311881254,0.19895893109240226,25
19.5,205.5,-0.3914127612273095,0.4338268403653006,17
19.5,206.5,-0.7603172492502839,0.2001281176786024,13
19.5,207.5,-0.6001105984658615,0.2322487419840542,17
19.5,208.5,-1.0697048264858395,0.23495478370334333,15
19.5,209.5,0.1909722222222225,0.6242768461207494,19
19.5,210.5,0.7976190476190468,0.23423926303398213,19
19.5,211.5,0.48096707818930023,0.5193268870341157,18
19.5,212.5,0.14265925867506868,0.9016495048953725,17
19.5,213.5,0.16357664282690637,0.9016495048953725,17
19.5,214.5,-0.492547990161301,0.6242768461207494,19
19.5,215.5,-0.45391795117648265,0.4555354119407532,20
19.5,216.5,0.44129797441364715,0.7048534612178423,18
19.5,217.5,0.8796296296296295,0.3630203849440149,19
19.5,218.5,0.011154191283908304,1.0,20
19.5,219.5,0.06103363984860266,1.0,17
19.5,220.5,-1.3246579486224874,0.12747693274137845,17
19.5,221.5,-0.65363455988456,0.4487180156191449,18
19.5,222.5,-1.7553701300934081,0.14937517875498968,17
19.5,223.5,-1.1875747607655502,0.19412668587809967,21
19.5,224.5,1.1135249554367204,0.25581804946653663,18
19.5,225.5,0.74148923318327,0.38701399031522477,17
19.5,226.5,0.7388106796116503,0.28888280402716393,18
19.5,227.5,0.9907274615977604,0.05886224110862783,19
19.5,228.5,1.0563452739661237,0.09309214399370513,19
19.5,229.5,-0.009543441746831572,1.0,23
19.5,230.5,-0.4478848114169212,0.5612202073936174,23
19.5,231.5,-0.9721150244683875,0.44193101201121243,24
19.5,232.5,-1.0503489461392366,0.2843217140080182,20
19.5,233.5,-0.2763979257034816,0.8337352412499334,19
19.5,234.5,-0.9743994684563838,0.29056075537876946,21
19.5,235.5,-1.5724785436274116,0.05004866332140968,24
19.5,236.5,0.6195784289427486,0.2643373325084948,24
19.5,237.5,1.174255453544804,0.12557019892294263,23
19.5,238.5,0.7534887678692996,0.29198463590975887,31
19.5,239.5,0.7061711079943899,0.1382221053601419,34
19.5,240.5,0.8771783932415702,0.2580163179461443,33
19.5,241.5,0.13771843296332162,0.7827940862749598,32
19.5,242.5,0.21529894556210355,0.7332282750983805,35
19.5,243.5,-0.2153532608695663,0.7332282750983805,35
19.5,244.5,0.9446350404840562,0.1259600310567378,37
19.5,245.5,-0.5239345855571482,0.4719324011649343,37
19.5,246.5,-0.5828600849604866,0.1779400542847822,37
19.5,247.5,-0.3531791686111929,0.614239541598542,34
19.5,248.5,0.07074720347788986,0.8796101413969478,40
19.5,249.5,-0.7118379669975223,0.255493968302292,39
19.5,250.5,0.29637176533621684,0.30699843489695755,44
19.5,251.5,0.22378663003663019,0.5584004547635599,42
19.5,252.5,-0.03354031389883866,0.9731197167307598,41
19.5,253.5,1.1617968866714055,0.005412131241279893,44
19.5,254.5,0.6525573192239863,0.2672858752494308,43
19.5,255.5,0.30436258276784933,0.510906363666696,44
19.5,256.5,0.2459998994422824,0.5239955384561089,44
19.5,257.5,1.1824608016879372,0.0007033297191911227,44
19.5,258.5,0.35054884669739605,0.19198145170097425,44
19.5,259.5,0.6884266680024049,0.05959532291256646,43
19.5,260.5,0.042297768868099835,0.8179058629425171,43
19.5,261.5,0.1592749741868893,0.6302255973372057,43
19.5,262.5,0.4389055294061719,0.29815903554581225,42
19.5,263.5,0.11695346647112928,0.8160502573345575,44
19.5,264.5,0.6943018560620716,0.23825744188756015,41
19.5,265.5,0.16670123309082546,0.5516478210183581,41
19.5,266.5,0.29239124847016174,0.2582511905140965,36
19.5,267.5,-0.2157738095238089,0.5801512457006335,38
19.5,268.5,0.2903508563178726,0.42340961568627655,34
19.5,269.5,-0.6514571398247994,0.16063112444447003,36
19.5,270.5,0.1457516339869282,0.8870686942118248,35
19.5,271.5,-0.23838776312248525,0.5738490427115428,37
19.5,272.5,-0.3532389251870452,0.6531878724354717,33
19.5,273.5,-0.10480260480260475,0.83810858978553,36
19.5,274.5,0.49059311224489865,0.15469367377127763,34
19.5,275.5,0.1814396955287513,0.6756918645043961,33
19.5,276.5,-0.4125999358076561,0.17261516227968454,34
19.5,277.5,-0.2720479100050064,0.4856472470963893,33
19.5,278.5,0.5003826034468373,0.35311901773888865,28
19.5,279.5,-0.42672490856915224,0.35803517004775176,34
19.5,280.5,-0.273678288714621,0.495448439184329,35
19.5,281.5,-0.25171211054156944,0.36537154850862097,38
19.5,282.5,0.06751240635550411,0.9457024715498787,36
19.5,283.5,-0.705915178571429,0.16400104161437512,35
19.5,284.5,1.8937574353659745,0.020376931601497065,30
19.5,285.5,0.6935284615300796,0.3289911279552147,33
19.5,286.5,0.7055529943071059,0.24778083040054255,31
19.5,287.5,-0.5280384038777731,0.5045014597713458,36
19.5,288.5,-0.33296473412745375,0.6728442148625922,36
19.5,289.5,-0.42871067056064666,0.5293245899568817,39
19.5,290.5,0.19829612220916545,0.6690554101034223,38
19.5,291.5,-0.13782269021739157,0.7332282750983805,35
19.5,292.5,-0.07603563701565569,0.8078142165841911,32
19.5,293.5,-0.06585578247510038,0.8119200006410022,31
19.5,294.5,0.19701499880428036,0.6508450294523307,38
19.5,295.5,0.2487458193979935,0.4658973881161266,38
19.5,296.5,0.6101553502576292,0.1920457783931343,34
19.5,297.5,0.793139079012817,0.03377610305998658,33
19.5,298.5,0.2886914375500802,0.3278699729277641,34
19.5,299.5,0.05015265804597731,0.8471634231939333,34
19.5,300.5,0.2526701719195029,0.46646827743679087,33
19.5,301.5,-0.03312356167956232,0.8646652653123481,33
19.5,302.5,0.700317450779986,0.18642577589332088,36
19.5,303.5,0.6785424829214384,0.1305544066089274,36
19.5,304.5,0.29859776519476977,0.4537672973691913,36
19.5,305.5,0.08543456764866342,0.8424035124757051,35
19.5,306.5,-0.16346807065217392,0.711950905455661,35
19.5,307.5,-0.35128091827180896,0.2551778339559664,37
19.5,308.5,-0.17115873015873007,0.7084629632532715,31
19.5,309.5,0.3719362745098037,0.2429123922228934,32
19.5,310.5,0.49084932480454857,0.041963944579415956,30
19.5,311.5,0.6212950937950935,0.1856070821521849,28
19.5,312.5,0.5099500027733296,0.478451739086175,27
19.5,313.5,1.3890559704087395,0.033561411703114705,25
19.5,314.5,0.4593920145190564,0.4274889995990474,26
19.5,315.5,-0.19777943614078664,0.7215386520496392,29
19.5,316.5,0.061331860330339015,1.0,31
19.5,317.5,0.9391045031054261,0.17281953611248368,28
19.5,318.5,-0.36733912268977265,0.5666859527923179,28
19.5,319.5,-0.10566091370098474,0.8255475691294885,26
19.5,320.5,-0.3993818681318676,0.13875257087047116,27
19.5,321.5,-0.12390880900790192,0.6732623633112398,24
19.5,322.5,0.6373141209248545,0.12354986589680401,21
19.5,323.5,1.162453968260101,0.03203437170592567,21
19.5,324.5,0.04595591227213562,1.0,18
19.5,325.5,-0.9405241252275285,0.1373470969847837,16
19.5,326.5,-1.1341243734335844,0.5526151250628484,15
19.5,327.5,-0.26580336757990886,0.8547770980655479,13
19.5,328.5,-1.1162164492662734,0.28313087066234666,10
19.5,329.5,-0.8925661863935852,0.27575784782750934,11
19.5,330.5,-0.6056083287948222,0.28313087066234666,10
19.5,331.5,-0.6893289659816981,0.37109336952269756,10
19.5,332.5,0.831562287270252,0.4742743507673295,10
19.5,333.5,0.3796084418830813,0.4742743507673295,10
20.5,60.5,0.7677469135802468,0.8580276569875211,10
20.5,61.5,-0.17272781539749285,0.9128140271840749,14
20.5,62.5,1.1653979720384213,0.6312218204782533,12
20.5,63.5,1.4751997901450598,0.5840703669455064,14
20.5,64.5,1.50770916005291,0.23495478370334333,15
20.5,65.5,1.6351495726495735,0.2735614117247491,14
20.5,66.5,4.459732689412121,0.017023796032211495,16
20.5,67.5,1.647584095027093,0.2322487419840542,17
20.5,68.5,0.04588293650793911,0.8218916912511594,16
20.5,69.5,2.2727541824249244,0.0957466564738153,16
20.5,70.5,0.6368510851482156,0.7665252995235718,15
20.5,71.5,1.273289295392954,0.057229635732857484,23
20.5,72.5,-0.005082205603038009,1.0,23
20.5,73.5,-0.5458974582847809,0.6572273920607943,25
20.5,74.5,0.3912337662337655,0.2517286908429269,26
20.5,75.5,1.1572750305731687,0.017053286657373948,21
20.5,76.5,0.7916188484183867,0.039944001086667444,21
20.5,77.5,0.30571169126495307,0.6345102928818573,23
20.5,78.5,0.1538081801239696,0.7513001501987963,23
20.5,79.5,0.4613575268817204,0.13391892014731072,26
20.5,80.5,-0.11285562413721993,0.7856661000859302,31
20.5,81.5,-0.5617027334998949,0.17765391067092295,33
20.5,82.5,-0.7522082422700417,0.04238012079505135,33
20.5,83.5,-0.0006838016177101263,1.0,35
20.5,84.5,-0.07820857677748538,0.7332282750983805,35
20.5,85.5,-0.7510149151391537,0.23284204679391485,33
20.5,86.5,-0.5842919237033912,0.14660598578081052,39
20.5,87.5,0.2662585289359619,0.5839675342063331,40
20.5,88.5,0.5975064700269169,0.22084614564234595,41
20.5,89.5,-0.3377645226680883,0.4829170444568124,39
20.5,90.5,-0.6620157469342248,0.0659556994946937,39
20.5,91.5,-0.3228064086991722,0.28709103347587495,39
20.5,92.5,-0.051833064529030665,0.9373320419227238,41
20.5,93.5,-0.3642254484645776,0.3859468605971169,42
20.5,94.5,0.8970404006998706,0.02209073090443027,37
20.5,95.5,0.3658273055090365,0.16063112444447003,36
20.5,96.5,-0.14209522022022045,0.6457450970456375,39
20.5,97.5,0.8002002288329519,0.023305501696000642,34
20.5,98.5,0.04959296818323716,0.8752763731506877,37
20.5,99.5,-0.14424146754342645,0.44595658115373593,32
20.5,100.5,-0.07806214802896216,0.7628611639449314,38
20.5,101.5,0.0028935185185185184,1.0,39
20.5,102.5,-0.19808061231830648,0.6942324524938993,41
20.5,103.5,-0.3077945759943265,0.46534374401080913,41
20.5,104.5,0.015861018554486433,0.9654228872862333,42
20.5,105.5,-0.33257530610037345,0.5523765052635039,40
20.5,106.5,-0.8862425404944574,0.13725539302831113,43
20.5,107.5,-0.28982934484058026,0.510906363666696,44
20.5,108.5,-0.3816083698047379,0.346250063352757,43
20.5,109.5,0.11857150984184898,0.7219721517415344,43
20.5,110.5,-0.18044059316643546,0.6490072252715706,44
20.5,111.5,0.5491845427917093,0.0837126990249212,44
20.5,112.5,-0.15951020060757548,0.6783726944702002,44
20.5,113.5,-0.7179544193859058,0.028178312148288143,44
20.5,114.5,-0.9571309739866918,0.03276543891075769,43
20.5,115.5,-0.2738880102762393,0.6345230397276371,44
20.5,116.5,-0.5904981701887775,0.31667600886647385,44
20.5,117.5,-0.9405321781093291,0.0641825017814526,44
20.5,118.5,-1.0804257214488207,0.0117872178532977,44
20.5,119.5,-0.5170934697058458,0.1658526005713854,44
20.5,120.5,-0.6067693134750767,0.09922453406650901,44
20.5,121.5,-0.5454143756482783,0.31667600886647385,44
20.5,122.5,-0.4839227865914818,0.2366630608439486,44
20.5,123.5,-0.7587546783304483,0.05338122053679904,44
20.5,124.5,-0.3784204613867713,0.3265515945621936,44
20.5,125.5,-0.6971573614019443,0.020161788172325775,43
20.5,126.5,-0.7232321083005848,0.13180538892839125,43
20.5,127.5,-0.38708369307247753,0.38994765540100507,44
20.5,128.5,-0.12645585286779348,0.8160502573345575,44
20.5,129.5,0.2302005717666164,0.7233394974219045,44
20.5,130.5,0.5489284679447174,0.34689635122351015,44
20.5,131.5,0.3283618845306152,0.38994765540100507,44
20.5,132.5,-0.9268013036421017,0.05857536389703457,44
20.5,133.5,-0.6140258090415902,0.07672782335192403,44
20.5,134.5,-0.5399753559605318,0.08739348112980251,44
20.5,135.5,-0.43655503076763535,0.09120375437746786,44
20.5,136.5,-0.5833126895464046,0.08015846195775675,44
20.5,137.5,-0.7419186683041725,0.09120375437746786,44
20.5,138.5,-1.0081253132614627,0.034525447755673386,44
20.5,139.5,-0.13349277393601255,0.785544411956157,43
20.5,140.5,0.5602127281428563,0.15465002139087544,43
20.5,141.5,-0.19864867422380098,0.6059749796211158,44
20.5,142.5,-0.22017570564567737,0.6181176400135012,42
20.5,143.5,-0.4530352088548406,0.2411460322383383,43
20.5,144.5,0.08716273158896229,0.8016826064347501,43
20.5,145.5,0.01613422641073589,0.9919301238572449,44
20.5,146.5,-0.20460898316936715,0.2791520888849168,44
20.5,147.5,-0.36265337423312777,0.21686042056605592,43
20.5,148.5,0.015625000000000097,0.9499317198507831,43
20.5,149.5,-0.46604348571524135,0.12118047804738673,42
20.5,150.5,-0.28230634367512075,0.29622163753056174,41
20.5,151.5,-0.5726114175875419,0.14118732660180083,41
20.5,152.5,-0.036225290518497,0.8662064065863085,41
20.5,153.5,0.08499868091280863,0.7450889812709389,42
20.5,154.5,-0.10751115928578343,0.6132517855744676,41
20.5,155.5,-0.0090706168831165,1.0,42
20.5,156.5,-0.10259635294467151,0.632869142286627,40
20.5,157.5,-0.3471899224806201,0.29818612881587525,39
20.5,158.5,-0.32524104683195654,0.2559086205193716,35
20.5,159.5,-0.2921169047452965,0.35803517004775176,34
20.5,160.5,-0.16100573240367377,0.495448439184329,35
20.5,161.5,-0.07189764492753649,0.7339104943970113,31
20.5,162.5,-0.011400058275058154,0.8938496414687364,34
20.5,163.5,-0.020156276939650657,0.9382480146046129,33
20.5,164.5,0.04415954415954433,0.9457970432721066,31
20.5,165.5,-0.3326666666666668,0.2766963536434416,31
20.5,166.5,-0.5466959511077161,0.12285296541157717,26
20.5,167.5,-0.15723270440251572,0.40226723126443065,26
20.5,168.5,0.09851203814651667,0.7614215361463608,25
20.5,169.5,-0.08160100239990095,0.8233490121001951,24
20.5,170.5,0.40890415140415115,0.5261780967197713,23
20.5,171.5,-0.6340757161623867,0.07481148131741681,21
20.5,172.5,-0.3635632089579457,0.09066965950862332,22
20.5,173.5,-0.31629002952532337,0.19459514049618598,22
20.5,174.5,-0.15949141637636077,0.674611943553671,19
20.5,175.5,-0.8073441476081372,0.09123902905538855,17
20.5,176.5,-0.32228260869565234,0.5756369136048027,19
20.5,177.5,0.2885936545316354,0.41730416562740436,20
20.5,178.5,-0.5917175905718026,0.36331590966639116,18
20.5,179.5,-0.5862724065164618,0.15005063655725903,18
20.5,180.5,-0.13980216067111506,0.7397638077281241,21
20.5,181.5,-0.9175273162700194,0.5526151250628484,15
20.5,182.5,-1.1271219135802468,0.12371517875173883,19
20.5,183.5,-0.3590783448737995,0.3630203849440149,19
20.5,184.5,-1.5710081294577816,0.0748246071030847,15
20.5,185.5,0.11367871133496096,0.9513521309544037,13
20.5,189.5,0.0938644688644687,0.7205147871362552,10
20.5,190.5,-0.7551417641764174,0.2104977000553373,10
20.5,191.5,-0.17361111111111605,0.8580276569875211,10
20.5,192.5,-1.7575571895424837,0.2104977000553373,10
20.5,201.5,0.7541525900900936,0.2104977000553373,10
20.5,203.5,-1.3721835598410703,0.41730416562740436,20
20.5,204.5,-0.18251050420168088,0.8215254231894769,22
20.5,205.5,0.32867064639222954,0.4487180156191449,18
20.5,206.5,-0.03030303030303018,1.0,13
20.5,207.5,-0.11511171497584552,1.0,11
20.5,208.5,0.48686061603860686,0.32229959587191925,15
20.5,209.5,-0.14116489360447593,0.9513521309544037,13
20.5,210.5,-0.36547922684286055,0.6693340144640527,13
20.5,211.5,1.092165428930811,0.4338268403653006,17
20.5,212.5,-0.91705806671627,0.4837557864964521,17
20.5,213.5,-0.6872868936954084,0.6921807727218765,15
20.5,214.5,-1.8112006282739674,0.044083783741320944,13
20.5,215.5,-0.5174523537271265,0.8218916912511594,16
20.5,216.5,-0.4975087569365839,0.26035056965599135,16
20.5,217.5,-0.45689743404496214,0.6921807727218765,15
20.5,218.5,-0.8496309532548072,0.3923143472853552,16
20.5,219.5,-0.9821377773738604,0.11507464782117936,16
20.5,220.5,-1.3984841527442304,0.17403358020816395,17
20.5,221.5,0.06103404437629578,0.9513521309544037,13
20.5,222.5,0.30728231665784633,0.6204252937103817,16
20.5,223.5,-2.210957500279718,0.010279478485213045,16
20.5,224.5,-1.0786016928258322,0.11507464782117936,16
20.5,225.5,1.5404040514881943,0.017023796032211495,16
20.5,226.5,1.083891680625349,0.04776124267510367,15
20.5,227.5,1.3854895104895082,0.06269811626098261,14
20.5,228.5,0.937718851449863,0.49946120310401465,16
20.5,229.5,0.5472958548040865,0.6494456692174662,18
20.5,230.5,-0.09950721153846151,0.8693522423679255,14
20.5,231.5,-1.8170737306480986,0.5334165134726944,11
20.5,232.5,0.4234503182116688,0.7108359248149255,17
20.5,233.5,-1.4345195611414958,0.17403358020816395,17
20.5,234.5,-0.25824403049482303,0.8762696636277617,11
20.5,235.5,-0.05331612532973373,0.8925584658515614,16
20.5,236.5,0.7231223990207882,0.7317017232242102,12
20.5,237.5,0.8754687358814499,0.44148821101397295,19
20.5,238.5,1.7638865223759037,0.11812849523841991,24
20.5,239.5,0.5732093305584461,0.2619630008374654,31
20.5,240.5,0.7348006729292395,0.2601140477282804,28
20.5,241.5,-0.9289076931272172,0.22420756495904925,24
20.5,242.5,-0.609774057464276,0.2772098350690809,28
20.5,243.5,0.2345957124571572,0.7669644911053035,28
20.5,244.5,0.2487960802027147,0.6531878724354717,33
20.5,245.5,1.4772727272727337,0.022432473003270156,34
20.5,246.5,-0.5053780231745892,0.3587201702049656,31
20.5,247.5,-0.2834821428571437,0.513584888637536,35
20.5,248.5,0.8280450507096515,0.08151725582079986,39
20.5,249.5,0.009199665701683735,1.0,41
20.5,250.5,0.2749091604513312,0.5730643403857183,42
20.5,251.5,0.7722416188484722,0.1053410585646772,40
20.5,252.5,0.5550105721370291,0.10823718866402149,41
20.5,253.5,0.745328164890319,0.034525447755673386,44
20.5,254.5,0.3936314451587389,0.5372545134763995,44
20.5,255.5,-0.33115671641790856,0.2672858752494308,43
20.5,256.5,-0.5424107142857133,0.09403879939083565,43
20.5,257.5,-0.12377862936816492,0.7450889812709389,42
20.5,258.5,-0.29942645074224394,0.31874518262725193,42
20.5,259.5,-1.258961252805566,0.0005244163920262001,42
20.5,260.5,0.2296753781404257,0.5066205695044608,40
20.5,261.5,-0.48937406994047583,0.39793422470267026,42
20.5,262.5,-0.15180900645201256,0.6942324524938993,41
20.5,263.5,-0.7281910767639621,0.20868467068315721,38
20.5,264.5,-0.07213416994717307,0.8821498665400751,34
20.5,265.5,0.42184288021146266,0.2997628531295812,40
20.5,266.5,0.32895464479802716,0.28942248603022047,37
20.5,267.5,0.07901883938393675,0.7763884317697076,35
20.5,268.5,-0.1215981078603,0.7212260985001633,30
20.5,269.5,-0.5125988142292481,0.495448439184329,35
20.5,270.5,0.8545018742791227,0.31389928595925765,37
20.5,271.5,0.27708500400962316,0.6335534753768335,36
20.5,272.5,-0.05342476666255584,0.9136301036401862,33
20.5,273.5,0.9428764300087835,0.10545516969719615,35
20.5,274.5,0.3569522912743247,0.4431544530574595,35
20.5,275.5,0.30176254502181393,0.5220542678768723,36
20.5,276.5,0.06041345435006072,0.8424035124757051,35
20.5,277.5,-0.04378588625057256,0.9320955597597091,35
20.5,278.5,0.053592326670040165,0.8646820584594126,35
20.5,279.5,-0.7123427784120256,0.09948281525658194,35
20.5,280.5,-0.621289326848208,0.02673101668251787,35
20.5,281.5,-0.08837500957998196,0.6471242716513834,37
20.5,282.5,-0.32868745532103005,0.5765325919333777,36
20.5,283.5,-0.21882329245402093,0.685150206155831,37
20.5,284.5,1.8980221936419994,0.06177881890019752,34
20.5,285.5,0.04100234828822136,1.0,30
20.5,286.5,0.7882746357923659,0.1438256691076362,31
20.5,287.5,0.0006417233971564176,1.0,34
20.5,288.5,0.16304347826086957,0.6029216888149024,39
20.5,289.5,0.2821465221783777,0.29818612881587525,39
20.5,290.5,0.5038769549651398,0.19139541400462046,39
20.5,291.5,0.3808554113113591,0.24441573431054653,37
20.5,292.5,0.2971864239459973,0.5052450905766701,33
20.5,293.5,0.24090909090909066,0.5335299141597474,34
20.5,294.5,-0.06436430496952651,0.83810858978553,36
20.5,295.5,0.09698652648132222,0.7044743405984467,37
20.5,296.5,0.5773501924134132,0.11825088388903625,35
20.5,297.5,0.3069358386593203,0.24139561848409674,36
20.5,298.5,-0.009203614388463786,1.0,33
20.5,299.5,0.1213662355071745,0.8403644195470178,33
20.5,300.5,0.3723629017333923,0.37375236607181783,34
20.5,301.5,-0.16844516250912145,0.6756918645043961,33
20.5,302.5,0.026038350465824874,0.9478599779684119,37
20.5,303.5,0.24715274867317646,0.48141616651791197,38
20.5,304.5,0.4999207858048157,0.09948281525658194,35
20.5,305.5,0.18203896942106043,0.5935629766221353,34
20.5,306.5,0.48457792207792194,0.4357099127515781,38
20.5,307.5,0.5942001308881468,0.24958080203971644,32
20.5,308.5,0.5231565726446277,0.29198463590975887,31
20.5,309.5,0.15500992063492092,0.5216102816326905,37
20.5,310.5,-0.034831905160742575,0.8584237820523384,32
20.5,311.5,0.19283552221162906,0.6125283803487117,29
20.5,312.5,-0.48931239681951355,0.353545768449924,30
20.5,313.5,-0.07463994937055302,0.964838162737043,26
20.5,314.5,1.3225532880374204,0.04599834804145087,28
20.5,315.5,1.3767761953752444,0.015529473461965253,29
20.5,316.5,1.588294735020268,0.2266164478008148,27
20.5,317.5,0.4756843738552302,0.6915533638570888,26
20.5,318.5,-0.1238426120377522,0.7669644911053035,28
20.5,319.5,-0.03270833333333334,0.964838162737043,26
20.5,320.5,-0.23270053498498086,0.5283124685330474,25
20.5,321.5,-0.20809766214177974,0.3668796006462124,22
20.5,322.5,0.5297975234632557,0.19412668587809967,21
20.5,323.5,0.371527777777778,0.7264469840368603,19
20.5,324.5,-0.03370533144570933,1.0,15
20.5,325.5,-0.7153691554214028,0.3004271167492414,16
20.5,326.5,0.5765625000000005,0.4277105102974643,13
20.5,327.5,-0.3870481927710827,0.511220344688192,14
20.5,328.5,-0.5581736863062483,0.3726914904715183,12
20.5,329.5,0.08152795652795634,0.9128140271840749,14
20.5,330.5,-0.11755628177196772,0.9128140271840749,14
20.5,331.5,-0.4645151238692438,0.7205147871362552,10
21.5,63.5,0.8217592592592589,0.640428787412791,11
21.5,64.5,-0.786730787512256,0.8762696636277617,11
21.5,65.5,1.3490357437754064,0.42848041949799653,15
21.5,66.5,-0.2972837002230242,0.8925584658515614,16
21.5,67.5,-2.443062452253631,0.1373470969847837,16
21.5,68.5,1.0018113914108047,0.38701399031522477,17
21.5,69.5,1.2904707092476488,0.36012164775537825,13
21.5,70.5,1.7890669062900433,0.3923143472853552,16
21.5,71.5,0.7613141772011534,0.2389242185787459,21
21.5,72.5,0.1943862031101615,0.8202167495096627,18
21.5,73.5,1.3509270334928223,0.1821375864449275,27
21.5,74.5,0.47808980900531084,0.18291855854907912,29
21.5,75.5,-0.2760377399639127,0.5402386775632395,28
21.5,76.5,0.12405303030303051,0.7703961609830144,27
21.5,77.5,-0.029076825951825924,0.964838162737043,26
21.5,78.5,0.4957386363636367,0.4274889995990474,26
21.5,79.5,0.2181019748616183,0.649540989554171,28
21.5,80.5,0.6268174287244006,0.3278699729277641,34
21.5,81.5,-0.676052669714104,0.17831360778170335,32
21.5,82.5,0.2210365853658569,0.568058623631595,30
21.5,83.5,0.7866516282575551,0.08564766337928073,28
21.5,84.5,0.4937299551705915,0.5402386775632395,28
21.5,85.5,-0.17187500000000008,0.6660299201417484,37
21.5,86.5,-0.47985604919388464,0.16669260933339647,38
21.5,87.5,0.2558451890571262,0.6495478982562364,40
21.5,88.5,-0.35841312265037617,0.4251795087510767,41
21.5,89.5,0.3587209646780981,0.28903354254194413,40
21.5,90.5,0.1899403962211853,0.5293245899568817,39
21.5,91.5,-0.1940415138800456,0.753082135935896,40
21.5,92.5,-0.580720624414243,0.36537154850862097,38
21.5,93.5,-0.5616155660377353,0.35790609486477887,39
21.5,94.5,0.08580754296480095,0.711950905455661,35
21.5,95.5,0.24640227730016412,0.47546356319608085,32
21.5,96.5,0.3926611796982174,0.4246421234065477,39
21.5,97.5,0.43018462708211314,0.1465695145892742,37
21.5,98.5,-0.21395832077405363,0.28942248603022047,37
21.5,99.5,-0.1122801104262964,0.5136072924876847,39
21.5,100.5,-0.05646929824561369,0.8602887048423336,38
21.5,101.5,-0.09633458646616548,0.8312934504994595,35
21.5,102.5,-0.012268394544802653,0.990704029723175,40
21.5,103.5,-0.7887857865945125,0.13943091259492635,37
21.5,104.5,-0.7478195433852841,0.06247375178439424,39
21.5,105.5,0.042748436046316445,0.883909392651155,41
21.5,106.5,0.04373301630434783,0.9166502013630717,43
21.5,107.5,-0.39332869816586913,0.22101797270992485,44
21.5,108.5,-0.8804616917189403,0.07914698089077801,42
21.5,109.5,-0.6956819284996675,0.05933461843899423,42
21.5,110.5,-0.9995160918863831,0.006633762413644779,40
21.5,111.5,-0.12934427226419437,0.7694978647855905,43
21.5,112.5,-0.021024025775139066,0.9666089629043519,43
21.5,113.5,-0.007694088936581294,0.9757936732598803,44
21.5,114.5,-0.6318765628524943,0.20612854539193903,44
21.5,115.5,-0.3968861130560353,0.27026408968808713,44
21.5,116.5,-0.5449369172317565,0.17856166166885756,44
21.5,117.5,-0.025408394567909234,0.9435570622791808,44
21.5,118.5,-0.0226271048644014,0.9435570622791808,44
21.5,119.5,-0.7688242220227294,0.11694867361133053,44
21.5,120.5,-0.41876980401778346,0.4481100203468621,44
21.5,121.5,-1.0679974604663518,0.00933962948750915,44
21.5,122.5,-0.2694606699088897,0.6059749796211158,44
21.5,123.5,-0.06360600373920822,0.8953913275963306,44
21.5,124.5,-0.2678958046507842,0.6451727985245015,43
21.5,125.5,-0.5059805925224585,0.15465002139087544,43
21.5,126.5,-0.6210834014683457,0.13180538892839125,43
21.5,127.5,-0.2284091799241765,0.5919199160567152,44
21.5,128.5,-0.2633130306012121,0.6345230397276371,44
21.5,129.5,0.09743160527824055,0.863482766117042,44
21.5,130.5,0.7712210125953674,0.05592808741603665,44
21.5,131.5,0.34245429964344876,0.49799010072042804,44
21.5,132.5,-0.2492163355037469,0.6059749796211158,44
21.5,133.5,-0.4562464131793256,0.2791520888849168,44
21.5,134.5,-0.2542760036497189,0.510906363666696,44
21.5,135.5,-0.42484917261954624,0.1658526005713854,44
21.5,136.5,-0.28781379512264127,0.40119789259699423,44
21.5,137.5,-0.6726573944869627,0.18518164530957248,44
21.5,138.5,-0.48090550322693126,0.4263971664376689,43
21.5,139.5,-0.647602851162631,0.11166721889060978,43
21.5,140.5,0.3996415770609319,0.36264285850970546,42
21.5,141.5,-0.38249477007867244,0.28823680135136065,44
21.5,142.5,-0.7504763704994992,0.060691860573388184,41
21.5,143.5,-0.43925382653061185,0.4511433381462897,43
21.5,144.5,0.04216880187222539,0.8453357931297271,42
21.5,145.5,0.08362052261171368,0.7847878138372517,44
21.5,146.5,-0.24953280989022936,0.3573648817454941,44
21.5,147.5,-0.2682387948074792,0.4101432374855566,42
21.5,148.5,-0.4184013535103462,0.09922453406650901,44
21.5,149.5,-0.14200202215105762,0.5879084322109032,42
21.5,150.5,-0.27430555555555475,0.29815903554581225,42
21.5,151.5,-0.39314103170101433,0.12652460633655835,43
21.5,152.5,-0.2643268103730976,0.34689635122351015,44
21.5,153.5,0.047843992248061795,0.9000604006879467,43
21.5,154.5,-0.00828104963217548,1.0,40
21.5,155.5,-0.2802336819599849,0.22084614564234595,41
21.5,156.5,-0.4466397584046828,0.1250856595446185,38
21.5,157.5,-0.17953645433084275,0.5917967492239535,37
21.5,158.5,-0.35776528226358606,0.21139964872138195,35
21.5,159.5,-0.05015911174733745,0.820250411786219,35
21.5,160.5,-0.9486331654793343,0.04608393295095622,32
21.5,161.5,-0.43390090057353714,0.16808028138689668,32
21.5,162.5,-0.22644417490277732,0.4856472470963893,33
21.5,163.5,0.17687984848040725,0.6614992026619251,32
21.5,164.5,0.09589258696882608,0.6756918645043961,33
21.5,165.5,-0.5052971025437709,0.14894602437860588,32
21.5,166.5,-0.538308531291459,0.35311901773888865,28
21.5,167.5,-0.6601562500000002,0.24303798973120727,27
21.5,168.5,0.6037214500005321,0.23361300135229124,25
21.5,169.5,0.472935267857143,0.3975873918299724,22
21.5,170.5,-0.3568665247614389,0.45029515330704106,21
21.5,171.5,-1.0234275604325698,0.05886224110862783,19
21.5,172.5,-0.6742838541666663,0.09309214399370513,19
21.5,173.5,-0.013077139736469841,0.9741177473553713,20
21.5,174.5,-0.458782620252872,0.28888280402716393,18
21.5,175.5,-0.30073234191556913,0.6504631229507133,17
21.5,176.5,1.1660120863782644,0.3030965324675493,17
21.5,177.5,-0.8706662702222067,0.5829505577618919,13
21.5,178.5,-0.1651785714285703,0.7618733947779845,18
21.5,179.5,0.024092397347306997,1.0,17
21.5,180.5,-0.3663277511961724,0.5444860568259107,18
21.5,181.5,0.4438393780098514,0.9513521309544037,13
21.5,182.5,-1.5347084578467596,0.4277105102974643,13
21.5,183.5,-0.2819895344576827,0.8547770980655479,13
21.5,184.5,-0.37656803262194505,0.3726914904715183,12
21.5,186.5,-0.0007440476190474499,0.928444041500591,10
21.5,193.5,-0.4885416666666673,0.37109336952269756,10
21.5,201.5,0.05471380471380627,1.0,10
21.5,202.5,0.8313843656875264,0.4506702853141802,12
21.5,203.5,-0.16755211521458224,0.8925584658515614,16
21.5,204.5,0.07821357709750586,0.7730800663123129,17
21.5,205.5,0.4227939582842294,0.16055589143580895,13
21.5,206.5,-0.4155306041335452,0.7425568219265776,14
21.5,207.5,0.17019659925848862,0.9128140271840749,14
21.5,208.5,1.1820829520414478,0.5526151250628484,15
21.5,209.5,0.1891884226300542,0.5526151250628484,15
21.5,210.5,0.7473716648509012,0.5829505577618919,13
21.5,211.5,0.10196178612336744,0.9128140271840749,14
21.5,212.5,-1.155279934462821,0.24638736002924666,13
21.5,213.5,-1.487241693311359,0.24638736002924666,13
21.5,214.5,-0.7917055532187117,0.07910921509869843,16
21.5,215.5,-0.535955743475275,1.0,11
21.5,216.5,-0.6814932412358885,0.511220344688192,14
21.5,217.5,-1.0548865830115832,0.35020138917929566,11
21.5,218.5,-0.9343947133102672,0.5371338571769023,12
21.5,219.5,-0.35344093455795567,0.4277105102974643,13
21.5,220.5,-0.10135135135135136,1.0,14
21.5,221.5,0.4125000000000014,1.0,11
21.5,222.5,-0.29696637426900574,0.8547770980655479,13
21.5,223.5,-0.3703703703703708,0.8762696636277617,11
21.5,224.5,0.4927100628557873,0.8370114751054462,12
21.5,226.5,0.2535870720939371,0.8580276569875211,10
21.5,227.5,0.5054409782319265,0.3726914904715183,12
21.5,228.5,-0.2840566398679447,0.9453298708327,12
21.5,229.5,-0.3439157384179104,0.7317017232242102,12
21.5,230.5,-1.1130852842809358,0.8580276569875211,10
21.5,231.5,0.5730544532627866,0.6312218204782533,12
21.5,232.5,0.7380535669700408,0.8580276569875211,10
21.5,233.5,-0.5728244781494141,0.23495478370334333,15
21.5,234.5,-0.23724521092942183,0.3726914904715183,12
21.5,235.5,-0.9660668141691071,0.6312218204782533,12
21.5,236.5,-0.6856516209200223,0.4837557864964521,17
21.5,237.5,1.0954994568850276,0.34341948718274173,17
21.5,238.5,-0.12285539215686177,0.9101956836196836,22
21.5,239.5,0.23603225145259704,0.5351853194474852,24
21.5,240.5,0.24435122693799355,0.6464984392954767,27
21.5,241.5,0.36758145419034105,0.7115714636761059,23
21.5,242.5,0.294809531793938,0.7115714636761059,23
21.5,243.5,0.7168202952932544,0.4282542252410364,27
21.5,244.5,0.2302803379416281,0.5359057917615426,29
21.5,245.5,2.0222685887761753,0.009530847381806366,25
21.5,246.5,1.5443875443178645,0.11948968635469845,29
21.5,247.5,1.2628205128205097,0.041963944579415956,30
21.5,248.5,0.8246454979135907,0.07477247932442412,33
21.5,249.5,-0.349263759063952,0.539915857350804,36
21.5,250.5,-0.9171525753158427,0.03556975250523174,35
21.5,251.5,-0.8140562093085539,0.294266104304963,36
21.5,252.5,0.0134931439808339,0.9731197167307598,41
21.5,253.5,0.8107123940677969,0.015183282740178328,43
21.5,254.5,1.1849179081899215,0.013212326960096164,44
21.5,255.5,0.20547397678079546,0.510906363666696,44
21.5,256.5,-0.1236244565256345,0.6808572133380827,39
21.5,257.5,-0.1891023846842813,0.33972197352938505,41
21.5,258.5,-0.2921451032039954,0.23825744188756015,41
21.5,259.5,-0.40642281105990774,0.23825744188756015,41
21.5,260.5,0.13679015245579904,0.8248046168337547,40
21.5,261.5,-0.08076871749810435,0.919481045938793,41
21.5,262.5,0.3339530892448519,0.5136072924876847,39
21.5,263.5,-1.5077110389610393,0.017040135799983105,35
21.5,264.5,0.09583700903757987,0.7547126102355206,35
21.5,265.5,-0.0051536426536426296,1.0,34
21.5,266.5,-0.26388389167465726,0.2919989657541773,33
21.5,267.5,0.6042568542568543,0.1027519679770041,31
21.5,268.5,-0.008409288194444198,1.0,31
21.5,269.5,-0.41165865384615385,0.5350244506182873,22
21.5,270.5,-0.29305595136316304,0.5047075455861033,27
21.5,271.5,0.5555204116059377,0.5924901808547871,30
21.5,272.5,-1.1429053954827166,0.02713750593978576,31
21.5,273.5,0.22495839028871076,0.7827940862749598,32
21.5,274.5,0.16093749999999987,0.7443201343805719,34
21.5,275.5,0.5721162494230644,0.3396999262620777,37
21.5,276.5,0.3435006752412876,0.40995687995177954,37
21.5,277.5,-0.10722316997518605,0.8037485428824773,37
21.5,278.5,-0.029267902660319065,0.9674053677177911,36
21.5,279.5,0.041768601408087844,0.9024333200095812,36
21.5,280.5,0.5437647604588403,0.4343114428562501,31
21.5,281.5,-0.13812889496884018,0.8383870987564421,31
21.5,282.5,-1.3910224328465202,0.08864074661698312,36
21.5,283.5,-0.9559348410514179,0.09701680612834312,38
21.5,284.5,-0.2912475099601597,0.37859457687479137,35
21.5,285.5,0.9715670859538783,0.030436062092645055,34
21.5,286.5,1.2322363631272402,0.04865707312578976,31
21.5,287.5,1.2238609519131238,0.12342316732733923,32
21.5,288.5,0.6652462121212127,0.11825088388903625,35
21.5,289.5,0.2385196544225412,0.5699960728963258,35
21.5,290.5,0.13588127811094441,0.7531271266832608,39
21.5,291.5,0.21312054963521734,0.6928385117296678,36
21.5,292.5,-0.32641995170097693,0.6870195131711574,33
21.5,293.5,-0.33968967053189436,0.4602261776270049,35
21.5,294.5,0.25257605001355965,0.44031938812792937,37
21.5,295.5,-0.31474872040016777,0.5441196833389506,30
21.5,296.5,0.1844511342564608,0.6531878724354717,33
21.5,297.5,-0.11548533276050184,0.6495079756621349,35
21.5,298.5,0.28510514199074327,0.3917934361895805,30
21.5,299.5,-0.20351714403710197,0.568058623631595,30
21.5,300.5,0.22291979010494745,0.7215623759883523,33
21.5,301.5,-0.07898355477467463,0.8312934504994595,35
21.5,302.5,-0.1754600475217466,0.8168835068089898,36
21.5,303.5,0.3051243319506361,0.495448439184329,35
21.5,304.5,0.5379216269841267,0.16854048693271495,31
21.5,305.5,0.12996680447490658,0.7827940862749598,32
21.5,306.5,0.15721259989564507,0.46646827743679087,33
21.5,307.5,0.48651533581190143,0.37244389624576013,32
21.5,308.5,-0.20494529863985766,0.2844114676220474,30
21.5,309.5,0.18955334793491807,0.6101267703127584,31
21.5,310.5,-0.056989066624480375,0.984237603525127,28
21.5,311.5,-1.5365472597198173,0.04472893731365215,23
21.5,312.5,-0.24268085531574712,0.7703961609830144,27
21.5,313.5,0.4190230387467364,0.35311901773888865,28
21.5,314.5,0.32611846835791847,0.5666859527923179,28
21.5,315.5,0.46227864365119264,0.40435063820524453,27
21.5,316.5,0.05920745920745911,1.0,22
21.5,317.5,0.34058422228269036,0.33873831133439525,29
21.5,318.5,-0.507888407888408,0.2723427122311102,25
21.5,319.5,-0.7403732141824311,0.0706988181459461,26
21.5,320.5,-0.0046002766173222605,1.0,24
21.5,321.5,-0.004437245021822916,1.0,21
21.5,322.5,0.7857843442520851,0.44148821101397295,19
21.5,323.5,0.8268630256931074,0.34341948718274173,17
21.5,324.5,-0.04470102333552348,0.9224620671867602,20
21.5,325.5,0.1833342626236153,0.9016495048953725,17
21.5,326.5,1.515151515151516,0.0798019286423907,14
21.5,327.5,-0.47593157722434554,0.5021582515007486,13
21.5,328.5,0.7628840565946358,0.2996654484343021,13
21.5,329.5,0.027121940006901917,0.9128140271840749,14
21.5,330.5,1.1787191244265807,0.058587575310488894,13
21.5,331.5,-0.2359498845409697,1.0,10
22.5,65.5,0.8271569788629713,0.5334165134726944,11
22.5,66.5,1.478594584286805,0.38107448160929436,14
22.5,67.5,0.2132554465615355,0.8762696636277617,11
22.5,68.5,1.005037218745689,0.4742743507673295,10
22.5,69.5,-0.2271038816914075,0.8266659696701553,14
22.5,70.5,0.8167613636363636,0.4434214028640827,14
22.5,71.5,2.3197115384615383,0.22547929744791595,18
22.5,72.5,-0.22994573126364387,0.8368197050512747,17
22.5,73.5,0.22653362739799254,0.8711314915971583,20
22.5,74.5,0.29797137225115716,0.6593353383597195,26
22.5,75.5,1.0455678005808486,0.06283881974106821,24
22.5,76.5,0.7650078939454685,0.26027849278171566,27
22.5,77.5,-0.10942137363426716,0.8947871042097532,26
22.5,78.5,0.10969783615276994,0.7369758150394312,28
22.5,79.5,-0.6382374467199816,0.04473767313816902,29
22.5,80.5,-0.6173168070498575,0.2001586151353415,32
22.5,81.5,-0.3035714285714275,0.45296039168917024,27
22.5,82.5,-0.11458333333333373,0.8119200006410022,31
22.5,83.5,0.9993189761513156,0.03347123100634287,27
22.5,84.5,0.10080645161290258,0.9122233744854279,26
22.5,85.5,0.2370509607351718,0.5531960543178076,34
22.5,86.5,0.5149348826206175,0.20836472630402936,39
22.5,87.5,-0.008885784288443927,1.0,37
22.5,88.5,-0.30114486452514655,0.7239911390149285,37
22.5,89.5,0.567400451559934,0.14660598578081052,39
22.5,90.5,1.043591151062454,0.05455284267416254,40
22.5,91.5,-0.4470617516201575,0.6495478982562364,40
22.5,92.5,-0.8003580848975588,0.3668216928826443,37
22.5,93.5,-0.36977466172967904,0.4216091010757991,36
22.5,94.5,-0.09316940255010495,0.7895923705025335,34
22.5,95.5,0.3069378261085599,0.2918511202475408,32
22.5,96.5,-0.2469643779184627,0.45597179082236294,37
22.5,97.5,-0.13072246735668622,0.6335534753768335,36
22.5,98.5,-0.10968172525302426,0.463875647363325,37
22.5,99.5,-0.4418904958677688,0.014385749502058641,31
22.5,100.5,-0.2039654013497251,0.4294021898343493,33
22.5,101.5,-0.13687176644493704,0.495448439184329,35
22.5,102.5,0.2861201298701294,0.4357099127515781,38
22.5,103.5,-0.05646364847819019,0.8115533673850394,42
22.5,104.5,0.010946856287425533,0.9654228872862333,42
22.5,105.5,-0.2426867846733487,0.12382644402912081,42
22.5,106.5,-0.3878837255595531,0.266154543300259,41
22.5,107.5,0.22927374643510873,0.5778990721352786,39
22.5,108.5,-0.5897080947108959,0.15860607706086882,40
22.5,109.5,-0.3233306077422296,0.39080164551413843,43
22.5,110.5,0.6957622391905477,0.20436652918574671,41
22.5,111.5,0.09065453471464835,0.8179058629425171,43
22.5,112.5,0.5997155834878163,0.1318042280915117,44
22.5,113.5,-0.270590365340953,0.6201774624706455,44
22.5,114.5,-1.4773962620027437,0.0001947818993998841,43
22.5,115.5,-0.7729970191076678,0.07201763206645242,42
22.5,116.5,-0.34262261584234566,0.42427491772837767,44
22.5,117.5,-0.05785261696903587,0.9114126436396226,44
22.5,118.5,-0.10768180600869133,0.8794125662732877,44
22.5,119.5,-0.9695974743800617,0.07871507631982917,43
22.5,120.5,-0.8024975309948197,0.49799010072042804,44
22.5,121.5,-1.4042785952307786,0.003698506792239644,44
22.5,122.5,0.10342078104677843,0.7082349133954652,44
22.5,123.5,0.5010860445394628,0.37889136985202754,44
22.5,124.5,-0.1441071336363058,0.6602647550462682,43
22.5,125.5,-0.1761147897518917,0.42427491772837767,44
22.5,126.5,0.06356811498470893,0.863482766117042,44
22.5,127.5,0.22827273083321623,0.5642685185472105,44
22.5,128.5,0.08639558768728817,0.8476082739456742,44
22.5,129.5,-0.24790107528582142,0.5780164317724827,44
22.5,130.5,-0.3030033490380096,0.40246125139431455,43
22.5,131.5,0.017612525203681336,0.9596671236749724,44
22.5,132.5,-0.11471673112731856,0.7538688170084293,44
22.5,133.5,-0.6649830409054852,0.15975903067588082,44
22.5,134.5,-0.4362933038345365,0.22874529700344437,44
22.5,135.5,-0.24446105830849105,0.6059749796211158,44
22.5,136.5,-0.6789988254589192,0.1658526005713854,44
22.5,137.5,-0.40580270212631553,0.2791520888849168,44
22.5,138.5,-1.0153504265786042,0.022863431302471683,44
22.5,139.5,-0.38077334810722113,0.2328466829852629,43
22.5,140.5,0.1963621156970853,0.5879084322109032,42
22.5,141.5,-0.008560865189465182,1.0,43
22.5,142.5,-0.7927493114646277,0.021313046850502212,43
22.5,143.5,-1.4640563551167272,0.0009427636028043197,43
22.5,144.5,-0.08699398939862422,0.8115533673850394,42
22.5,145.5,-0.07962734457396298,0.8623384168158529,42
22.5,146.5,-0.2873896669641746,0.32523868110605725,43
22.5,147.5,-0.48657915210664393,0.20870397233082183,42
22.5,148.5,-0.3349205091040849,0.43866997611941727,43
22.5,149.5,0.06595941367490812,0.785544411956157,43
22.5,150.5,0.09931243042302862,0.828404904759906,42
22.5,151.5,-0.3898432100885405,0.17209248059019389,42
22.5,152.5,-0.21950512405609562,0.2764169138485879,43
22.5,153.5,-0.16630008413984987,0.648986688212116,42
22.5,154.5,-0.27479777426783275,0.3837679004377369,39
22.5,155.5,-0.5388711809132767,0.14660598578081052,39
22.5,156.5,-0.014541552765042607,0.990704029723175,40
22.5,157.5,-0.1411629199022909,0.706056827224919,38
22.5,158.5,0.1095464659501244,0.6690554101034223,38
22.5,159.5,-0.10105484380937976,0.7436890405792607,37
22.5,160.5,-0.17044861948647932,0.3472987680371583,36
22.5,161.5,-0.36800280787097134,0.24778083040054255,31
22.5,162.5,-0.08814897486772506,0.8588067571357121,34
22.5,163.5,0.444130166032893,0.2250571451510026,30
22.5,164.5,0.33926651750501535,0.4179302333168975,28
22.5,165.5,-0.21722487461419746,0.7215386520496392,29
22.5,166.5,-0.6046481092436976,0.1534984884368536,30
22.5,167.5,-0.5753080042852767,0.17175819814532312,26
22.5,168.5,-0.26607473870694065,0.777959384381542,22
22.5,169.5,0.27020293517732613,0.45029515330704106,21
22.5,170.5,0.12792127645321702,0.8799878558277134,21
22.5,171.5,-0.03719515750786443,0.9396136982356221,18
22.5,172.5,1.0929908484027582,0.3923143472853552,16
22.5,173.5,-0.014263034759356419,1.0,19
22.5,174.5,-1.4208838142008184,0.3004271167492414,16
22.5,175.5,-0.6392287005947288,0.3923143472853552,16
22.5,176.5,-1.007044512974304,0.3923143472853552,16
22.5,177.5,-2.1109639125274264,0.1498607475130492,12
22.5,178.5,0.2936556927297652,0.6921807727218765,15
22.5,179.5,0.3471071852435005,0.4338268403653006,17
22.5,180.5,-0.006141578831796278,1.0,18
22.5,181.5,-0.9763520792932556,0.37305311625145265,15
22.5,182.5,-0.3866666666666667,0.4434214028640827,14
22.5,183.5,-0.5610542524605022,0.36739463173964715,16
22.5,184.5,0.17782738095238138,1.0,10
22.5,185.5,0.740821678321678,0.5334165134726944,11
22.5,186.5,0.31870064836279305,0.3726914904715183,12
22.5,200.5,-1.4280753968253967,0.1498607475130492,12
22.5,201.5,-0.564285714285714,0.5915050369949166,10
22.5,203.5,0.08027544984445562,0.7833643646826537,12
22.5,204.5,0.28266212894687115,0.4884223166225936,15
22.5,205.5,0.2112268518518517,1.0,11
22.5,206.5,-1.784109943853716,0.36012164775537825,13
22.5,207.5,0.12351321223941614,0.9513521309544037,13
22.5,208.5,0.9704549693859679,0.36012164775537825,13
22.5,209.5,-0.16428898830039884,1.0,11
22.5,210.5,0.24453631569357492,0.7205147871362552,10
22.5,211.5,0.6982358611763531,0.2437222847721744,12
22.5,212.5,1.0116622920134106,0.16055589143580895,13
22.5,213.5,-0.20290218360071344,0.5915050369949166,10
22.5,214.5,-0.8110119047619048,0.37109336952269756,10
22.5,215.5,-1.9080687830687826,0.11947098677170075,11
22.5,216.5,-1.6303030303030304,0.04296014602842502,11
22.5,218.5,0.36502100840336177,0.8580276569875211,10
22.5,225.5,-0.06465517241379311,0.928444041500591,10
22.5,231.5,-0.9195402298850573,0.4362749288405292,11
22.5,232.5,-1.656037414965986,0.27575784782750934,11
22.5,233.5,-0.3686469302070805,0.4277105102974643,13
22.5,234.5,-0.3249684343434348,0.7317017232242102,12
22.5,235.5,-0.07204861111111072,0.9128140271840749,14
22.5,236.5,-0.29176738918577944,0.5583509093759852,16
22.5,237.5,0.4957172171242616,0.2561449666035266,20
22.5,238.5,0.2702108461257302,0.6242768461207494,19
22.5,239.5,-0.2680499969966825,0.8202167495096627,18
22.5,240.5,0.9131277256508525,0.5923012814329899,17
22.5,241.5,0.6089743589743599,0.4046702444107403,18
22.5,242.5,-0.21050814924568964,0.6731887478154436,20
22.5,243.5,0.8198737526289879,0.25581804946653663,18
22.5,244.5,0.34143518518518456,0.48410753779266247,19
22.5,245.5,0.28966581951132514,0.7916993472718744,23
22.5,246.5,0.5749999999999998,0.4922895298178107,23
22.5,247.5,0.9893419080919088,0.03076709825661944,26
22.5,248.5,-0.3594467401285576,0.5633463699559165,31
22.5,249.5,-0.5380102007260866,0.7369758150394312,28
22.5,250.5,-1.252705457738608,0.29505551931395413,28
22.5,251.5,-0.7548214509918244,0.3386829866956895,32
22.5,252.5,0.053946874967643055,0.8612638836213089,40
22.5,253.5,-0.39704241071428115,0.4744436456632575,42
22.5,254.5,-0.8548651330994926,0.056471329731987735,42
22.5,255.5,-0.3536706349206369,0.24477263865521393,44
22.5,256.5,-0.06036064629814637,0.8248046168337547,40
22.5,257.5,-0.04772167487684747,0.7450889812709389,42
22.5,258.5,-0.01905372587938355,0.96292509372887,33
22.5,259.5,-0.26380785004745394,0.3952543278515894,37
22.5,260.5,0.4971590909090917,0.4431544530574595,35
22.5,261.5,-0.799107142857143,0.21724725095772912,39
22.5,262.5,-1.6459627329192514,0.015786877763021224,38
22.5,263.5,-1.4438984728506787,0.0003935423765894789,37
22.5,264.5,-0.14863850561817452,0.5952698888863501,36
22.5,265.5,-0.3627193921232874,0.4101196678534941,35
22.5,266.5,-0.34188567766238753,0.4655488870531287,32
22.5,267.5,-0.13236487776928918,0.7481053914270006,30
22.5,268.5,0.11518079246624069,0.7752944295177846,30
22.5,269.5,-0.2715424905545305,0.5283124685330474,25
22.5,270.5,-0.21981517624428437,0.5937387052742729,28
22.5,271.5,-0.2961333421931247,0.35311901773888865,28
22.5,272.5,-0.2522148182189533,0.49659521437046883,31
22.5,273.5,0.014274240798858253,1.0,29
22.5,274.5,-0.3556411908538193,0.37375236607181783,34
22.5,275.5,-0.0288318452380946,0.9546999508650751,35
22.5,276.5,0.07318840579710155,0.8800839006711906,38
22.5,277.5,-0.46887641585760864,0.32678580538480595,38
22.5,278.5,-0.5566586095764267,0.132233654832753,35
22.5,279.5,-0.2496617965367965,0.4872648904642325,36
22.5,280.5,0.491118963409617,0.4216091010757991,36
22.5,281.5,-0.2792483660130711,0.546208417913761,38
22.5,282.5,-0.528635866593766,0.11825088388903625,35
22.5,283.5,-0.2298114792860648,0.42497974024989427,37
22.5,284.5,0.6414561529398038,0.15854217661892822,33
22.5,285.5,0.7431956191715471,0.23563988710649852,34
22.5,286.5,0.7215938763477091,0.2001586151353415,32
22.5,287.5,0.44636299135673324,0.390080152762149,32
22.5,288.5,0.11737674551154169,0.8424035124757051,35
22.5,289.5,-0.35828154500649123,0.5664461417662239,33
22.5,290.5,-0.3332583075812509,0.37859457687479137,35
22.5,291.5,-0.13336634739147135,0.7044743405984467,37
22.5,292.5,0.7475537222782982,0.10203572947413155,36
22.5,293.5,0.27866067399286243,0.5925510100829448,32
22.5,294.5,0.8314693032357892,0.20848766222654147,31
22.5,295.5,0.5930544800706408,0.24958080203971644,32
22.5,296.5,-0.0786919764722585,0.8646652653123481,33
22.5,297.5,0.2309953664707367,0.570323002920078,32
22.5,298.5,0.32409098572552253,0.5518698510086286,31
22.5,299.5,0.36736562230108694,0.37244389624576013,32
22.5,300.5,-0.34936079545454524,0.41153015108926394,33
22.5,301.5,-0.05672546528131804,0.9096221353961885,32
22.5,302.5,-0.482695775472774,0.3898895337647029,34
22.5,303.5,-0.20111570004510762,0.44771724277486147,33
22.5,304.5,0.35637698712245647,0.2227402060902387,29
22.5,305.5,0.41079158936301774,0.4145985082462331,31
22.5,306.5,-0.06719842657342683,0.8511795418842656,29
22.5,307.5,-0.14113126120982594,0.7784259141888469,29
22.5,308.5,-0.17947301208249022,0.5937387052742729,28
22.5,309.5,0.29296875,0.45455525621868176,31
22.5,310.5,0.3679435483870964,0.5441196833389506,30
22.5,311.5,-0.191624307224893,0.570323002920078,32
22.5,312.5,0.6465669119138827,0.13473584102323688,31
22.5,313.5,0.0306845798554561,0.9187737391879133,31
22.5,314.5,0.7464251771781283,0.12819661046060987,28
22.5,315.5,0.39190705128205156,0.45296039168917024,27
22.5,316.5,-0.3924972826086952,0.5261780967197713,23
22.5,317.5,-0.11507417848163384,0.8335157043083458,25
22.5,318.5,-1.140077738396005,0.00046978013713470354,24
22.5,319.5,-1.0768651362984214,0.01785429278938299,22
22.5,320.5,-0.6319236790999067,0.3492193427947422,21
22.5,321.5,-0.3068992521343852,0.6946444974614776,21
22.5,322.5,-0.3492411510176807,0.674611943553671,19
22.5,323.5,-0.31794007667169455,0.7264469840368603,19
22.5,324.5,0.08385416666666737,1.0,19
22.5,325.5,0.6595307211217587,0.3030965324675493,17
22.5,326.5,-0.027499999999999858,0.8202167495096627,18
22.5,327.5,0.7197909993593872,0.28313087066234666,10
22.5,328.5,0.22436839113521845,0.8370114751054462,12
22.5,329.5,0.47540509259259245,0.08647112777407255,12
22.5,330.5,0.6289912399838449,0.11947098677170075,11
22.5,331.5,0.6607826014637386,0.4742743507673295,10
23.5,66.5,-3.005845569428942,0.37109336952269756,10
23.5,70.5,4.452050214499578,0.023987534464426946,13
23.5,71.5,2.0461356231130248,0.043545586214321814,17
23.5,72.5,0.45409882741814944,0.6853285557833784,16
23.5,73.5,1.3112925602613557,0.2299690777236404,20
23.5,74.5,0.7477983335500547,0.3467641835161842,20
23.5,75.5,0.16005401704199648,0.8656490997057351,22
23.5,76.5,-0.0749271779458795,0.7614215361463608,25
23.5,77.5,-0.19799698471748783,0.6930118863702326,22
23.5,78.5,-0.15912244190079747,0.7387187313672434,27
23.5,79.5,-0.18102240896358524,0.7916993472718744,23
23.5,80.5,-0.8154981983722702,0.2673270197885057,23
23.5,81.5,-0.5846541857103792,0.15631053721479246,27
23.5,82.5,-0.3749999999999992,0.6685166224807093,30
23.5,83.5,0.23380354380086554,0.6661517985372294,29
23.5,84.5,0.8306547619047617,0.1007196267645143,30
23.5,85.5,0.27642953928471325,0.48926508700643856,28
23.5,86.5,0.06200396825396748,0.8304750241244809,30
23.5,87.5,0.227180099270754,0.5865203757130351,31
23.5,88.5,-0.0528982930298725,0.9095458052651214,35
23.5,89.5,0.2848610295893495,0.5216102816326905,37
23.5,90.5,0.6064806878619127,0.23601041334390283,36
23.5,91.5,-0.5681894896911956,0.3759635132769804,36
23.5,92.5,-0.8087166958701231,0.1157443684298359,40
23.5,93.5,-0.16902431153184239,0.6457450970456375,39
23.5,94.5,-0.3762655399913747,0.18213835260866806,34
23.5,95.5,-0.38019378317531916,0.09578337281012347,31
23.5,96.5,0.11106434717545814,0.6495079756621349,35
23.5,97.5,0.546748991935484,0.07712322019197045,31
23.5,98.5,0.4303933913308914,0.02074391742014646,34
23.5,99.5,-0.07457197784941977,0.744891472543834,33
23.5,100.5,-0.030760587366615987,0.8646820584594126,35
23.5,101.5,0.06752873563218374,0.7596537518193331,31
23.5,102.5,0.4347032795897755,0.20946154334050293,33
23.5,103.5,0.482546148819734,0.195559652706897,29
23.5,104.5,0.3762814538676603,0.22413567532570777,34
23.5,105.5,-0.22784036684245557,0.38087509602077263,37
23.5,106.5,0.022397788413414266,0.9687017187842498,37
23.5,107.5,-0.22899360915988706,0.255493968302292,39
23.5,108.5,-0.8960844528278737,0.005173196502911234,42
23.5,109.5,-0.29279458665542313,0.23011737495822138,40
23.5,110.5,0.19696653743618994,0.4383374552726653,41
23.5,111.5,0.14695055536132098,0.4981364283916775,39
23.5,112.5,-0.13808218713319872,0.7082349133954652,44
23.5,113.5,0.12254901960784714,0.6181176400135012,42
23.5,114.5,-0.6599840662471612,0.04631516494439469,44
23.5,115.5,-1.0283076298701297,0.030198435580170054,42
23.5,116.5,-0.5106052006623875,0.15256341552303945,42
23.5,117.5,-0.30698028923416004,0.38994765540100507,44
23.5,118.5,-0.03362773060613114,0.9919301238572449,44
23.5,119.5,-0.8592765598522594,0.14249360131085043,44
23.5,120.5,-1.8326030436748175,0.029662624945470544,44
23.5,121.5,-2.428331600314297,0.0004157520514646196,44
23.5,122.5,-0.05312983750993337,0.8003790608501801,44
23.5,123.5,0.25029457720565634,0.5642685185472105,44
23.5,124.5,0.4448530761008286,0.34689635122351015,44
23.5,125.5,-0.07163910101637525,0.7847878138372517,44
23.5,126.5,-0.45620065822985306,0.33662512075788886,44
23.5,127.5,-0.08175820881733228,0.7847878138372517,44
23.5,128.5,0.2482641187108059,0.510906363666696,44
23.5,129.5,0.41704704311292523,0.3793495934816995,43
23.5,130.5,-0.0936778344990147,0.7692824541886295,44
23.5,131.5,-0.0024817836135728744,0.9919301238572449,44
23.5,132.5,-0.49750105320518206,0.2791520888849168,44
23.5,133.5,-0.32449475318346677,0.6201774624706455,44
23.5,134.5,0.044325193084823335,0.9596671236749724,44
23.5,135.5,-0.6007963747365386,0.09120375437746786,44
23.5,136.5,-0.6983243594178251,0.1266979608214545,44
23.5,137.5,-0.4925749289627629,0.13706855090147962,44
23.5,138.5,-0.6399617110955425,0.19896310814724016,44
23.5,139.5,-0.6774335618458522,0.023788325210398857,43
23.5,140.5,-0.0212562870608676,0.9499317198507831,43
23.5,141.5,0.34678588588588466,0.3859468605971169,42
23.5,142.5,-0.7292561618295061,0.07914698089077801,42
23.5,143.5,-1.0892492376957537,0.020161788172325775,43
23.5,144.5,-0.8386210121843479,0.02396938796128397,41
23.5,145.5,-0.47394934776402836,0.2689803649247009,42
23.5,146.5,-0.39884216598688205,0.346250063352757,43
23.5,147.5,-0.760876936613073,0.0686552999544077,42
23.5,148.5,-0.776953424743805,0.051089163163599835,42
23.5,149.5,-0.6374811600295285,0.09090696836106038,42
23.5,150.5,-0.40872891650078225,0.2506536089538406,42
23.5,151.5,-0.3091862342807735,0.43502642785483836,40
23.5,152.5,-0.6491064675113524,0.06736779165897165,40
23.5,153.5,-0.5153169300961387,0.15180150558116184,38
23.5,154.5,-0.34288629166699003,0.15556599427132728,35
23.5,155.5,-0.45644848469915006,0.12693877134651707,40
23.5,156.5,-0.2954618577296249,0.2657461083422321,39
23.5,157.5,-0.25345052913426097,0.5136072924876847,39
23.5,158.5,-0.687109230432098,0.0827544697136204,38
23.5,159.5,-0.2401023797690694,0.4357099127515781,38
23.5,160.5,-0.5571678321678324,0.011924155188484286,38
23.5,161.5,-0.585700882676153,0.12504272739262104,33
23.5,162.5,-0.2974137931034481,0.4145985082462331,31
23.5,163.5,0.6293487881263616,0.19645146482180031,31
23.5,164.5,0.16103524743230618,0.649540989554171,28
23.5,165.5,-0.5091463500745959,0.08107198481664178,29
23.5,166.5,-0.20212279597750182,0.5084542305885602,26
23.5,167.5,-0.3635158479312399,0.3152515554041374,25
23.5,168.5,-0.044449497574497426,0.9252757299002273,29
23.5,169.5,1.0050698162780645,0.027272736557864382,24
23.5,170.5,0.32317508487224955,0.5612202073936174,23
23.5,171.5,-0.4791836047746778,0.4873503903353207,21
23.5,172.5,0.31534090909090917,0.8337352412499334,19
23.5,173.5,-0.4275412087912088,0.41730416562740436,20
23.5,174.5,0.39501129811438374,0.5923012814329899,17
23.5,175.5,0.6817810977675813,0.344417522979072,16
23.5,176.5,1.4995853141194444,0.22413430196016682,16
23.5,177.5,1.143638573743922,0.10051817320746463,14
23.5,178.5,-0.05195046768707455,0.8925584658515614,16
23.5,179.5,0.30568910256410264,0.9211586502250249,15
23.5,180.5,1.342703349282296,0.1546297519658153,14
23.5,181.5,-0.28063725490195957,0.6614159170078631,14
23.5,182.5,1.0300786574990806,0.27575784782750934,11
23.5,183.5,-0.4489944313335812,0.7554968749288828,11
23.5,184.5,-0.20810810810810798,0.8762696636277617,11
23.5,185.5,0.6093569936617691,0.4742743507673295,10
23.5,186.5,-0.7971651738741583,0.2104977000553373,10
23.5,200.5,-0.1568017004251061,0.5915050369949166,10
23.5,202.5,-1.1650610902255636,0.11947098677170075,11
23.5,203.5,-0.29304656585424166,0.6312218204782533,12
23.5,204.5,0.030865778688524692,0.8580276569875211,10
23.5,207.5,-0.8969396132745211,0.3036732148994191,12
23.5,208.5,0.6516695423970258,0.35020138917929566,11
23.5,211.5,0.14362373737373701,0.8580276569875211,10
23.5,218.5,-0.6684014673074345,0.37109336952269756,10
23.5,232.5,-0.21292443747673118,0.6693340144640527,13
23.5,233.5,0.28523402542739196,0.11475673431864909,12
23.5,234.5,0.7249590378779782,0.16055589143580895,13
23.5,235.5,0.4629745740280406,0.640428787412791,11
23.5,236.5,-0.5850497159090903,0.27575784782750934,11
23.5,237.5,0.9314657382091595,0.03766692222862868,15
23.5,238.5,-0.2259290540540526,0.8337352412499334,19
23.5,239.5,-0.22437499999999916,0.8795727890074994,18
23.5,240.5,0.6584821428571429,0.7425568219265776,14
23.5,241.5,-0.4519424518481291,0.6693340144640527,13
23.5,242.5,-0.5526620370370376,0.8430852292699837,15
23.5,243.5,0.0715274615306656,1.0,16
23.5,244.5,-0.8714465725806453,0.08521008299376037,21
23.5,245.5,-0.7781279593428678,0.2322487419840542,17
23.5,246.5,0.9072284573016822,0.41489093965848534,21
23.5,247.5,0.859206989247312,0.5288645203641904,19
23.5,248.5,-0.27151020584874375,0.7849697273207377,24
23.5,249.5,0.42701490372794926,0.6530785762864474,36
23.5,250.5,-1.5708298168800554,0.16168099298618033,37
23.5,251.5,-0.5345238095238102,0.5894353805253721,35
23.5,252.5,-0.3554258241758238,0.8209725423085437,38
23.5,253.5,0.8496885924719167,0.3150507838438277,43
23.5,254.5,1.0510219014170166,0.07852551092654692,40
23.5,255.5,-0.7781489822690157,0.026404804618867666,36
23.5,256.5,-0.4718137254901963,0.10545516969719615,35
23.5,257.5,-0.15936147186147182,0.7215386520496392,29
23.5,258.5,-0.716540404040405,0.09131094338530243,29
23.5,259.5,-0.6864759213870729,0.13840976575205344,28
23.5,260.5,0.9076003086419753,0.15469367377127763,34
23.5,261.5,-0.5092573924731185,0.44595658115373593,32
23.5,262.5,-0.4468128025820339,0.49659521437046883,31
23.5,263.5,-0.3050286558443903,0.6151681449180015,32
23.5,264.5,-0.48611111111110716,0.1438256691076362,31
23.5,265.5,-0.46799059667576504,0.2933017774384965,35
23.5,266.5,-0.4029574904854327,0.2631677566593238,32
23.5,267.5,-0.33647486772486773,0.4754490495282657,30
23.5,268.5,0.5504929925301152,0.6213676320840416,28
23.5,269.5,-0.45789922451672316,0.35900429696743286,27
23.5,270.5,-0.005463546378511985,1.0,28
23.5,271.5,-0.33767354767994195,0.6277372683701176,26
23.5,272.5,0.15943653288263318,0.7684569726000503,33
23.5,273.5,0.24313593106995965,0.7596537518193331,31
23.5,274.5,-0.4993386243386243,0.31342462874493326,34
23.5,275.5,-0.12205819944511126,0.795791881562907,36
23.5,276.5,-0.06633223334042958,0.9095458052651214,35
23.5,277.5,-0.39299754192671127,0.3486070834489362,35
23.5,278.5,0.07802570835825343,0.9055957937612324,34
23.5,279.5,0.15430040995033623,0.795791881562907,36
23.5,280.5,-0.040358799147223026,0.9198876540782883,38
23.5,281.5,-0.37078373015873023,0.2263989227367953,39
23.5,282.5,-0.22583486899827915,0.3335023015339059,36
23.5,283.5,0.22722370948845666,0.3472987680371583,36
23.5,284.5,1.0764072410147998,0.04077869206766529,34
23.5,285.5,0.673076923076923,0.22413567532570777,34
23.5,286.5,0.16454899267399214,0.33419563121006324,35
23.5,287.5,0.06925529831682214,0.8584237820523384,32
23.5,288.5,0.17747664436944355,0.8403644195470178,33
23.5,289.5,0.3181555095999222,0.4537672973691913,36
23.5,290.5,-0.805461995966662,0.11609185700722142,34
23.5,291.5,-0.05833089844936596,0.9024333200095812,36
23.5,292.5,0.2523352662354444,0.5925510100829448,32
23.5,293.5,0.5617816091953998,0.06909725970750502,35
23.5,294.5,0.49230469683206823,0.27725679757119037,32
23.5,295.5,0.9058602337715388,0.08365644321423488,36
23.5,296.5,0.2829747717595277,0.5335299141597474,34
23.5,297.5,0.08756234707321653,0.7668567682388833,34
23.5,298.5,0.389944423898751,0.36062734198879765,33
23.5,299.5,0.347242730351351,0.394107148810076,33
23.5,300.5,-0.17185391363022995,0.6565125016248674,34
23.5,301.5,-0.5801534424794712,0.2850180897026914,33
23.5,302.5,-1.0141038039974213,0.03528513235300669,34
23.5,303.5,-0.26167076950919066,0.32054094882183226,34
23.5,304.5,0.36577636467296726,0.2992115611491839,33
23.5,305.5,0.4017671214620086,0.3158929602870456,31
23.5,306.5,0.11594338062292085,0.7669644911053035,28
23.5,307.5,-0.04156079991209301,0.9802109790485439,24
23.5,308.5,0.003850140363733856,1.0,28
23.5,309.5,0.02499999999999858,0.9773408399028476,35
23.5,310.5,0.0849477075941201,0.9187737391879133,31
23.5,311.5,0.04175122611195705,0.9147523390847367,30
23.5,312.5,0.2560090836750109,0.7091645038629479,32
23.5,313.5,0.18851951188907648,0.7220003552092338,34
23.5,314.5,0.7527384696016775,0.1821375864449275,27
23.5,315.5,-0.2207341269841267,0.6767236120473166,27
23.5,316.5,1.100784560381356,0.29077716928272723,23
23.5,317.5,-0.7294364359980205,0.5350244506182873,22
23.5,318.5,-1.0952662103649229,0.0054486045766487835,25
23.5,319.5,-0.9375243506312798,0.11431677554040419,22
23.5,320.5,-0.8928326676065168,0.10689967587922093,24
23.5,321.5,-0.000577145470863627,1.0,22
23.5,322.5,-0.8449074074074077,0.04472893731365215,23
23.5,323.5,0.5460964515885827,0.38118730498775844,21
23.5,324.5,1.1105985392294757,0.4338268403653006,17
23.5,325.5,0.12786548442906542,1.0,15
23.5,326.5,-0.3932971014492752,0.6693340144640527,13
23.5,327.5,0.7848828371394484,0.3726914904715183,12
23.5,328.5,0.3045250472589793,0.640428787412791,11
24.5,70.5,3.5052004807843873,0.21291190281150452,11
24.5,71.5,1.4828574203574223,0.11328720822235322,15
24.5,72.5,0.53000395228956,0.6693340144640527,13
24.5,73.5,1.0038246924441439,0.11507464782117936,16
24.5,74.5,-0.024237761743066806,1.0,13
24.5,75.5,0.9375,0.22547929744791595,18
24.5,76.5,-0.2122323954173519,0.7702877264736667,20
24.5,77.5,-0.43884381317993826,0.31900803011512957,21
24.5,78.5,-0.6924603174603163,0.1821375864449275,27
24.5,79.5,-0.9070940916394198,0.007235176109436061,25
24.5,80.5,-0.6747561737819152,0.545701386215353,21
24.5,81.5,-0.17493771737790706,0.9224620671867602,20
24.5,82.5,-0.07893688647778006,0.8621556082271453,24
24.5,83.5,0.07715622434920243,0.8656490997057351,22
24.5,84.5,0.6298362585127288,0.1724913614849527,24
24.5,85.5,0.7488219246031749,0.08698814891833656,24
24.5,86.5,0.056119490350129315,0.8900067739861677,28
24.5,87.5,-0.39946266968325783,0.2900579790352388,26
24.5,88.5,-0.13125696156406114,0.8588732339133708,28
24.5,89.5,0.6441824450677901,0.2525233839239892,29
24.5,90.5,0.3470870260016061,0.34457761884916804,33
24.5,91.5,0.0997597618177381,0.8424035124757051,35
24.5,92.5,-0.40021929824561375,0.279615358042137,38
24.5,93.5,0.11242136377839822,0.8335157043083458,25
24.5,94.5,1.5821649148909027,0.05256683737550347,25
24.5,95.5,0.20120179746257522,0.3289911279552147,33
24.5,96.5,0.17273464718380488,0.5335299141597474,34
24.5,97.5,0.38157894736842085,0.22104956212356597,31
24.5,98.5,0.7711330191798946,0.019301492512038984,33
24.5,99.5,-0.1577380952380949,0.3954246967469043,31
24.5,100.5,-0.2752111171319234,0.5084542305885602,26
24.5,101.5,0.1788556134259256,0.3875143778393141,25
24.5,102.5,-0.08038793103448238,0.6117600292546322,22
24.5,103.5,-0.15106764546147078,0.2844114676220474,30
24.5,104.5,0.4203559454623698,0.08782509563019496,29
24.5,105.5,-0.20862328031445676,0.3022157697479979,29
24.5,106.5,-0.16056301652892654,0.5633463699559165,31
24.5,107.5,-0.46601687607785414,0.1534984884368536,30
24.5,108.5,-0.20884916954872557,0.46646827743679087,33
24.5,109.5,-0.26592061036342624,0.545656108406517,33
24.5,110.5,0.2501793400286947,0.4602261776270049,35
24.5,111.5,0.21273545891878765,0.3642313470672599,39
24.5,112.5,0.17171717171717146,0.4658973881161266,38
24.5,113.5,-0.2094683240578445,0.5580781774416292,36
24.5,114.5,-0.17904852382344316,0.46795381352609333,39
24.5,115.5,-0.16339285714285623,0.6029278873524366,42
24.5,116.5,-0.4914136663213493,0.07341783972930695,44
24.5,117.5,-0.19336355135924088,0.5642685185472105,44
24.5,118.5,0.35162140358284527,0.4638149773228277,43
24.5,119.5,-1.510650647296089,0.00785553389469994,43
24.5,120.5,-1.8011617148588832,0.0027795673728017536,42
24.5,121.5,-1.8421479812156605,0.0004374722364200883,43
24.5,122.5,-0.11584709491630443,0.7847878138372517,44
24.5,123.5,0.4777432777994588,0.4481100203468621,44
24.5,124.5,0.7975721552833406,0.08739348112980251,44
24.5,125.5,0.2228184400552198,0.6602647550462682,43
24.5,126.5,-0.21060743843836766,0.510906363666696,44
24.5,127.5,-0.6033328499390205,0.15383630866989784,44
24.5,128.5,0.7738855030924348,0.08234132298454933,43
24.5,129.5,0.9451986777465915,0.025400811472118725,44
24.5,130.5,0.20051371679139507,0.7385526280584778,44
24.5,131.5,-0.7861558084772359,0.025116903415046025,43
24.5,132.5,-0.17879087237521468,0.8160502573345575,44
24.5,133.5,-0.08619125950587181,0.863482766117042,44
24.5,134.5,-0.10694039878802167,0.8505806821024309,43
24.5,135.5,-0.5782645522332057,0.14808199944763661,44
24.5,136.5,-0.7981673957733536,0.07022557415054824,44
24.5,137.5,-1.0613485075494797,0.033659415886615765,42
24.5,138.5,-0.8484674395898419,0.057670064418724465,41
24.5,139.5,-0.574551545645715,0.11359049227857512,42
24.5,140.5,0.5525733915885089,0.10255197276540567,43
24.5,141.5,0.5814970511531178,0.16538510374217374,42
24.5,142.5,-0.3712934916627642,0.632869142286627,40
24.5,143.5,-0.8816309470123442,0.11846727616685725,41
24.5,144.5,-0.949294340883286,0.006107746485171551,43
24.5,145.5,-0.42836863046456053,0.2124909647713341,41
24.5,146.5,-0.4734353846103786,0.2672858752494308,43
24.5,147.5,-0.26811021665672763,0.5438546354123606,43
24.5,148.5,-0.5771385645000557,0.22943429057595655,41
24.5,149.5,-1.0715606508875737,0.022854883584979054,42
24.5,150.5,-0.5572813006781661,0.05285871980753896,38
24.5,151.5,-0.25585503431931933,0.3453965562420982,39
24.5,152.5,-0.4532117380078727,0.08684001256551262,42
24.5,153.5,-0.5449331166683482,0.16966453316566255,37
24.5,154.5,-1.0414932041479474,0.017919491437789904,37
24.5,155.5,-0.7948211314475877,0.015786877763021224,38
24.5,156.5,-0.5693865429442369,0.12152609711609245,39
24.5,157.5,-0.36411946354748537,0.24060237078233304,39
24.5,158.5,-0.37969423913579886,0.2559086205193716,35
24.5,159.5,-0.5466378865743129,0.054530865275567435,37
24.5,160.5,-0.7064002218835941,0.02823414345038594,34
24.5,161.5,-0.334212762278827,0.394107148810076,33
24.5,162.5,-0.14560356461445423,0.6946868300138667,30
24.5,163.5,0.08316762879281012,0.8900067739861677,28
24.5,164.5,-0.25353203921471756,0.8621556082271453,24
24.5,165.5,-1.2880391234671118,0.01785429278938299,22
24.5,166.5,-0.6595992301553548,0.20586252630799218,24
24.5,167.5,-0.74765483077407,0.058523973520625175,25
24.5,168.5,-0.3208350438731137,0.6572273920607943,25
24.5,169.5,0.1636927305290584,0.6238124360692694,25
24.5,170.5,0.1362925966072574,0.8740921801633091,23
24.5,171.5,-0.7751627815269096,0.12728869225659978,20
24.5,172.5,-0.25564548234357415,0.7048534612178423,18
24.5,173.5,-0.07457010582010545,0.9396136982356221,18
24.5,174.5,1.0549932931202397,0.344417522979072,16
24.5,175.5,0.8791136630660659,0.26035056965599135,16
24.5,176.5,1.9704861111111116,0.22843980898867533,14
24.5,177.5,0.9087835761263757,0.640428787412791,11
24.5,178.5,0.17417493079049046,0.8370114751054462,12
24.5,179.5,0.03540610109796648,1.0,12
24.5,180.5,1.0200238362113343,0.5334165134726944,11
24.5,181.5,-0.05617035546613043,1.0,14
24.5,182.5,-1.0605752272418938,0.0748246071030847,15
24.5,183.5,-1.135385266079799,0.0995087321591697,13
24.5,184.5,-0.2162288579553966,0.8580276569875211,10
24.5,185.5,-0.5078125,0.640428787412791,11
24.5,186.5,-0.4131375750463463,0.4742743507673295,10
24.5,198.5,1.2932876510462714,0.07363827012030266,10
24.5,202.5,-1.4453125,0.11947098677170075,11
24.5,203.5,-0.8787393162393154,0.5915050369949166,10
24.5,218.5,-0.39636214878671827,0.5915050369949166,10
24.5,223.5,1.501323020972635,0.37109336952269756,10
24.5,224.5,1.6948329448329447,0.15240628395674932,10
24.5,233.5,-0.5535989434294499,0.7205147871362552,10
24.5,234.5,0.7126561158552345,0.2437222847721744,12
24.5,238.5,-0.5977941176470594,0.4362749288405292,11
24.5,239.5,-0.11618843413319105,0.9640893612679119,16
24.5,240.5,0.9148520594832141,0.2660517601229595,17
24.5,241.5,3.916396103896105,0.04296014602842502,11
24.5,242.5,0.010716447014523855,1.0,13
24.5,243.5,-0.296182073101242,0.9513521309544037,13
24.5,244.5,-0.6757812500000004,0.29391717025195707,19
24.5,245.5,0.14989412352693626,0.6077081401081054,21
24.5,246.5,0.6328864696463382,0.31900803011512957,21
24.5,247.5,-1.774031441377633,0.19167059142275544,16
24.5,248.5,0.188718272287608,0.6782246933005027,28
24.5,249.5,-1.2444918563141458,0.3242351019547286,31
24.5,250.5,-0.5787158472150485,0.4977975765265772,30
24.5,251.5,-2.0510931241103822,0.00856785336507881,36
24.5,252.5,-0.7096636002886004,0.30956401229803665,39
24.5,253.5,-0.20598412526825727,0.7130491088889688,36
24.5,254.5,-0.446834163046409,0.15854217661892822,33
24.5,255.5,-0.3150750817111909,0.39860638537703863,29
24.5,256.5,0.05892255892255899,0.9147523390847367,30
24.5,257.5,-0.15266969053452192,0.5351853194474852,24
24.5,258.5,-0.7718253968253963,0.050657030094118746,23
24.5,259.5,-0.49960243294642237,0.4690632682744802,25
24.5,260.5,0.03742087281082859,1.0,32
24.5,261.5,0.1718750000000002,0.617392769071009,30
24.5,262.5,-0.4400227244506893,0.5864526254323217,29
24.5,263.5,-0.5604962670180056,0.40435063820524453,27
24.5,264.5,-0.6745728657836467,0.2266164478008148,27
24.5,265.5,-0.3719972896675816,0.44771724277486147,33
24.5,266.5,-0.9528882575757591,0.1007196267645143,30
24.5,267.5,0.4781674258663813,0.3321321174074414,26
24.5,268.5,-0.24565217391304373,0.568058623631595,30
24.5,269.5,-0.6226028547667708,0.1542575118326619,25
24.5,270.5,-0.8777302756932637,0.13336137676854284,27
24.5,271.5,-1.4536877544628877,0.013814067737925022,30
24.5,272.5,0.27811986863711063,0.6946868300138667,30
24.5,273.5,-0.6316889760243791,0.34119875170636194,31
24.5,274.5,0.10657051282051398,0.8125085458048832,34
24.5,275.5,-0.5180474067533931,0.26626505196565464,37
24.5,276.5,0.11031739215782568,0.9546999508650751,35
24.5,277.5,0.1083849627814093,0.8403644195470178,33
24.5,278.5,0.7956050922701738,0.46646827743679087,33
24.5,279.5,0.30303030303030354,0.495448439184329,35
24.5,280.5,-0.2151773454299768,0.5052450905766701,33
24.5,281.5,0.07795813459189954,0.8649901175825423,37
24.5,282.5,0.16008003791333003,0.685150206155831,37
24.5,283.5,0.6154477415966391,0.17765391067092295,33
24.5,284.5,0.21036462783189386,0.539915857350804,36
24.5,285.5,0.21981203335992042,0.609130070083629,33
24.5,286.5,0.10756873074516192,0.8168835068089898,36
24.5,287.5,0.27946211399047544,0.5052450905766701,33
24.5,288.5,-0.3532669519420672,0.4431544530574595,35
24.5,289.5,-0.2251251628849129,0.7922384250904911,33
24.5,290.5,0.22089794799498702,0.5876087946102937,33
24.5,291.5,0.1266194551201671,0.7540675143570155,36
24.5,292.5,-0.12386864119357727,0.7091645038629479,32
24.5,293.5,1.0140160183066365,0.015048543454401318,34
24.5,294.5,1.2494243264335687,0.011476176867665569,35
24.5,295.5,0.5346526209297946,0.0731639316057934,37
24.5,296.5,-0.35791047188105907,0.19972540519351434,38
24.5,297.5,-0.0682250330687824,0.9037158067879053,39
24.5,298.5,0.48148336038960987,0.30149552170586214,37
24.5,299.5,-0.0772092347158987,0.8890947898386434,33
24.5,300.5,-0.3805612101529121,0.18675613776082567,30
24.5,301.5,0.17115274188917537,0.6780801094706034,34
24.5,302.5,-0.4272533241574994,0.4145985082462331,31
24.5,303.5,-0.08645598065218779,0.8588732339133708,28
24.5,304.5,-0.15633012169413518,0.744891472543834,33
24.5,305.5,0.12500000000000022,0.6958164053210005,31
24.5,306.5,0.46809205017218913,0.3136549364605332,28
24.5,307.5,0.3402229523646667,0.4179302333168975,28
24.5,308.5,-0.051663494551425555,1.0,30
24.5,309.5,0.2960542929292923,0.6427431760684212,30
24.5,310.5,-0.10157618975781321,0.9004590609762644,27
24.5,311.5,0.4401634659662186,0.3678300669521164,29
24.5,312.5,0.31761675824175817,0.2437621921734151,28
24.5,313.5,0.02555622559040839,0.8900067739861677,28
24.5,314.5,0.31820751335017616,0.44193101201121243,24
24.5,315.5,0.05531609195402343,1.0,22
24.5,316.5,0.02201771959064667,0.9813671252686654,25
24.5,317.5,-0.11442852765435897,0.8949064930201436,23
24.5,318.5,-0.5466438673465193,0.04257834985054805,26
24.5,319.5,-0.7389066444326917,0.1574056639748741,24
24.5,320.5,-0.4338597670250859,0.5030370130775135,24
24.5,321.5,-0.4566215349654197,0.4873503903353207,21
24.5,322.5,0.005513134382252538,1.0,20
24.5,323.5,0.3293634764659018,0.20575410127305516,20
24.5,324.5,0.0880336858597727,0.8925584658515614,16
24.5,325.5,-0.20636046515015205,0.8547770980655479,13
24.5,326.5,0.06667313664596249,0.7603323075218761,13
24.5,327.5,-0.16093749999999996,0.8580276569875211,10
25.5,70.5,0.42724519392460936,0.8762696636277617,11
25.5,71.5,1.8118299148165677,0.2437222847721744,12
25.5,72.5,1.4264744764183002,0.5371338571769023,12
25.5,73.5,1.1416389757860232,0.2996654484343021,13
25.5,74.5,0.7127476742393075,0.38107448160929436,14
25.5,75.5,1.796028155212467,0.09245959511086128,15
25.5,76.5,0.741662851037851,0.48410753779266247,19
25.5,77.5,-1.210993929628915,0.15005063655725903,18
25.5,78.5,0.4451086956521758,0.41489093965848534,21
25.5,79.5,0.24305555555555555,0.6930118863702326,22
25.5,80.5,0.059436274509803745,0.6731887478154436,20
25.5,81.5,-0.40815145502645545,0.29391717025195707,19
25.5,82.5,0.215472169751115,0.45029515330704106,21
25.5,83.5,0.41589486595353997,0.5259924856094209,21
25.5,84.5,0.696255588673622,0.21471330142519174,22
25.5,85.5,2.6972240739221673,0.02902040244056635,17
25.5,86.5,0.26186978530728544,0.7397638077281241,21
25.5,87.5,-0.1322466263817445,0.8233490121001951,24
25.5,88.5,-0.4295371942156567,0.35900429696743286,27
25.5,89.5,-0.10079604130808967,0.8255475691294885,26
25.5,90.5,-0.2598440974494109,0.7684569726000503,33
25.5,91.5,-0.32878242701851185,0.8304750241244809,30
25.5,92.5,-0.32310632586367877,0.7540675143570155,36
25.5,93.5,0.21134309000760915,0.757996646747342,32
25.5,94.5,0.2296573483014162,0.5732109789122802,34
25.5,95.5,0.36747985966735897,0.6091749235356739,35
25.5,96.5,-0.3183013613861382,0.478451739086175,27
25.5,97.5,0.8539117132867127,0.14574060364798977,26
25.5,98.5,0.04521077754773431,0.832591967665674,21
25.5,99.5,-0.10267857142857148,0.5727823105937271,22
25.5,100.5,0.02022058823529349,0.9297445787752688,26
25.5,101.5,-0.15349574173103497,0.5288645203641904,19
25.5,102.5,-0.21543906200891255,0.38118730498775844,21
25.5,103.5,-0.24984433374844361,0.2389242185787459,21
25.5,104.5,-0.2803291957704969,0.6504631229507133,17
25.5,105.5,-0.3121906812645537,0.18344722817247316,20
25.5,106.5,-0.5,0.058016482085702606,26
25.5,107.5,-0.002441454522985609,1.0,24
25.5,108.5,-0.4130877339592828,0.19895893109240226,25
25.5,109.5,0.7456563706563706,0.21471330142519174,22
25.5,110.5,-0.28998921914075376,0.3580197188228159,29
25.5,111.5,-0.4278790153697021,0.33873831133439525,29
25.5,112.5,0.06246470920383976,0.8821498665400751,34
25.5,113.5,-0.20355954694976142,0.29818612881587525,39
25.5,114.5,-0.026543282135957077,0.9349988039705048,40
25.5,115.5,0.09227648832055044,0.770840345264592,40
25.5,116.5,0.4790462753276016,0.27593433728642713,41
25.5,117.5,0.35984553831959065,0.2506536089538406,42
25.5,118.5,0.5974648428916722,0.05681822931485221,43
25.5,119.5,0.08779680752027158,0.7781182480506512,42
25.5,120.5,-0.7472428011648744,0.20409789310190107,40
25.5,121.5,-0.5745413695781345,0.19438626928107727,43
25.5,122.5,0.41258626604286763,0.31667600886647385,44
25.5,123.5,0.9282670901788738,0.022863431302471683,44
25.5,124.5,0.7124632432942533,0.036290965357690864,44
25.5,125.5,0.5125928758741258,0.15465002139087544,43
25.5,126.5,-0.6020908903978023,0.11230009255971522,44
25.5,127.5,-0.7771939828391439,0.25836440296788166,43
25.5,128.5,0.6458688281579457,0.22084614564234595,41
25.5,129.5,0.770898815280464,0.12652460633655835,43
25.5,130.5,-0.47144535323458125,0.3681063271849119,43
25.5,131.5,-0.02467547804265247,0.9349988039705048,40
25.5,132.5,-0.36955822111087877,0.29751878206452487,44
25.5,133.5,-0.645073452732733,0.0752198467062146,43
25.5,134.5,-0.6027224606752354,0.12652460633655835,43
25.5,135.5,-0.7985297471619136,0.1214100320643294,43
25.5,136.5,-0.606265943877542,0.09403879939083565,43
25.5,137.5,-0.1267433642924502,0.7538688170084293,44
25.5,138.5,-0.3135587431693976,0.40246125139431455,43
25.5,139.5,0.021328222009224795,0.9499317198507831,43
25.5,140.5,0.6477056906885981,0.1934342049120681,42
25.5,141.5,0.8578385933535475,0.16538510374217374,42
25.5,142.5,0.19546883102791351,0.8655164609304618,39
25.5,143.5,-0.020894738781296645,0.9481546239300995,42
25.5,144.5,-0.8585158316639705,0.11230009255971522,44
25.5,145.5,-0.5478954185349558,0.22482884061570196,42
25.5,146.5,-0.33217796720883147,0.4101432374855566,42
25.5,147.5,-0.37656348860529787,0.27848056798213805,42
25.5,148.5,-0.5086990061241135,0.23825744188756015,41
25.5,149.5,-0.6872436795845158,0.10339115177329679,41
25.5,150.5,-0.772250640849584,0.09205896803641289,38
25.5,151.5,-0.4787184621305204,0.3706969845683531,39
25.5,152.5,-0.46044835758377467,0.4658973881161266,38
25.5,153.5,-0.16343044854155164,0.6874625535563468,38
25.5,154.5,-0.11092093160107777,0.6284436367082953,37
25.5,155.5,-0.3722399000224464,0.18642577589332088,36
25.5,156.5,-0.8045114250076324,0.04525554618596206,36
25.5,157.5,-0.4994577287464659,0.2559086205193716,35
25.5,158.5,-0.15485029857097204,0.7334457521953335,32
25.5,159.5,-0.6131336302398595,0.0267119853796748,33
25.5,160.5,-0.3222302314225383,0.42684260879570113,32
25.5,161.5,-0.26051685814075287,0.5402386775632395,28
25.5,162.5,0.8127391842549716,0.17281953611248368,28
25.5,163.5,0.2017987075067086,0.8365263661204166,29
25.5,164.5,-0.1181252113152257,0.9004590609762644,27
25.5,165.5,-0.8381699613171699,0.07112672748994048,22
25.5,166.5,-1.2325599291463183,0.030337374811837438,23
25.5,167.5,-0.8207709161858812,0.14256865901357518,22
25.5,168.5,-0.34960487869286583,0.38118730498775844,21
25.5,169.5,0.2946507902016856,0.6077081401081054,21
25.5,170.5,0.7859517243767561,0.19412668587809967,21
25.5,171.5,0.45916461314868096,0.34341948718274173,17
25.5,172.5,-0.6029647435897438,0.2762784158080178,15
25.5,173.5,-0.727196420066002,0.20161232353469571,17
25.5,174.5,0.1899848294622301,0.9128140271840749,14
25.5,175.5,0.502520461309524,0.3923143472853552,16
25.5,176.5,0.046878020345563154,1.0,14
25.5,177.5,-1.1289534808577717,0.6312218204782533,12
25.5,178.5,-2.356396859540919,0.1498607475130492,12
25.5,179.5,0.297680539157812,0.7603323075218761,13
25.5,180.5,-0.9666236135059318,0.640428787412791,11
25.5,181.5,-0.42169381931149086,0.8266659696701553,14
25.5,182.5,0.33547344514325594,0.5526151250628484,15
25.5,183.5,0.05321362686699804,0.9513521309544037,13
25.5,184.5,-0.10489913856969496,0.7603323075218761,13
25.5,194.5,0.48319021309426624,0.37109336952269756,10
25.5,199.5,0.36029516866780975,0.8580276569875211,10
25.5,239.5,0.24744193184446517,0.9513521309544037,13
25.5,240.5,0.7502658160552906,0.22843980898867533,14
25.5,241.5,2.148046875,0.2104977000553373,10
25.5,243.5,1.4766640128953625,0.37109336952269756,10
25.5,244.5,1.747453990901571,0.06269811626098261,14
25.5,245.5,0.051112836438923025,0.8430852292699837,15
25.5,246.5,0.2042193329683451,0.8202167495096627,18
25.5,247.5,1.587445842945432,0.1629844132966407,20
25.5,248.5,2.9672849571952686,0.07784584959716469,26
25.5,249.5,-0.15048262652228805,0.8584007529637274,30
25.5,250.5,-1.5558844136758947,0.02558281311377281,28
25.5,251.5,-2.337242817519459,0.020200676163815653,39
25.5,252.5,-1.5216843768803754,0.04168527148667449,38
25.5,253.5,-0.029829653853091297,0.9478599779684119,37
25.5,254.5,-0.5212053571428568,0.21100212777492178,27
25.5,255.5,1.0899612718357485,0.20586252630799218,24
25.5,256.5,-0.39048971861471937,0.6077081401081054,21
25.5,257.5,0.35511363636363313,0.9211586502250249,15
25.5,258.5,1.0996305868838754,0.14429205544010523,20
25.5,259.5,0.4318055133272527,0.6345102928818573,23
25.5,260.5,0.005580357142855874,1.0,27
25.5,261.5,-0.8599990071930463,0.3321321174074414,26
25.5,262.5,-1.0593284866783201,0.21100212777492178,27
25.5,263.5,0.473235645933014,0.5612202073936174,23
25.5,264.5,-0.3188084112149525,0.45960782304895875,23
25.5,265.5,-0.7501854194830287,0.41368622699316804,25
25.5,266.5,-0.6286884274534638,0.13840976575205344,28
25.5,267.5,-0.3032871462264142,0.5084542305885602,26
25.5,268.5,0.9776332698714896,0.0873682521331009,27
25.5,269.5,0.7863686375813235,0.11641261541028022,30
25.5,270.5,0.22922658825918413,0.6024416860423838,24
25.5,271.5,0.6043206235299341,0.3955862561437876,28
25.5,272.5,0.6951935376743499,0.3353389634847318,30
25.5,273.5,-0.3273816555244501,0.545656108406517,33
25.5,274.5,0.03730423280799717,0.8646652653123481,33
25.5,275.5,-0.4484863983408821,0.3486070834489362,35
25.5,276.5,0.13417763393176513,0.7628611639449314,38
25.5,277.5,0.5824144755300482,0.3668216928826443,37
25.5,278.5,-0.3389538310473199,0.38087509602077263,37
25.5,279.5,0.6972931757118106,0.11352529377736803,37
25.5,280.5,0.14461036512882625,0.7540675143570155,36
25.5,281.5,0.26177156177156213,0.30956401229803665,39
25.5,282.5,-0.18737417956671373,0.757996646747342,32
25.5,283.5,0.5011380714282656,0.2580163179461443,33
25.5,284.5,0.36312001387443615,0.2598872365092252,34
25.5,285.5,0.11485049409154437,0.7239911390149285,37
25.5,286.5,0.06219362745098046,0.8168835068089898,36
25.5,287.5,1.0252976190476184,0.09378345200874334,35
25.5,288.5,0.23528940212470398,0.6728442148625922,36
25.5,289.5,-0.1171875,0.7763884317697076,35
25.5,290.5,0.04544216357268118,0.9382480146046129,33
25.5,291.5,0.014177897917495942,0.9891324349096958,36
25.5,292.5,0.14891975308641983,0.6908954991268498,35
25.5,293.5,0.5800583480449063,0.1989481007752456,30
25.5,294.5,1.2077765270188687,0.00308205888886304,33
25.5,295.5,0.9827537785947705,0.08317128750194616,35
25.5,296.5,-0.1404325659769134,0.6728442148625922,36
25.5,297.5,0.13629556653751695,0.8063024736341005,36
25.5,298.5,-0.35027197383050407,0.43751817737481247,36
25.5,299.5,-0.3031690188189803,0.4537672973691913,36
25.5,300.5,-0.3645882450018856,0.11170854477524784,35
25.5,301.5,0.006059191167700529,0.9763470765264379,34
25.5,302.5,0.02267941391970396,0.9763470765264379,34
25.5,303.5,0.38318452380952384,0.3954246967469043,31
25.5,304.5,0.1713501447876447,0.6984894773302321,33
25.5,305.5,-0.009273358762676352,0.9870617094920746,32
25.5,306.5,0.031800520081770436,0.9870617094920746,32
25.5,307.5,0.15858902696889002,0.8900067739861677,28
25.5,308.5,0.27617101269315825,0.6685166224807093,30
25.5,309.5,-0.1856027330671038,0.6427431760684212,30
25.5,310.5,0.026941230289303664,0.9551233832161916,29
25.5,311.5,-0.3072647419144934,0.6125283803487117,29
25.5,312.5,0.6638892719024216,0.18863315303694816,24
25.5,313.5,0.28717251977915487,0.4690632682744802,25
25.5,314.5,-0.47003408603878793,0.566142727568169,21
25.5,315.5,0.5878168232663893,0.29056075537876946,21
25.5,316.5,-0.1672784183030096,0.6518692807184261,22
25.5,317.5,-0.7908163265306117,0.06273522885003777,22
25.5,318.5,-0.17261904761904745,0.5973541948267042,23
25.5,319.5,-0.05129907627942078,0.9012978441563574,24
25.5,320.5,-1.2352233078687094,0.003399434591581013,21
25.5,321.5,0.0679386985225925,0.9278177692263682,21
25.5,322.5,0.4725807729001098,0.4837557864964521,17
25.5,323.5,0.011894168649559944,1.0,17
25.5,324.5,0.07381100481869099,0.7665252995235718,15
25.5,325.5,-0.16937552350533364,0.8762696636277617,11
25.5,326.5,0.05337771203155803,1.0,11
26.5,71.5,0.2917976379394549,0.7205147871362552,10
26.5,72.5,-0.22385022385022474,1.0,10
26.5,74.5,0.14054232804232794,0.9453298708327,12
26.5,75.5,0.9257347136138583,0.4742743507673295,10
26.5,76.5,1.3616230071537083,0.23495478370334333,15
26.5,77.5,-0.9411482334869432,0.4440436396628866,16
26.5,78.5,0.35807291666666663,0.5444860568259107,18
26.5,79.5,0.4355676659905492,0.566142727568169,21
26.5,80.5,-0.018045343137254772,1.0,14
26.5,81.5,0.4243394030668124,0.4440436396628866,16
26.5,82.5,-0.1390801457194895,0.6264962743469109,20
26.5,83.5,0.004550782461013962,1.0,18
26.5,84.5,0.0,1.0,18
26.5,85.5,-0.0377574477620075,1.0,15
26.5,86.5,0.3995375864650812,0.8368197050512747,17
26.5,87.5,-0.14595844371867056,0.9224620671867602,20
26.5,88.5,2.115218001204329,0.11431677554040419,22
26.5,89.5,0.24261628808826927,0.8701367570919353,25
26.5,90.5,-0.2723524305555558,0.6341458536966633,31
26.5,91.5,-0.09847728501080955,0.9578745987779059,23
26.5,92.5,-0.24258448765589827,0.7703961609830144,27
26.5,93.5,0.2284318259277092,0.48926508700643856,28
26.5,94.5,-0.21078431372549078,0.5631177383704165,34
26.5,95.5,0.31383288008287946,0.5864526254323217,29
26.5,96.5,-0.6711235489220574,0.07299943012573044,27
26.5,97.5,0.4904813640278763,0.19908116182657798,28
26.5,98.5,-0.04491727422779608,0.8659362154363435,29
26.5,99.5,0.013119388926874212,0.975910003234818,21
26.5,100.5,-0.15116089539264022,0.34341948718274173,17
26.5,101.5,-0.29124149659863924,0.3247123843638571,18
26.5,102.5,0.04218665701223946,1.0,16
26.5,103.5,0.15857054057874187,0.545701386215353,21
26.5,104.5,-0.13890913013968595,0.38701399031522477,17
26.5,105.5,0.2836538461538464,0.4953662988030888,18
26.5,106.5,0.05566460745675224,0.8496817462890718,18
26.5,107.5,0.21601382488479273,0.21568869559132287,21
26.5,108.5,-0.7499999999999989,0.008034765312662959,22
26.5,109.5,0.21042784263825143,0.6946444974614776,21
26.5,110.5,-0.2017849300457997,0.8517463124337419,25
26.5,111.5,-0.1223862476837943,0.9667427806663149,27
26.5,112.5,-0.4447373903614561,0.20836472630402936,39
26.5,113.5,-0.21871963729947008,0.3952543278515894,37
26.5,114.5,-0.19313569015563592,0.6142802922561134,36
26.5,115.5,-0.6486839735620864,0.06144494404678182,37
26.5,116.5,0.6692129629629602,0.04168527148667449,38
26.5,117.5,0.33462389380530927,0.29818612881587525,39
26.5,118.5,0.3135787486515653,0.563056451033163,38
26.5,119.5,0.18394931049415209,0.6495478982562364,40
26.5,120.5,-0.4065729126638254,0.08256310085481298,40
26.5,121.5,-0.5385121637379104,0.129440568095036,41
26.5,122.5,-0.2786022367596214,0.5438546354123606,43
26.5,123.5,0.7084167584671028,0.2134795926554277,44
26.5,124.5,0.7087701674073112,0.10779845401585703,44
26.5,125.5,-0.029953298704167984,0.9435570622791808,44
26.5,126.5,-0.5346307795001825,0.26157210159429045,44
26.5,127.5,-0.6789721223574241,0.20917019225053202,43
26.5,128.5,-0.38614305697196627,0.3793495934816995,43
26.5,129.5,0.26319926209420486,0.5029936375635133,43
26.5,130.5,-0.3881268256387321,0.4511433381462897,43
26.5,131.5,-0.12701235566315638,0.7947886866284579,42
26.5,132.5,0.13857158213954207,0.6007856611761987,43
26.5,133.5,0.25129183070866096,0.5879084322109032,42
26.5,134.5,-0.08633861400659677,0.8342074867818815,43
26.5,135.5,-0.26139106324875067,0.42427491772837767,44
26.5,136.5,-0.734662683007985,0.1736702772203822,43
26.5,137.5,-0.21047168867546873,0.8016826064347501,43
26.5,138.5,0.4620646623113722,0.30833848049191526,42
26.5,139.5,0.23295532293377028,0.7615493074182684,42
26.5,140.5,0.10301030103010354,0.7535494327517965,43
26.5,141.5,0.4008680555555537,0.4081104204610595,40
26.5,142.5,1.3946731043364013,0.014730025500938448,38
26.5,143.5,-0.152399597246023,0.8067106222830901,40
26.5,144.5,-0.3019186286319842,0.5239955384561089,44
26.5,145.5,0.172805346579218,0.6908616736633162,43
26.5,146.5,0.060472942515467705,0.9654228872862333,42
26.5,147.5,0.25639528850145155,0.6181176400135012,42
26.5,148.5,-0.8577148199861763,0.14118732660180083,41
26.5,149.5,-0.4653960739356894,0.3971171572571701,39
26.5,150.5,0.24948304601287113,0.7684569726000503,33
26.5,151.5,-0.43520925165712204,0.3952543278515894,37
26.5,152.5,0.007516648225648161,0.9721171358417333,40
26.5,153.5,0.008205745360162275,1.0,38
26.5,154.5,0.0332617902930402,0.9055957937612324,34
26.5,155.5,-0.43349378930834503,0.22385697199826116,37
26.5,156.5,-0.1819927387733014,0.6928385117296678,36
26.5,157.5,0.04773388423527606,0.9095458052651214,35
26.5,158.5,-0.20530828183444427,0.5894353805253721,35
26.5,159.5,-0.06802108159442259,0.8403644195470178,33
26.5,160.5,-0.2905494975996805,0.6851751854528196,32
26.5,161.5,-0.4070049905587152,0.368767814111159,33
26.5,162.5,-0.03911778257627095,0.9850341097366097,29
26.5,163.5,0.0837327472400304,0.7703961609830144,27
26.5,164.5,0.25599933155080234,0.6168456628672252,27
26.5,165.5,-0.5958612727732789,0.29660642229990064,22
26.5,166.5,-0.05509268081307786,0.7916993472718744,23
26.5,167.5,0.09533731505796378,0.9012978441563574,24
26.5,168.5,0.8335091957846575,0.17419048270007742,21
26.5,169.5,0.9489807845714893,0.3030965324675493,17
26.5,170.5,-0.05208333333333333,0.9578745987779059,23
26.5,171.5,-1.1222526041666665,0.11164031194559694,18
26.5,172.5,-1.9935603897998302,0.012482226584454132,20
26.5,173.5,-0.5439814814814812,0.25581804946653663,18
26.5,174.5,0.4016199317923458,0.8925584658515614,16
26.5,175.5,-0.6143216076045575,0.5840703669455064,14
26.5,176.5,-0.8050882250174712,0.6206907170753546,15
26.5,177.5,-2.5043635407559464,0.005069309556701599,11
26.5,178.5,-1.2613236570669928,0.007487886815149083,12
26.5,179.5,-0.36929592636114367,0.4362749288405292,11
26.5,180.5,-0.15848938217963965,0.8547770980655479,13
26.5,181.5,0.4168418813550759,0.6312218204782533,12
26.5,182.5,0.4234871031746029,0.28313087066234666,10
26.5,240.5,-0.2343452380952381,0.5915050369949166,10
26.5,242.5,2.020428388746801,0.06170669002831271,11
26.5,245.5,0.5462962962962963,0.7205147871362552,10
26.5,246.5,-0.6824758303762202,0.5812547604118179,20
26.5,247.5,-0.5387350969499052,0.4536084832864735,26
26.5,248.5,0.4233832956259498,0.8887055908352302,19
26.5,249.5,1.2906472528664907,0.3007717594347785,30
26.5,250.5,-1.4633234564963662,0.22389580114431484,32
26.5,251.5,0.11378271349862262,0.927053855932963,37
26.5,252.5,-0.35400196647068227,0.744891472543834,33
26.5,253.5,-0.7712270462779971,0.018721734703310452,28
26.5,254.5,-0.6610922146636442,0.2157852878709826,25
26.5,255.5,-1.4302201704545447,0.3004271167492414,16
26.5,256.5,-1.0241596638655461,0.16055589143580895,13
26.5,257.5,0.47525843721496075,0.6614159170078631,14
26.5,258.5,-0.075,0.9396136982356221,18
26.5,259.5,1.2989766333853585,0.1629844132966407,20
26.5,260.5,1.2320883838383838,0.2638720094732372,21
26.5,261.5,-0.171875,0.9578745987779059,23
26.5,262.5,-0.33836996336996406,0.6915533638570888,26
26.5,263.5,0.19326973922239804,0.777959384381542,22
26.5,264.5,0.10872395833333326,0.7913957365052897,26
26.5,265.5,-0.12243658931462587,0.8255475691294885,26
26.5,266.5,-0.25138990993158083,0.4876519268316105,29
26.5,267.5,-0.1570464534498015,0.7369758150394312,28
26.5,268.5,0.3491619323870443,0.8588732339133708,28
26.5,269.5,0.8749904245889804,0.06615731170562118,28
26.5,270.5,0.7084898088953053,0.2157852878709826,25
26.5,271.5,0.7787190033238495,0.31774734769908775,30
26.5,272.5,0.11453589860352054,0.8383870987564421,31
26.5,273.5,-0.1134580158907037,0.7334457521953335,32
26.5,274.5,-0.2988721804511279,0.6833368087995224,31
26.5,275.5,-0.11203603605690496,0.8162147751081346,33
26.5,276.5,-0.7799760419835664,0.20234388657884772,34
26.5,277.5,0.25125419943001026,0.6660299201417484,37
26.5,278.5,0.13217507887256347,0.8796101413969478,40
26.5,279.5,-0.22772018072044334,0.661353237644444,41
26.5,280.5,0.3634263314516937,0.3668216928826443,37
26.5,281.5,0.6843094075236928,0.2442143847130671,35
26.5,282.5,0.23059499633442415,0.5045014597713458,36
26.5,283.5,0.4192409114677367,0.24872473553918228,40
26.5,284.5,0.5240592044410493,0.12376498707129498,36
26.5,285.5,0.4254803466796875,0.32017406683149174,35
26.5,286.5,-0.19650090939153408,0.685150206155831,37
26.5,287.5,-0.233821334094795,0.5220542678768723,36
26.5,288.5,0.29537295389454465,0.4216091010757991,36
26.5,289.5,0.5256522898839779,0.2819046108192158,36
26.5,290.5,-0.11755952380952431,0.6352273936721516,34
26.5,291.5,-0.2634280515907103,0.539915857350804,36
26.5,292.5,-0.10349583319116981,0.8424035124757051,35
26.5,293.5,0.7251948441160336,0.03377610305998658,33
26.5,294.5,1.0749652437495723,0.0063778051451552605,34
26.5,295.5,0.329289672818765,0.6151681449180015,32
26.5,296.5,-0.19395412359022565,0.6999147656727215,34
26.5,297.5,-0.11684787917863308,0.8870686942118248,35
26.5,298.5,-0.6157422715631842,0.30149552170586214,37
26.5,299.5,-0.39496527777777757,0.4952867602977147,34
26.5,300.5,-0.23427749723244873,0.45597179082236294,37
26.5,301.5,-0.3793986344537821,0.33419563121006324,35
26.5,302.5,-0.6268274853801166,0.23563988710649852,34
26.5,303.5,-0.30432277050232354,0.44771724277486147,33
26.5,304.5,-0.09556411302737497,0.8162147751081346,33
26.5,305.5,-0.5557314711298819,0.0867605711758845,30
26.5,306.5,0.27160812672176315,0.47532023939393775,31
26.5,307.5,0.43331448768276704,0.3580197188228159,29
26.5,308.5,-0.6526872230827423,0.1989481007752456,30
26.5,309.5,-0.24611897893428367,0.7387187313672434,27
26.5,310.5,-0.818601518626198,0.07220184758805664,28
26.5,311.5,-0.24244290989695394,0.45366236627030876,30
26.5,312.5,0.5061800559525741,0.07018398549149235,24
26.5,313.5,0.09688356835095835,0.7916993472718744,23
26.5,314.5,0.04984796949082653,1.0,22
26.5,315.5,0.7691374159820762,0.06273522885003777,22
26.5,316.5,-0.08869363395225408,0.8337352412499334,19
26.5,317.5,-0.8099310247747749,0.15005063655725903,18
26.5,318.5,-0.2459627123953267,0.42979527233955583,22
26.5,319.5,0.09948500378207281,0.7098436764690532,24
26.5,320.5,-0.4381396198830409,0.23423926303398213,19
26.5,321.5,-0.17633560701770054,0.49946120310401465,16
26.5,322.5,0.42292184265010296,0.6504631229507133,17
26.5,323.5,0.22544062703053908,0.6921807727218765,15
26.5,324.5,-0.2841000401767779,0.640428787412791,11
26.5,325.5,-1.2933333333333348,0.07363827012030266,10
26.5,326.5,-0.23200757575757575,0.8370114751054462,12
27.5,72.5,2.8230652268403618,0.27575784782750934,11
27.5,74.5,-1.013171565595758,0.023642218909198473,12
27.5,76.5,-1.0448642266824073,0.27575784782750934,11
27.5,77.5,-0.12998575498575526,0.9211586502250249,15
27.5,78.5,0.26688034188034054,0.7108359248149255,17
27.5,79.5,-0.8569944598337942,0.640428787412791,11
27.5,80.5,0.09645627892535666,1.0,11
27.5,81.5,-0.23809523809523853,0.7554968749288828,11
27.5,82.5,0.5235754053776673,0.8218916912511594,16
27.5,83.5,-1.152703472125061,0.6312218204782533,12
27.5,84.5,-1.76162416630419,0.17419048270007742,21
27.5,85.5,-0.40493497730340006,0.6726109872286647,23
27.5,86.5,-0.5656575121530154,0.44193101201121243,24
27.5,87.5,-0.37412948884174124,0.4806051289858302,26
27.5,88.5,-0.07957175925925927,0.8279576357977381,28
27.5,89.5,-0.4477663540163543,0.5283124685330474,25
27.5,90.5,1.0832193330115822,0.04865707312578976,31
27.5,91.5,-0.16746411483253598,0.545656108406517,33
27.5,92.5,-0.03653023460921951,0.8900067739861677,28
27.5,93.5,-0.1375891720552451,0.7668567682388833,34
27.5,94.5,0.19606947311088224,0.7669644911053035,28
27.5,95.5,0.21655701754385248,0.6614159170078631,14
27.5,96.5,-1.1064814814814798,0.139144174822425,23
27.5,97.5,0.5883458646616546,0.31062506239573384,26
27.5,98.5,0.1324091490107115,0.44193101201121243,24
27.5,99.5,-0.12554645538330078,0.7425568219265776,14
27.5,100.5,0.21522671568627438,0.5829505577618919,13
27.5,101.5,-0.34424073412939543,0.36012164775537825,13
27.5,102.5,0.45150422494172493,0.2001281176786024,13
27.5,103.5,-0.006784473602270743,0.9671423309063722,17
27.5,104.5,-0.020833333333333037,0.9442166279919116,19
27.5,105.5,-0.2024624261943106,0.4953662988030888,18
27.5,106.5,0.019132653061224792,0.9671423309063722,17
27.5,107.5,0.39103945623342184,0.15005063655725903,18
27.5,108.5,0.0033738711001642303,0.9741177473553713,20
27.5,109.5,0.3265625,0.3644027482029454,17
27.5,110.5,0.29587623337623314,0.4922895298178107,23
27.5,111.5,-0.29859203296703285,0.22104956212356597,31
27.5,112.5,-0.4645182291666672,0.20234388657884772,34
27.5,113.5,-0.8008205517228824,0.0534342528259042,35
27.5,114.5,-0.4320759368836292,0.17281953611248368,28
27.5,115.5,-0.002911216207330538,0.9850341097366097,29
27.5,116.5,0.7453191370763563,0.1157197552188083,32
27.5,117.5,-0.03950352822580605,0.8655164609304618,39
27.5,118.5,-0.03503987802017353,0.8646820584594126,35
27.5,119.5,-0.8789831722162551,0.13476842433139016,42
27.5,120.5,-1.0925856819810893,0.08684001256551262,42
27.5,121.5,-0.4415214035728009,0.4481100203468621,44
27.5,122.5,-0.34713721330256014,0.3573648817454941,44
27.5,123.5,-0.11631513647642623,0.8342074867818815,43
27.5,124.5,-0.6256098318333736,0.07022557415054824,44
27.5,125.5,-0.15805463033660952,0.8476082739456742,44
27.5,126.5,-0.41306236676181596,0.39080164551413843,43
27.5,127.5,-0.3857746613331319,0.47668240722040733,43
27.5,128.5,0.352141790624296,0.5879084322109032,42
27.5,129.5,-0.12361141859961244,0.6942324524938993,41
27.5,130.5,-0.6025148648349951,0.09822173608073281,43
27.5,131.5,-0.5660734207963181,0.20096328781426642,42
27.5,132.5,-0.4555436284647096,0.32937921868675046,42
27.5,133.5,0.2642400047725219,0.661353237644444,41
27.5,134.5,0.0051095588053970764,0.9833008244315274,43
27.5,135.5,-0.5071947718689095,0.10255197276540567,43
27.5,136.5,0.08411208938317336,0.930910680164664,42
27.5,137.5,0.07831811562717868,0.8342074867818815,43
27.5,138.5,0.6618721925792621,0.22475200898884962,43
27.5,139.5,0.6094208938636191,0.08610185002533892,43
27.5,140.5,0.41496254835034413,0.39793422470267026,42
27.5,141.5,-0.10642842191973341,0.8662064065863085,41
27.5,142.5,0.5171689723320163,0.4210494421975055,38
27.5,143.5,0.2083843422905058,0.6181176400135012,42
27.5,144.5,-0.03184783153044781,0.9481546239300995,42
27.5,145.5,-0.4891623982140787,0.38221215176158163,40
27.5,146.5,0.8318361676334618,0.1861143787191537,42
27.5,147.5,-0.1054435521758875,0.8453357931297271,42
27.5,148.5,-0.6361411648915644,0.32292109642586486,41
27.5,149.5,-0.4713767251504919,0.3788412517838009,38
27.5,150.5,-0.08942305534978992,0.8037485428824773,37
27.5,151.5,-0.2836597576452663,0.4872648904642325,36
27.5,152.5,-0.5394862754087868,0.30149552170586214,37
27.5,153.5,-0.4091476264418812,0.31453469858619243,38
27.5,154.5,-0.27673800575860324,0.5387479615505166,37
27.5,155.5,0.6914774557354492,0.14894602437860588,32
27.5,156.5,-0.05112396278751572,0.8650383150743489,31
27.5,157.5,0.14052124819252612,0.8330324989520455,32
27.5,158.5,-0.1426116474706418,0.7220003552092338,34
27.5,159.5,-0.8297273809028932,0.07051595370626552,34
27.5,160.5,-0.5390462406642358,0.2580163179461443,33
27.5,161.5,-0.36352720432462843,0.3811367947260229,32
27.5,162.5,0.4904729320879922,0.20882963623889783,29
27.5,163.5,0.7335758816786657,0.10953690763865905,28
27.5,164.5,-0.14538842733225205,0.566590311939465,26
27.5,165.5,-0.9122250832061152,0.0349986294954266,24
27.5,166.5,1.1342231008298487,0.3467641835161842,20
27.5,167.5,1.0066132967021801,0.38103238548434304,20
27.5,168.5,0.20165225610008147,0.7397638077281241,21
27.5,169.5,1.271642326491148,0.07435290536856357,20
27.5,170.5,0.46215367107321015,0.7730800663123129,17
27.5,171.5,-0.8333333333333333,0.8430852292699837,15
27.5,172.5,0.4412924066484507,0.8266659696701553,14
27.5,173.5,0.3810594647288196,0.7526419827681854,16
27.5,174.5,0.49756993835941177,0.6206907170753546,15
27.5,175.5,-0.7215275895976949,0.4277105102974643,13
27.5,176.5,-0.22665390240147812,0.8547770980655479,13
27.5,177.5,-1.4354876566011021,0.10740463633025372,10
27.5,241.5,-0.6796328671328666,0.28313087066234666,10
27.5,242.5,1.1763392857142856,0.4742743507673295,10
27.5,245.5,-0.027655359686609662,0.9513521309544037,13
27.5,246.5,-0.8324606340010089,0.20785680345658664,19
27.5,247.5,-1.3972616293886935,0.4956627244900297,20
27.5,248.5,-0.28249823778195654,0.832591967665674,21
27.5,249.5,-1.458639414628526,0.13026223878322818,24
27.5,250.5,-0.8792162698412704,0.2517286908429269,26
27.5,251.5,0.7446969696969687,0.09390326367306248,26
27.5,252.5,-1.0706351987777216,0.2266164478008148,27
27.5,253.5,-0.17619484935409643,0.5259924856094209,21
27.5,254.5,0.15350877192982426,0.7048534612178423,18
27.5,255.5,0.25296822742475106,0.6693340144640527,13
27.5,257.5,2.803619720123627,0.06410357671243591,12
27.5,258.5,0.522387645249486,0.4440436396628866,16
27.5,259.5,1.2937650244442647,0.42848041949799653,15
27.5,260.5,0.009765625,1.0,19
27.5,261.5,0.06510416666666519,1.0,19
27.5,262.5,-0.11889240175585368,0.9278177692263682,21
27.5,263.5,0.0070477488826702255,1.0,21
27.5,264.5,0.3199561403508772,0.4806051289858302,26
27.5,265.5,0.23718929968930005,0.6661517985372294,29
27.5,266.5,1.6215363090363089,0.010980366825873477,27
27.5,267.5,0.39428368556727067,0.32013656844448835,29
27.5,268.5,0.12256392159419147,0.7616263393983136,30
27.5,269.5,0.8791386083052745,0.0635295354198279,30
27.5,270.5,0.4202548635367874,0.41368622699316804,25
27.5,271.5,-0.06510191262216836,0.8701367570919353,25
27.5,272.5,-0.49305472547613405,0.5968073797467659,26
27.5,273.5,-1.5073090044545145,0.03803897167070164,28
27.5,274.5,0.5859465947718885,0.3353389634847318,30
27.5,275.5,0.5301798931724081,0.20848766222654147,31
27.5,276.5,-0.3466245369115395,0.37859457687479137,35
27.5,277.5,-0.6086694930516824,0.4658973881161266,38
27.5,278.5,-0.1817129629629631,0.7248282628697524,38
27.5,279.5,0.15720401768363815,0.7239911390149285,37
27.5,280.5,0.06232492997198844,0.8800839006711906,38
27.5,281.5,0.7095191457848362,0.1212405318906675,40
27.5,282.5,0.3955908638089367,0.43881262153485934,39
27.5,283.5,0.600472799879445,0.24695545939811314,36
27.5,284.5,-0.058811802232856536,0.8383870987564421,31
27.5,285.5,-0.33489410721553636,0.294266104304963,36
27.5,286.5,0.16322612840149908,0.7547126102355206,35
27.5,287.5,-0.4855117797851561,0.279615358042137,38
27.5,288.5,0.04659510747872826,0.8796101413969478,40
27.5,289.5,-0.010911127009216332,0.9895648601306644,37
27.5,290.5,0.07173706290062043,0.9546999508650751,35
27.5,291.5,0.12416567726921583,0.7895923705025335,34
27.5,292.5,0.5960370402718004,0.13794566169862826,38
27.5,293.5,1.13425925925926,0.0063778051451552605,34
27.5,294.5,0.6398809523809526,0.17261516227968454,34
27.5,295.5,0.7720228824231172,0.15143268074660288,35
27.5,296.5,-0.501058317106494,0.20524714408164557,36
27.5,297.5,-0.38816415393017234,0.3668216928826443,37
27.5,298.5,-0.17546726327589052,0.7763884317697076,35
27.5,299.5,-0.26568242285378213,0.5309088398236734,36
27.5,300.5,0.29662809109215776,0.47672905828844614,34
27.5,301.5,-0.4317124792351761,0.355310453336267,32
27.5,302.5,-0.11331240941678572,0.6999147656727215,34
27.5,303.5,0.10838205092300852,0.7547126102355206,35
27.5,304.5,-0.11931818181818149,0.6495079756621349,35
27.5,305.5,0.2471573832212862,0.42340961568627655,34
27.5,306.5,0.32639053605313073,0.34119875170636194,31
27.5,307.5,0.3894607245719026,0.11948968635469845,29
27.5,308.5,-0.3826145304817423,0.4977975765265772,30
27.5,309.5,0.3829537133200608,0.29725152529777643,27
27.5,310.5,-0.3225929423029636,0.33873831133439525,29
27.5,311.5,-0.6735283262542002,0.11251453486444042,26
27.5,312.5,0.3549991795829187,0.2723427122311102,25
27.5,313.5,0.34784275651342356,0.5973541948267042,23
27.5,314.5,0.07218039735788254,0.8656490997057351,22
27.5,315.5,0.49492502331679233,0.20575410127305516,20
27.5,316.5,1.0822200077319153,0.2299690777236404,20
27.5,317.5,1.1979535838368425,0.12354986589680401,21
27.5,318.5,0.10108438253997508,0.7397638077281241,21
27.5,319.5,0.07274305024130906,0.8203382164336169,20
27.5,320.5,0.22654103708791215,0.41730416562740436,20
27.5,321.5,0.8051425322901717,0.2660517601229595,17
27.5,322.5,0.2694755554199219,0.7618733947779845,18
27.5,323.5,-0.2256641155784811,0.8368197050512747,17
27.5,324.5,-0.13415100191654705,0.8218916912511594,16
27.5,325.5,-0.4848219318157021,0.16055589143580895,13
27.5,326.5,-0.05697755960729306,0.8762696636277617,11
28.5,78.5,-0.05684693061969924,0.9513521309544037,13
28.5,79.5,-0.818247126436781,0.35020138917929566,11
28.5,80.5,-0.04702979312354305,1.0,10
28.5,81.5,0.9176587301587296,0.6921807727218765,15
28.5,82.5,0.500265569507864,0.6505819869583885,21
28.5,83.5,0.17676767676767585,1.0,23
28.5,84.5,0.23332019565041623,0.9550264552939917,22
28.5,85.5,0.4810528737741042,0.22413430196016682,16
28.5,86.5,-0.17019450800915314,0.8266659696701553,14
28.5,87.5,0.08333333333333304,0.7795660645811546,19
28.5,88.5,-0.07161458333333334,0.8906603479582313,12
28.5,89.5,-0.5040889507808453,0.06410357671243591,12
28.5,90.5,0.09305805218068361,0.8430852292699837,15
28.5,91.5,-0.2452087943980052,0.34341948718274173,17
28.5,92.5,0.5085995696486761,0.03273560958832075,13
28.5,93.5,0.9848272642390288,0.01530746071957236,22
28.5,94.5,0.04316520690917969,0.7048534612178423,18
28.5,95.5,-0.3005796455911622,0.5583509093759852,16
28.5,96.5,0.05547337278106506,0.9396136982356221,18
28.5,97.5,-0.18445171372979818,0.5923012814329899,17
28.5,100.5,-0.20833333333333331,0.3513050661832441,14
28.5,102.5,0.46960106874123597,0.3726914904715183,12
28.5,103.5,0.43038770166088564,0.4338268403653006,17
28.5,104.5,0.6155784030784044,0.49946120310401465,16
28.5,105.5,-0.0996870429146824,0.8233490121001951,24
28.5,106.5,-0.6901041666666647,0.2843217140080182,20
28.5,107.5,-0.7056662087912091,0.06441101325280983,20
28.5,108.5,-1.3286080561256763,0.03352416523500472,12
28.5,109.5,0.3826754385964908,0.41730416562740436,20
28.5,110.5,0.15728380666461184,0.8799878558277134,21
28.5,111.5,0.2598075048732945,0.5130360863677659,25
28.5,112.5,0.474761020180458,0.44100082890033687,28
28.5,113.5,-0.35447433192686173,0.4281777903096383,23
28.5,114.5,0.22671568627450944,0.47532023939393775,31
28.5,115.5,0.01493013822115567,0.9551233832161916,29
28.5,116.5,0.3009474540804458,0.45455525621868176,31
28.5,117.5,0.45931993314888686,0.23284204679391485,33
28.5,118.5,0.448113807488807,0.2373017786499999,29
28.5,119.5,-0.11673015873015961,0.8209725423085437,38
28.5,120.5,-0.5761387321446686,0.4383374552726653,41
28.5,121.5,0.16650411175448201,0.7287442378062506,42
28.5,122.5,0.44751467814642315,0.305074881337578,43
28.5,123.5,-0.28829060644125803,0.5730643403857183,42
28.5,124.5,-0.3375579391187094,0.49799010072042804,44
28.5,125.5,0.1849078153310291,0.6646547813082152,42
28.5,126.5,0.4176353301936997,0.22475200898884962,43
28.5,127.5,0.18191913702549023,0.6964285776954346,42
28.5,128.5,-0.11213282867494791,0.8310096580691152,41
28.5,129.5,0.01980166346769015,0.942139359457642,39
28.5,130.5,-0.19128787878787923,0.7287442378062506,42
28.5,131.5,-0.08320051212374627,0.8476082739456742,44
28.5,132.5,-0.4071704535633757,0.29815903554581225,42
28.5,133.5,-0.2686433649774796,0.6181176400135012,42
28.5,134.5,-0.30685040038353667,0.46030716787530535,44
28.5,135.5,-0.6059202981651381,0.19438626928107727,43
28.5,136.5,-0.061959662503447005,0.8476082739456742,44
28.5,137.5,0.11963579291365659,0.7535494327517965,43
28.5,138.5,0.05373915197485246,0.9666089629043519,43
28.5,139.5,0.20344709324409474,0.7616899520580042,41
28.5,140.5,0.1002793685386675,0.863482766117042,44
28.5,141.5,-0.13150030518178343,0.8135330043961142,41
28.5,142.5,-0.22139596162156777,0.510906363666696,44
28.5,143.5,-0.38011363636363643,0.3859468605971169,42
28.5,144.5,-0.4851799226828712,0.24731745742367417,41
28.5,145.5,-0.28826353301052876,0.6942324524938993,41
28.5,146.5,-0.2517981125061196,0.7446315154396081,41
28.5,147.5,-0.4046718654179061,0.648986688212116,42
28.5,148.5,-0.2759942207291471,0.6495478982562364,40
28.5,149.5,-0.7424048623874491,0.25661600271303897,41
28.5,150.5,-0.12019617201500547,0.7540675143570155,36
28.5,151.5,-0.35576744242463487,0.6150513215653133,38
28.5,152.5,-0.49813351295076885,0.40995687995177954,37
28.5,153.5,-0.14081613975171414,0.7635561283061163,37
28.5,154.5,-0.184626201382718,0.7130491088889688,36
28.5,155.5,0.36180519239584824,0.609130070083629,33
28.5,156.5,0.07407407407407447,0.8870686942118248,35
28.5,157.5,-0.03862444139336125,0.9353765292166933,32
28.5,158.5,0.24284600727139233,0.7922384250904911,33
28.5,159.5,-1.0682539682539678,0.1920457783931343,34
28.5,160.5,-0.5174746264685292,0.32256351748255707,32
28.5,161.5,-0.2761470793774859,0.41989889923791546,29
28.5,162.5,0.4654488930335414,0.40908780208075646,29
28.5,163.5,0.4513888888888893,0.45296039168917024,27
28.5,164.5,0.5341972832207208,0.35006995037897815,25
28.5,165.5,0.4676587301587295,0.49856438700636985,22
28.5,166.5,0.10391505636070855,0.8656490997057351,22
28.5,167.5,0.16236723135944148,0.9224620671867602,20
28.5,168.5,0.2567401960784319,0.6726109872286647,23
28.5,169.5,-0.5809625589622647,0.5612202073936174,23
28.5,170.5,-0.7612698320029441,0.4837557864964521,17
28.5,171.5,-0.8709613853642797,0.3030965324675493,17
28.5,172.5,-2.8861298545206253,0.02853906357036244,14
28.5,173.5,-0.04438484062980066,0.9671423309063722,17
28.5,174.5,0.6373149671052634,0.4884223166225936,15
28.5,175.5,-0.391769688644689,0.7287151925758497,15
28.5,176.5,-2.0243528050384456,0.058587575310488894,13
28.5,177.5,-0.26120881342227636,0.8580276569875211,10
28.5,178.5,-0.12615593112244788,0.8762696636277617,11
28.5,179.5,-0.146484375,0.640428787412791,11
28.5,245.5,0.11458333333333333,1.0,10
28.5,246.5,-0.873311741008028,0.6206907170753546,15
28.5,247.5,2.7119131850853533,0.10754282889930056,19
28.5,248.5,1.545029789010322,0.41489093965848534,21
28.5,249.5,-1.9493972965440345,0.12728869225659978,20
28.5,250.5,1.5930088725050457,0.38103238548434304,20
28.5,251.5,-0.3720366379310347,0.6726109872286647,23
28.5,252.5,-1.117069639008621,0.29077716928272723,23
28.5,253.5,0.7350305169121649,0.5366482363005154,17
28.5,254.5,0.7186586257309935,0.4506702853141802,12
28.5,255.5,1.4225074404761902,0.2996654484343021,13
28.5,256.5,0.4013101708074529,0.13049431559629937,12
28.5,257.5,0.6315262688530815,0.22413430196016682,16
28.5,258.5,1.4070855614973263,0.3004271167492414,16
28.5,259.5,-1.4951097965240479,0.5334165134726944,11
28.5,260.5,-1.2562180534241691,0.5371338571769023,12
28.5,261.5,-2.2669087579358056,0.03433985000756262,16
28.5,262.5,-0.28303872053872103,0.5756369136048027,19
28.5,263.5,-0.44623879765851293,0.6731887478154436,20
28.5,264.5,1.93358843537415,0.11164031194559694,18
28.5,265.5,-0.1291369262351993,0.9396136982356221,18
28.5,266.5,0.6688171262921574,0.3853099749909059,24
28.5,267.5,0.5180921052631593,0.3545784475977316,26
28.5,268.5,0.8797628451862695,0.15022152126946392,27
28.5,269.5,1.54240912902354,0.058523973520625175,25
28.5,270.5,-0.0721874460835048,0.9667427806663149,27
28.5,271.5,0.16506410256410275,0.964838162737043,26
28.5,272.5,-0.42210742233771636,0.69134204811853,25
28.5,273.5,0.41410567943586973,0.4754490495282657,30
28.5,274.5,0.4911157804132796,0.5937387052742729,28
28.5,275.5,0.4733916318423349,0.44771724277486147,33
28.5,276.5,-0.12438183948055823,0.7540675143570155,36
28.5,277.5,-0.9395552491830067,0.11961612760211916,37
28.5,278.5,-1.8147966423411466,0.022924573616539056,36
28.5,279.5,0.03872863247863207,0.9773408399028476,35
28.5,280.5,0.49056166160695625,0.42497974024989427,37
28.5,281.5,0.2813256621850374,0.5216481488445233,40
28.5,282.5,0.41200619693993246,0.4719324011649343,37
28.5,283.5,0.6562920732735735,0.6531878724354717,33
28.5,284.5,0.23238101534047811,0.6756918645043961,33
28.5,285.5,-0.09451158358688425,0.8330324989520455,32
28.5,286.5,0.34505208333333337,0.5142234581271419,34
28.5,287.5,-0.36177266248890216,0.6099979618746088,37
28.5,288.5,-0.0719323779668604,0.9763470765264379,34
28.5,289.5,0.15645538973270992,0.774848422162878,36
28.5,290.5,-0.19139824578939474,0.7443201343805719,34
28.5,291.5,-0.49881417582147536,0.37859457687479137,35
28.5,292.5,0.3322059659333465,0.3472987680371583,36
28.5,293.5,0.9628032632353949,0.014455088048350485,37
28.5,294.5,0.6712962962962947,0.08665121458761957,37
28.5,295.5,0.7463476446034573,0.10545516969719615,35
28.5,296.5,0.10135087392031854,0.7982398124572034,35
28.5,297.5,0.06591091492776613,0.820250411786219,35
28.5,298.5,-0.2570847362514024,0.711950905455661,35
28.5,299.5,-0.13398257007333214,0.7443201343805719,34
28.5,300.5,0.15715638528138587,0.83810858978553,36
28.5,301.5,-0.01899509803921558,0.9546999508650751,35
28.5,302.5,-0.4705341045673075,0.35803517004775176,34
28.5,303.5,-0.059571247904693356,0.7982398124572034,35
28.5,304.5,0.40940318595451025,0.2850180897026914,33
28.5,305.5,-0.06539648054282225,0.7856661000859302,31
28.5,306.5,-0.1457409092518215,0.757996646747342,32
28.5,307.5,0.0026844936007017644,0.9850341097366097,29
28.5,308.5,0.07436184268354296,0.9252757299002273,29
28.5,309.5,0.2067894817126708,0.4179302333168975,28
28.5,310.5,-0.12313489422240885,0.7856661000859302,31
28.5,311.5,-0.6303297285828219,0.24369251012790516,24
28.5,312.5,0.41371457489878555,0.3417178800455669,23
28.5,313.5,0.6896551724137931,0.3417178800455669,23
28.5,314.5,-0.2739546302333995,0.5084542305885602,26
28.5,315.5,0.0,1.0,22
28.5,316.5,0.687905844155844,0.20785680345658664,19
28.5,317.5,0.40172606644818487,0.5376032363488861,20
28.5,318.5,0.33013383255575424,0.566142727568169,21
28.5,319.5,0.2844929245283023,0.5288645203641904,19
28.5,320.5,-0.00525822847451085,1.0,21
28.5,321.5,0.05419294203250047,0.8795727890074994,18
28.5,322.5,0.20634912297376262,0.5583509093759852,16
28.5,323.5,-0.18588327530946103,0.7618733947779845,18
28.5,324.5,-0.6001222285932911,0.49946120310401465,16
28.5,325.5,-0.370346728600581,0.2437222847721744,12
28.5,326.5,-0.22191336316231403,0.4277105102974643,13
29.5,76.5,-0.17990933372860782,0.7317017232242102,12
29.5,77.5,-1.3283021541950104,0.5915050369949166,10
29.5,78.5,-0.4456717451523542,0.07363827012030266,10
29.5,79.5,-0.4731547619047613,0.7425568219265776,14
29.5,80.5,0.06239444793216775,0.9453298708327,12
29.5,82.5,0.6060631358667825,0.1498607475130492,12
29.5,86.5,-0.08524088297777715,0.8580276569875211,10
29.5,87.5,0.32769296500357104,0.3036732148994191,12
29.5,97.5,0.11868686868686881,0.7205147871362552,10
29.5,102.5,0.550347222222222,0.4742743507673295,10
29.5,103.5,0.09839431378019725,0.5915050369949166,10
29.5,104.5,-0.1043375014818197,0.9453298708327,12
29.5,105.5,-0.09025920974450359,1.0,10
29.5,107.5,-0.2994848303610268,0.5526151250628484,15
29.5,108.5,-0.029430422008547313,0.8925584658515614,16
29.5,109.5,-0.1857219662058375,0.344417522979072,16
29.5,110.5,0.45703125,0.23423926303398213,19
29.5,111.5,0.8624010081743603,0.19412668587809967,21
29.5,112.5,0.13526119402984854,0.7243397423849234,26
29.5,113.5,-0.17839640180262947,0.5911541483740381,25
29.5,114.5,-0.2412177191840274,0.5261780967197713,23
29.5,115.5,-0.2127783120083968,0.617392769071009,30
29.5,116.5,-0.43857639986304275,0.32013656844448835,29
29.5,117.5,-0.33983843537414954,0.5911541483740381,25
29.5,118.5,-0.051923654439185556,0.9147523390847367,30
29.5,119.5,0.08848863346968905,0.8594521306883358,36
29.5,120.5,0.5150682413560831,0.20167946846619778,43
29.5,121.5,0.35973083388695914,0.1658526005713854,44
29.5,122.5,0.2623975261194401,0.3871160541691657,41
29.5,123.5,-0.7169117647058822,0.10403298714422621,42
29.5,124.5,-0.07042615886951151,0.8612638836213089,40
29.5,125.5,0.8084330245654412,0.1352154124488679,41
29.5,126.5,1.389620974731649,0.04160705071888318,42
29.5,127.5,0.30705394623177107,0.6334724060856932,42
29.5,128.5,0.047387708445402084,0.930910680164664,42
29.5,129.5,-0.8642750476757032,0.0994998537797868,42
29.5,130.5,-0.4755434782608696,0.5879084322109032,42
29.5,131.5,-0.28565821123849966,0.5438546354123606,43
29.5,132.5,-0.3729179843980604,0.3793495934816995,43
29.5,133.5,0.6896816519803783,0.21686042056605592,43
29.5,134.5,0.27720663264509016,0.5372545134763995,44
29.5,135.5,0.3774547924794102,0.38994765540100507,44
29.5,136.5,0.9330058396464633,0.08610185002533892,43
29.5,137.5,0.3480054302422731,0.40246125139431455,43
29.5,138.5,0.5751750568176719,0.21686042056605592,43
29.5,139.5,0.020719684633334623,0.930910680164664,42
29.5,140.5,-0.0720495846085168,0.9332763805061922,43
29.5,141.5,-0.17337482739235574,0.6646547813082152,42
29.5,142.5,-0.18876583664586957,0.67549619466395,43
29.5,143.5,-0.5904249488453613,0.30833848049191526,42
29.5,144.5,-0.01845039296714219,0.9919301238572449,44
29.5,145.5,-0.19204405523517032,0.5584004547635599,42
29.5,146.5,-0.23284313725490335,0.7694978647855905,43
29.5,147.5,-0.5456964601539739,0.27848056798213805,42
29.5,148.5,-0.5221105704056093,0.43502642785483836,40
29.5,149.5,-1.1932731615559475,0.042639245657504966,37
29.5,150.5,-0.4866223692735974,0.44031938812792937,37
29.5,151.5,-0.7357157096004773,0.30698585474987417,36
29.5,152.5,-0.0490722656249994,0.9037158067879053,39
29.5,153.5,-0.13633842473531227,0.8796101413969478,40
29.5,154.5,-0.19927790395589046,0.8444667630816368,37
29.5,155.5,-0.10413634800674886,0.8982868486458254,35
29.5,156.5,-0.5815906254613278,0.1315212224059174,32
29.5,157.5,-0.5501408384048968,0.07477247932442412,33
29.5,158.5,-0.05918302851739661,0.9136301036401862,33
29.5,159.5,0.11204776523404014,0.8584007529637274,30
29.5,160.5,-0.130336520623338,0.8355864341125854,34
29.5,161.5,-0.3272703665274155,0.44771724277486147,33
29.5,162.5,0.2922297297297298,0.4806051289858302,26
29.5,163.5,-0.3624754968602792,0.4690632682744802,25
29.5,164.5,-0.10790601731264733,0.8233490121001951,24
29.5,165.5,0.389813947155149,0.38118730498775844,21
29.5,166.5,-0.08640800624087132,0.7618733947779845,18
29.5,167.5,-0.6376255657427503,0.2561449666035266,20
29.5,168.5,-0.48177083333333337,0.48410753779266247,19
29.5,169.5,-0.6484819480135062,0.566142727568169,21
29.5,170.5,-1.0881068642861715,0.11188667489678761,20
29.5,171.5,-0.5406746031746029,0.16168621659204063,19
29.5,172.5,-0.37335369432827087,0.25581804946653663,18
29.5,173.5,-0.17886513157894735,0.7048534612178423,18
29.5,174.5,0.14425556952639124,0.9640893612679119,16
29.5,175.5,0.7983491977969355,0.42848041949799653,15
29.5,176.5,1.1296312150320693,0.6312218204782533,12
29.5,178.5,0.07416226728024464,0.9453298708327,12
29.5,181.5,-1.2157738095238095,0.02004466862262744,10
29.5,244.5,1.2599722586411488,0.35020138917929566,11
29.5,246.5,2.686172296971452,0.08676817270387562,11
29.5,247.5,-0.11200700896536009,0.8218916912511594,16
29.5,248.5,0.4786931818181825,0.6204252937103817,16
29.5,249.5,0.3386293490460155,0.6494456692174662,18
29.5,250.5,-0.2681571146245059,0.9671423309063722,17
29.5,251.5,-0.6862760181269372,0.16168621659204063,19
29.5,252.5,-0.355388765267913,0.6504631229507133,17
29.5,253.5,-0.5583934294871796,0.4440436396628866,16
29.5,254.5,-1.4705569727891155,0.19821061903884274,15
29.5,255.5,0.03767685139135575,1.0,16
29.5,256.5,-0.6945941687771016,0.640428787412791,11
29.5,257.5,0.4684840946407116,0.7603323075218761,13
29.5,258.5,-0.2368951612903219,0.8925584658515614,16
29.5,259.5,-1.277472527472527,0.37109336952269756,10
29.5,260.5,0.09762308998302117,1.0,11
29.5,261.5,-1.2407883492370528,0.023987534464426946,13
29.5,262.5,-0.7910628019323676,0.6693340144640527,13
29.5,263.5,0.09319265453885067,0.9741177473553713,20
29.5,264.5,0.5277326603375343,0.6930118863702326,22
29.5,265.5,-0.8218221018306928,0.5593049468922573,25
29.5,266.5,0.18181599986875738,0.7849697273207377,24
29.5,267.5,1.0648935500125962,0.2593548928200182,22
29.5,268.5,-0.42646684872728297,0.37795959996135176,26
29.5,269.5,1.4996620995323777,0.05256683737550347,25
29.5,270.5,1.0701021939907396,0.05004866332140968,24
29.5,271.5,-0.742732982961311,0.566590311939465,26
29.5,272.5,-1.4019697972814182,0.07821934455010539,24
29.5,273.5,-0.37432376922123095,0.3375799754591595,27
29.5,274.5,-0.3884222919937207,0.6593353383597195,26
29.5,275.5,0.6545454781562432,0.5252517359771474,33
29.5,276.5,0.19960976352668705,0.6851751854528196,32
29.5,277.5,-0.9236111111111118,0.24755577818020225,34
29.5,278.5,-1.111128826566424,0.030332424083268653,36
29.5,279.5,-0.023754222972973693,1.0,35
29.5,280.5,0.6992018668458432,0.0702408633894631,38
29.5,281.5,-0.1046176175458724,0.8276288084144704,39
29.5,282.5,-0.2682865268619591,0.539915857350804,36
29.5,283.5,-0.27079409644717245,0.5732109789122802,34
29.5,284.5,-0.06033117523557494,0.8330324989520455,32
29.5,285.5,-0.7114777583527585,0.13762928522835532,36
29.5,286.5,0.3266084750589271,0.5216481488445233,40
29.5,287.5,0.268995321315612,0.6531878724354717,33
29.5,288.5,0.12534681219598084,0.7835801504291398,37
29.5,289.5,0.4093693370582907,0.3759635132769804,36
29.5,290.5,0.7505912496046805,0.20946154334050293,33
29.5,291.5,0.3570639236758983,0.46646827743679087,33
29.5,292.5,0.35115091625508255,0.4216091010757991,36
29.5,293.5,0.2916666666666667,0.47765973512758664,35
29.5,294.5,0.9391684880711599,0.08609034027929911,36
29.5,295.5,0.5429864253393659,0.10218587988644089,38
29.5,296.5,0.9086825173104744,0.007509339530903001,41
29.5,297.5,0.8798149288451003,0.06084928342794405,35
29.5,298.5,-0.05837105768708374,0.9096221353961885,32
29.5,299.5,-0.48502066115702536,0.22413567532570777,34
29.5,300.5,-0.31163651978882845,0.45855874552468434,34
29.5,301.5,0.1583469337141438,0.8355864341125854,34
29.5,302.5,-0.3310749834591726,0.47765973512758664,35
29.5,303.5,-1.0298487059213224,0.08834898734056576,35
29.5,304.5,0.3025740931866937,0.5925510100829448,32
29.5,305.5,0.47046957671957657,0.12609656894220533,31
29.5,306.5,0.25600767559372756,0.3779775180071052,29
29.5,307.5,0.36267846694674555,0.44595658115373593,32
29.5,308.5,0.46494017720458053,0.2364918152910518,32
29.5,309.5,0.374527128505146,0.34119875170636194,31
29.5,310.5,0.19390756302520984,0.6685166224807093,30
29.5,311.5,0.44449300699300703,0.35900429696743286,27
29.5,312.5,0.7355925324675328,0.11251453486444042,26
29.5,313.5,-0.2650669712659243,0.6732623633112398,24
29.5,314.5,-0.11687306027411781,0.747106327334731,24
29.5,315.5,-0.31800445930880744,0.49856438700636985,22
29.5,316.5,-0.12898479651541764,0.8740921801633091,23
29.5,317.5,-0.13701418067226856,0.6930118863702326,22
29.5,318.5,0.3544278192191864,0.4873503903353207,21
29.5,319.5,0.8566849816849818,0.01304337139527934,23
29.5,320.5,0.36213503046472634,0.44193101201121243,24
29.5,321.5,0.35941526022375053,0.5366482363005154,17
29.5,322.5,0.38555321473158577,0.36331590966639116,18
29.5,323.5,0.1739754931869022,0.6921807727218765,15
29.5,324.5,0.1947573481912146,0.37305311625145265,15
29.5,325.5,0.42399024024024,0.07685087226788877,13
29.5,326.5,0.5846774193548386,0.003114307531555083,14
29.5,327.5,0.2,0.5915050369949166,10
30.5,79.5,-1.3816759414827455,0.12720368763109946,13
30.5,80.5,-0.25785741843033483,0.3036732148994191,12
30.5,110.5,1.6749750499002,0.06269811626098261,14
30.5,111.5,1.5966442089362687,0.1546297519658153,14
30.5,112.5,0.4959228883861236,0.17269436302931984,18
30.5,113.5,0.4753017526455016,0.6504631229507133,17
30.5,114.5,0.35687402874902846,0.6946444974614776,21
30.5,115.5,-0.48437650542852917,0.2580163179461443,33
30.5,116.5,-0.48075576836917655,0.4343114428562501,31
30.5,117.5,0.5329200615536629,0.3955862561437876,28
30.5,118.5,0.5183509923209416,0.16808028138689668,32
30.5,119.5,0.13551719413402527,0.6284436367082953,37
30.5,120.5,-0.07401315789473746,0.8800839006711906,38
30.5,121.5,0.2573100795187041,0.5296315348267777,42
30.5,122.5,0.4997043619679964,0.31453469858619243,38
30.5,123.5,-0.25981857271233705,0.5952698888863501,36
30.5,124.5,0.40427951732053735,0.5778990721352786,39
30.5,125.5,0.7245765442856861,0.11846727616685725,41
30.5,126.5,0.9873157539262307,0.04934608596343685,41
30.5,127.5,0.11869372250892414,0.8248046168337547,40
30.5,128.5,-0.45176022789142123,0.2764169138485879,43
30.5,129.5,0.027437075986448338,0.9910383984121822,41
30.5,130.5,-0.30785355544874105,0.632869142286627,40
30.5,131.5,-0.013906604308390413,0.9827073827546051,42
30.5,132.5,-0.5860870583564671,0.19896310814724016,44
30.5,133.5,0.15800025685256927,0.8003790608501801,44
30.5,134.5,0.3882398191352586,0.5296315348267777,42
30.5,135.5,0.3223874827358445,0.40246125139431455,43
30.5,136.5,0.11892352197790765,0.8016826064347501,43
30.5,137.5,0.9232165886660969,0.233217008256964,42
30.5,138.5,0.4134396589665068,0.4638149773228277,43
30.5,139.5,-0.14271051712089447,0.7615493074182684,42
30.5,140.5,-0.0984749935494987,0.7615493074182684,42
30.5,141.5,-0.3305591184701495,0.4744436456632575,42
30.5,142.5,-0.011826393024933234,0.919481045938793,41
30.5,143.5,0.07586573954687613,0.9373320419227238,41
30.5,144.5,0.4404984205868781,0.4517264720866897,41
30.5,145.5,1.2493819604454683,0.02158875092722758,42
30.5,146.5,0.07266275200889627,0.9136991092503179,42
30.5,147.5,-0.4675099206349197,0.43866997611941727,43
30.5,148.5,-0.3973214285714276,0.5439213911923737,42
30.5,149.5,-0.5298167996011969,0.4246421234065477,39
30.5,150.5,-0.5684956940015814,0.3771626258243572,39
30.5,151.5,-0.04639355742297013,0.9229050934914809,39
30.5,152.5,-0.475709894542069,0.40995687995177954,37
30.5,153.5,-0.6000827041762402,0.42497974024989427,37
30.5,154.5,-0.9113650885214355,0.3200645361580008,36
30.5,155.5,-0.16353286690650393,0.8383870987564421,31
30.5,156.5,-1.166252944974797,0.1400251886811748,32
30.5,157.5,-0.9834818483534384,0.03126187277687824,33
30.5,158.5,0.8188440860215053,0.23284204679391485,33
30.5,159.5,0.4063910196304602,0.5206932698330874,30
30.5,160.5,-0.4147827746965674,0.4343114428562501,31
30.5,161.5,0.5349318403115859,0.3767967991819644,31
30.5,162.5,-0.1383822238781397,0.8279576357977381,28
30.5,163.5,-0.04979511990202809,0.9527374072913991,28
30.5,164.5,0.23735955056179808,0.757639735211381,26
30.5,165.5,-0.037540070254912905,0.9578745987779059,23
30.5,166.5,0.0393606870228993,0.8887055908352302,19
30.5,167.5,-0.75,0.12078117008080873,22
30.5,168.5,-0.4363597133264723,0.4956627244900297,20
30.5,169.5,-0.8671874999999996,0.28888280402716393,18
30.5,170.5,-1.085058268208856,0.14937517875498968,17
30.5,171.5,-1.061406091270801,0.12747693274137845,17
30.5,172.5,0.47527447763856046,0.43593673290265056,20
30.5,173.5,0.023440764031397776,0.9640893612679119,16
30.5,174.5,-0.03569880970722986,0.9640893612679119,16
30.5,175.5,1.03795442542342,0.1498607475130492,12
30.5,176.5,1.391458298398265,0.10740463633025372,10
30.5,177.5,0.8364552114552124,0.7554968749288828,11
30.5,244.5,-0.45199217313275025,0.6693340144640527,13
30.5,245.5,1.6736111111111118,0.640428787412791,11
30.5,246.5,0.9368593605345842,0.8370114751054462,12
30.5,247.5,-1.8175073099415187,0.27575784782750934,11
30.5,248.5,-2.2952879893404092,0.03273560958832075,13
30.5,249.5,-0.4419802867383519,0.6206907170753546,15
30.5,250.5,-0.8572916666666663,0.14937517875498968,17
30.5,251.5,1.4409722222222263,0.2762784158080178,15
30.5,254.5,-0.4112691314770442,0.37305311625145265,15
30.5,255.5,0.5062347412109378,0.06003829090957912,15
30.5,256.5,-0.000722992660746641,1.0,12
30.5,258.5,-2.011581105135586,0.07685087226788877,13
30.5,259.5,0.08191824870904801,0.8370114751054462,12
30.5,260.5,-2.2474747474747474,0.08647112777407255,12
30.5,261.5,-1.5023634453781518,0.640428787412791,11
30.5,262.5,-0.16098484848484848,0.9211586502250249,15
30.5,263.5,-0.4930331541218639,0.49946120310401465,16
30.5,264.5,-0.4320857604405392,0.6264962743469109,20
30.5,265.5,-1.3374783004749768,0.16822084690819572,25
30.5,266.5,0.9008896989146381,0.41368622699316804,25
30.5,267.5,0.4902019476372921,0.8326659395181515,23
30.5,268.5,0.06362629430505715,0.9527374072913991,28
30.5,269.5,1.0048382098858166,0.15834511256712158,26
30.5,270.5,0.5331263835085783,0.5727823105937271,22
30.5,271.5,-1.3021032276546989,0.2517286908429269,26
30.5,272.5,-0.7771825396825406,0.18600402378747005,26
30.5,273.5,0.016695016695016728,1.0,27
30.5,274.5,-1.1048477564102566,0.23414498629430602,31
30.5,275.5,-1.9837994520475695,0.048884633916181135,29
30.5,276.5,0.31650523537497854,0.5769360088214864,33
30.5,277.5,0.1702898550724659,0.6999147656727215,34
30.5,278.5,-1.1252859866980351,0.13051014968251043,34
30.5,279.5,-0.12590656117012888,0.8584237820523384,32
30.5,280.5,0.22509813351158897,0.47726203508105114,40
30.5,281.5,0.19421133078650343,0.5778990721352786,39
30.5,282.5,-0.24501173773141013,0.5738490427115428,37
30.5,283.5,-0.38024360102925137,0.20120398589876765,35
30.5,284.5,0.07641912810643588,0.8594521306883358,36
30.5,285.5,0.19747502025384828,0.7763884317697076,35
30.5,286.5,0.0021306818181816567,1.0,34
30.5,287.5,0.19448110219594622,0.5778990721352786,39
30.5,288.5,0.14893044648061426,0.774848422162878,36
30.5,289.5,0.11728814849112368,0.9147523390847367,30
30.5,290.5,0.5866563673463062,0.29940460703930927,34
30.5,291.5,0.2364804716629383,0.7091645038629479,32
30.5,292.5,0.11384950845859018,0.8535135775742164,35
30.5,293.5,-0.19778026491606784,0.5699960728963258,35
30.5,294.5,0.1167649634090469,0.8646652653123481,33
30.5,295.5,0.4589260020600988,0.12313627567524701,34
30.5,296.5,0.41309523809523735,0.2442143847130671,35
30.5,297.5,0.6198895676691731,0.22196368922508947,35
30.5,298.5,1.2940231362467867,0.03278390152092184,34
30.5,299.5,0.05952380952380952,0.9173419483127672,34
30.5,300.5,-0.1452067330231881,0.820250411786219,35
30.5,301.5,-0.02583739837398369,0.9527149346506575,34
30.5,302.5,-0.16300154320987598,0.711950905455661,35
30.5,303.5,-0.24598214285714295,0.6495079756621349,35
30.5,304.5,-0.7680224726639123,0.2001586151353415,32
30.5,305.5,-0.4146106911143905,0.5061307168657696,32
30.5,306.5,0.03647133861687135,0.9004590609762644,27
30.5,307.5,-0.11489287407578234,0.7212260985001633,30
30.5,308.5,-0.007261769954913535,1.0,31
30.5,309.5,0.12782503222087754,0.80246135962087,27
30.5,310.5,-1.3766744764043293,0.02348618693363961,25
30.5,311.5,-0.2617632495981279,0.5911541483740381,25
30.5,312.5,0.056659120226668046,0.9070384808036948,25
30.5,313.5,-0.16210440143307095,0.7098436764690532,24
30.5,314.5,0.7935474537037039,0.11305101958707045,23
30.5,315.5,0.46186192279942295,0.24369251012790516,24
30.5,316.5,0.09732994332380329,0.6732623633112398,24
30.5,317.5,0.05180249183006562,0.9396136982356221,18
30.5,318.5,0.5931949489982753,0.2843217140080182,20
30.5,319.5,0.5775155439255681,0.19459514049618598,22
30.5,320.5,0.2677882218792391,0.5350244506182873,22
30.5,321.5,0.2890110681806909,0.41730416562740436,20
30.5,322.5,0.7708792871600468,0.08041700045141827,22
30.5,323.5,0.503598484848485,0.2629105671183505,19
30.5,324.5,0.34971605473936307,0.38701399031522477,17
30.5,325.5,0.7196180555555559,0.1546297519658153,14
30.5,326.5,0.9854569873758472,0.06410357671243591,12
31.5,110.5,0.8085317460317463,0.10740463633025372,10
31.5,111.5,1.8499532740148843,0.010279478485213045,16
31.5,112.5,0.06199008329350757,1.0,15
31.5,113.5,-0.929535232383808,0.006195622498906061,14
31.5,114.5,-1.6567095588235294,0.02853906357036244,14
31.5,115.5,0.32974837662337614,0.37795959996135176,26
31.5,116.5,-0.6016568921421643,0.2593548928200182,22
31.5,117.5,0.09261485042735185,0.8621556082271453,24
31.5,118.5,-0.5855121370235936,0.18666052241558184,23
31.5,119.5,0.36817384473634474,0.2170811376500349,26
31.5,120.5,0.023783301681680087,0.9457024715498787,36
31.5,121.5,-0.15598767708001282,0.5052450905766701,33
31.5,122.5,-0.03958635721832012,0.9291243012099806,34
31.5,123.5,0.9908184908679831,0.00523375112932795,36
31.5,124.5,0.5848223467708759,0.19137178961561363,35
31.5,125.5,-0.24481891786834228,0.556163415969644,37
31.5,126.5,0.09313973799427594,0.8796101413969478,40
31.5,127.5,-0.047736922804741164,0.9136991092503179,42
31.5,128.5,-0.012862456726166371,0.9666089629043519,43
31.5,129.5,-0.4604705833491976,0.36293485816471427,41
31.5,130.5,-0.3106434702303346,0.7450889812709389,42
31.5,131.5,-0.11500130152474039,0.8794050603461727,42
31.5,132.5,-0.1236882774412485,0.9000604006879467,43
31.5,133.5,-0.0815396262911938,0.863482766117042,44
31.5,134.5,-0.03265774694132367,0.9332763805061922,43
31.5,135.5,0.7246469296907793,0.11694867361133053,44
31.5,136.5,0.8099546533676991,0.05338122053679904,44
31.5,137.5,0.3332375156580122,0.5300529217566404,43
31.5,138.5,0.25545141005667316,0.6007856611761987,43
31.5,139.5,-0.4464254987298023,0.4122551679916763,41
31.5,140.5,-0.07411373510465973,0.8115533673850394,42
31.5,141.5,-0.31145244197007194,0.5680669608513922,40
31.5,142.5,0.3136434214595828,0.4383374552726653,41
31.5,143.5,0.11463574423480075,0.8453357931297271,42
31.5,144.5,0.21581135079284736,0.7450889812709389,42
31.5,145.5,0.6348297996388581,0.24731745742367417,41
31.5,146.5,0.5414679659962677,0.29815903554581225,42
31.5,147.5,-0.05536147696630986,0.901670538587607,41
31.5,148.5,-0.3259313226722609,0.6664041829849279,40
31.5,149.5,-0.3376051452301005,0.685150206155831,37
31.5,150.5,-0.47954050173397317,0.4619762789452144,36
31.5,151.5,-0.4419010333439862,0.5320609713589797,35
31.5,152.5,-0.08228083122586528,0.927053855932963,37
31.5,153.5,-0.5090011647708805,0.4264505315507925,35
31.5,154.5,-0.2833159451575984,0.6928385117296678,36
31.5,155.5,-0.2087441962675829,0.820250411786219,35
31.5,156.5,-0.019689907425390153,0.9527149346506575,34
31.5,157.5,-1.1597167163828632,0.062196528651478886,32
31.5,158.5,-1.0473695009678283,0.022223861814083035,32
31.5,159.5,-0.6969246031746037,0.2250571451510026,30
31.5,160.5,-0.8872192217639696,0.21325648747295345,28
31.5,161.5,0.14292041883315207,0.8659362154363435,29
31.5,162.5,0.31291335978835966,0.6464984392954767,27
31.5,163.5,-0.41072396026260555,0.35874300337869447,24
31.5,164.5,-0.7325344725367198,0.19895893109240226,25
31.5,165.5,0.3272772878893354,0.6732623633112398,24
31.5,166.5,0.34784226190476214,0.5612202073936174,23
31.5,167.5,-0.5604891855617338,0.5376032363488861,20
31.5,168.5,0.320684523809524,0.674611943553671,19
31.5,169.5,-0.13333468192447057,0.8218916912511594,16
31.5,170.5,0.6580906653936545,0.20161232353469571,17
31.5,171.5,1.034523435042468,0.5840703669455064,14
31.5,172.5,-0.42891043110064747,0.9128140271840749,14
31.5,173.5,0.5942150297619051,0.4338268403653006,17
31.5,174.5,0.6407866532029483,0.42848041949799653,15
31.5,175.5,0.4863086770981505,0.2762784158080178,15
31.5,176.5,-0.2870953100738855,0.7603323075218761,13
31.5,177.5,-0.03161973189062987,0.9453298708327,12
31.5,244.5,-0.37719912084430873,0.9513521309544037,13
31.5,249.5,0.25099206349207037,0.8762696636277617,11
31.5,250.5,0.592248518597844,0.3726914904715183,12
31.5,255.5,-1.1416469078227998,0.19261627432960227,12
31.5,256.5,-0.9697333916083917,0.21291190281150452,11
31.5,258.5,-0.0914884868421062,1.0,11
31.5,261.5,2.5,0.28313087066234666,10
31.5,262.5,-1.6558159722222232,0.4506702853141802,12
31.5,263.5,-1.3016069613821144,0.7205147871362552,10
31.5,264.5,-0.39093463183145594,0.6204252937103817,16
31.5,265.5,-0.5203151573129234,0.4837557864964521,17
31.5,266.5,-0.3371212121212124,0.8202167495096627,18
31.5,267.5,1.2611106673057466,0.22547929744791595,18
31.5,268.5,0.9521037547974962,0.3091626948735827,24
31.5,269.5,0.8068181818181792,0.3630203849440149,19
31.5,270.5,-1.0331281358352107,0.12819661046060987,28
31.5,271.5,-0.31446809317854146,0.6593353383597195,26
31.5,272.5,0.23435934095860583,0.7260951618325295,25
31.5,273.5,0.6452205882352946,0.4922895298178107,23
31.5,274.5,0.2533742841360031,0.8215254231894769,22
31.5,275.5,-0.7301178644089255,0.46346928023769907,22
31.5,276.5,0.43394564281574016,0.617392769071009,30
31.5,277.5,0.4721840659340667,0.5320609713589797,35
31.5,278.5,-1.1509486607142858,0.09948281525658194,35
31.5,279.5,-0.29101532658518003,0.614239541598542,34
31.5,280.5,0.3418958275835138,0.4537672973691913,36
31.5,281.5,0.41878899286987525,0.17750773887281412,36
31.5,282.5,0.410862391961175,0.4357099127515781,38
31.5,283.5,-0.37618580663372764,0.38087509602077263,37
31.5,284.5,0.28028650976519615,0.3898895337647029,34
31.5,285.5,0.16267156482630224,0.6756918645043961,33
31.5,286.5,0.24913194444444436,0.6292031763118552,35
31.5,287.5,0.269203757431252,0.6191608456304538,37
31.5,288.5,0.44334731356040824,0.3472987680371583,36
31.5,289.5,-0.06882808572050461,0.883962377036416,32
31.5,290.5,-0.17963214840087932,0.6191183569122729,35
31.5,291.5,0.3194869942097159,0.34457761884916804,33
31.5,292.5,0.04695007617485049,0.9546999508650751,35
31.5,293.5,-0.24703414351851835,0.5320609713589797,35
31.5,294.5,0.1783294677734375,0.7547126102355206,35
31.5,295.5,0.4367736656906722,0.2582511905140965,36
31.5,296.5,0.1730704421029472,0.5778990721352786,39
31.5,297.5,0.8057105654761915,0.132233654832753,35
31.5,298.5,0.8269758081644787,0.09124032355472553,33
31.5,299.5,-0.33781944950924625,0.41153015108926394,33
31.5,300.5,0.07378457404650554,0.9136301036401862,33
31.5,301.5,0.09064662189662173,0.9382480146046129,33
31.5,302.5,-0.11133850881241772,0.9096221353961885,32
31.5,303.5,0.2617596436064251,0.6101267703127584,31
31.5,304.5,-0.39638964138286903,0.22104956212356597,31
31.5,305.5,-0.20711294753633383,0.5609035741936789,29
31.5,306.5,-0.9684933630968996,0.1486347107477729,29
31.5,307.5,-0.5541159941035558,0.13391892014731072,26
31.5,308.5,-0.16098898760893243,0.7669644911053035,28
31.5,309.5,-0.06249287065291736,0.9431079616717606,30
31.5,310.5,-0.16747207903780145,0.6213676320840416,28
31.5,311.5,0.09079467817331968,0.8348627075364895,27
31.5,312.5,0.06807874823221882,0.9213108861184411,28
31.5,313.5,0.0,1.0,23
31.5,314.5,1.077457347224018,0.1542575118326619,25
31.5,315.5,0.027550757852906737,0.9802109790485439,24
31.5,316.5,0.06800703609793246,0.9012978441563574,24
31.5,317.5,-0.021868422111909758,0.9813671252686654,25
31.5,318.5,-0.38048775228566534,0.3668796006462124,22
31.5,319.5,0.24330357142857156,0.5973541948267042,23
31.5,320.5,0.5065542949764258,0.2723427122311102,25
31.5,321.5,0.007198354380234307,1.0,20
31.5,322.5,0.6296205908828351,0.08551480563051515,20
31.5,323.5,0.6294134275832043,0.3272855802219552,19
31.5,324.5,0.2784149930747923,0.6614159170078631,14
31.5,325.5,0.031716655774953306,0.8547770980655479,13
31.5,326.5,0.4450165719696975,0.7554968749288828,11
31.5,327.5,-0.29551705332955364,0.5371338571769023,12
31.5,328.5,0.9426232729692883,0.2996654484343021,13
31.5,329.5,0.6572059697059696,0.3726914904715183,12
31.5,330.5,0.0,1.0,11
32.5,110.5,0.8295086648752402,0.0995087321591697,13
32.5,111.5,0.9120572009291514,0.15240628395674932,10
32.5,112.5,0.6238374255952384,0.16055589143580895,13
32.5,113.5,-1.021334146778698,0.008595046376023931,14
32.5,114.5,-0.8980263157894726,0.06170669002831271,11
32.5,115.5,0.4440558238696024,0.7048534612178423,18
32.5,116.5,0.11620273109243669,0.6494456692174662,18
32.5,117.5,0.6288299696173545,0.12747693274137845,17
32.5,118.5,-0.12599582130832152,0.8621556082271453,24
32.5,119.5,0.28510869565217406,0.5878049630676369,27
32.5,120.5,-0.006953983516483439,1.0,31
32.5,121.5,-0.4666725445643348,0.22389580114431484,32
32.5,122.5,-0.755915579692043,0.07477247932442412,33
32.5,123.5,0.6253376535522461,0.08861906133688098,32
32.5,124.5,0.1412234322390571,0.8125085458048832,34
32.5,125.5,0.2247579290355935,0.6284436367082953,37
32.5,126.5,0.7355324074074066,0.11901621744361217,38
32.5,127.5,0.3411594569314122,0.4791861756075628,41
32.5,128.5,-0.22206729032290617,0.7616899520580042,41
32.5,129.5,-0.4533602900167339,0.39793422470267026,42
32.5,130.5,-0.021691074606588145,0.9435570622791808,44
32.5,131.5,0.5460642306977006,0.40246125139431455,43
32.5,132.5,0.1333501906622031,0.7446315154396081,41
32.5,133.5,0.1680451542329564,0.7531271266832608,39
32.5,134.5,-1.052646767810026,0.0702408633894631,38
32.5,135.5,-0.16781410667642127,0.7219721517415344,43
32.5,136.5,0.1409850688590108,0.8953913275963306,44
32.5,137.5,0.7557311836128826,0.07185237602881266,43
32.5,138.5,0.08306291547798572,0.6964285776954346,42
32.5,139.5,-0.24835522515653946,0.7456005471208108,43
32.5,140.5,-0.1568487849047784,0.8623384168158529,42
32.5,141.5,-0.03975661896145795,0.9499317198507831,43
32.5,142.5,0.7766619275944097,0.14867484257636626,43
32.5,143.5,-0.2715543997169221,0.6007856611761987,43
32.5,144.5,-0.4430289132910112,0.5584004547635599,42
32.5,145.5,-0.29395242238523267,0.6646547813082152,42
32.5,146.5,0.6339430976465,0.2672858752494308,43
32.5,147.5,0.8249926591396923,0.07871507631982917,43
32.5,148.5,0.21379522332534756,0.7276974359007813,41
32.5,149.5,0.7467597397210182,0.16560248483061546,40
32.5,150.5,-0.08320248792802895,0.9687017187842498,37
32.5,151.5,0.2287213904668235,0.8646652653123481,33
32.5,152.5,0.11970629756667961,0.8865048064138312,30
32.5,153.5,0.5272015070216505,0.609130070083629,33
32.5,154.5,0.7108033000792813,0.1382221053601419,34
32.5,155.5,-0.36645898621410095,0.4264505315507925,35
32.5,156.5,0.23928696181748016,0.5935629766221353,34
32.5,157.5,-0.41615395364460805,0.4655488870531287,32
32.5,158.5,0.18560097364445138,0.8304750241244809,30
32.5,159.5,-0.25558584152334146,0.7596537518193331,31
32.5,160.5,-0.30135843473059526,0.6767236120473166,27
32.5,161.5,-0.056629302536231885,0.9527374072913991,28
32.5,162.5,0.2023919474980455,0.7913957365052897,26
32.5,163.5,-0.3332372458584331,0.31699523656062345,27
32.5,164.5,0.22450416050661537,0.69134204811853,25
32.5,165.5,0.6861274991805939,0.3417178800455669,23
32.5,166.5,0.5667323747680886,0.2673270197885057,23
32.5,167.5,-0.6248654949784793,0.46346928023769907,22
32.5,168.5,-0.6327627318480976,0.2660517601229595,17
32.5,169.5,-0.20548991056803564,0.7618733947779845,18
32.5,170.5,0.16377450980392183,0.7795660645811546,19
32.5,171.5,-0.2260654408873921,0.9016495048953725,17
32.5,172.5,-1.4542392943127518,0.19167059142275544,16
32.5,173.5,-1.2109137233479885,0.38701399031522477,17
32.5,174.5,-0.1972656249999999,0.48410753779266247,19
32.5,175.5,0.2932098765432096,0.30610346625699936,18
32.5,176.5,-0.21757551501988337,0.2735614117247491,14
32.5,177.5,0.7517868906455867,0.10740463633025372,10
32.5,178.5,-0.16468253968253962,0.7554968749288828,11
32.5,248.5,-0.9180006191724949,0.10740463633025372,10
32.5,263.5,-0.765060995989305,0.5334165134726944,11
32.5,264.5,-1.476293103448276,0.16112494928905186,11
32.5,265.5,-0.46153846153846123,0.640428787412791,11
32.5,266.5,0.4188624573154717,0.8925584658515614,16
32.5,267.5,1.6160714285714288,0.25581804946653663,18
32.5,268.5,0.028425035121464437,1.0,21
32.5,269.5,-1.8192273254437223,0.04966942532314216,21
32.5,270.5,-0.26177536231884113,0.6930118863702326,22
32.5,271.5,-0.25068550718023574,0.7260951618325295,25
32.5,272.5,0.3745927847490352,0.4130458869045295,24
32.5,273.5,-0.2888046940267337,0.8073432738589214,29
32.5,274.5,0.872638307768723,0.3155727359639028,23
32.5,275.5,0.4971067443565394,0.4130458869045295,24
32.5,276.5,0.011209671931983446,1.0,29
32.5,277.5,-0.4536629746194945,0.4294021898343493,33
32.5,278.5,-0.6719302627408558,0.233976364304341,37
32.5,279.5,0.061188811188811955,0.8276288084144704,39
32.5,280.5,-0.13793683326618256,0.7334457521953335,32
32.5,281.5,0.3791560027919954,0.513279941352429,38
32.5,282.5,0.15509046319358544,0.8856049474550872,37
32.5,283.5,0.8521803508914758,0.030589851276307516,38
32.5,284.5,0.614078723850969,0.2442143847130671,35
32.5,285.5,-0.36303224993701244,0.4952867602977147,34
32.5,286.5,-0.14073678233256004,0.8125085458048832,34
32.5,287.5,1.2977250294360236,0.07996854080618057,33
32.5,288.5,0.49409193728727874,0.22413567532570777,34
32.5,289.5,1.0654579241680264,0.04238012079505135,33
32.5,290.5,0.8707052424623027,0.15469367377127763,34
32.5,291.5,0.7700691849492005,0.09124032355472553,33
32.5,292.5,0.7414434523809526,0.08194839918746107,37
32.5,293.5,0.8180204337273395,0.0062667755475833845,37
32.5,294.5,0.5163619864700186,0.27263754267559726,34
32.5,295.5,0.12200126262626203,0.7703961609830144,27
32.5,296.5,0.6650901897252254,0.07890155938296657,36
32.5,297.5,0.6122145524567294,0.09578337281012347,31
32.5,298.5,1.0411703260742302,0.04431440533062417,32
32.5,299.5,0.1868832236842098,0.7339104943970113,31
32.5,300.5,-0.11769802687018269,0.96292509372887,33
32.5,301.5,-0.19340010274175423,0.6151681449180015,32
32.5,302.5,-0.3700355064595295,0.31386902702531216,33
32.5,303.5,0.13932310829143546,0.8125085458048832,34
32.5,304.5,-0.03624181222707357,0.9187737391879133,31
32.5,305.5,0.5942477766574354,0.2535263593015791,30
32.5,306.5,-0.4121687211648861,0.33873831133439525,29
32.5,307.5,-0.559419876214533,0.1856070821521849,28
32.5,308.5,-0.22945453606599026,0.5359057917615426,29
32.5,309.5,0.04315237713675184,0.9431079616717606,30
32.5,310.5,0.4926541041200895,0.1007196267645143,30
32.5,311.5,0.8151318294920057,0.3545784475977316,26
32.5,312.5,0.4304563796474157,0.35311901773888865,28
32.5,313.5,0.220939973301892,0.5937387052742729,28
32.5,314.5,0.9141827711264244,0.1411929728237963,25
32.5,315.5,0.6624412230266068,0.2704279639103756,26
32.5,316.5,0.20662689933523315,0.6782246933005027,28
32.5,317.5,-0.11413414580154782,0.777959384381542,22
32.5,318.5,0.3741741261722075,0.40226723126443065,26
32.5,319.5,0.665742186391153,0.11763382782129739,25
32.5,320.5,0.7390575545560552,0.21471330142519174,22
32.5,321.5,1.0167342274233038,0.0967474505928423,21
32.5,322.5,0.3821442935664487,0.6238124360692694,25
32.5,323.5,0.5945127583694256,0.4690632682744802,25
32.5,324.5,-0.6100700971177946,0.344417522979072,16
32.5,325.5,-0.3008888807394702,0.6853285557833784,16
32.5,326.5,-0.14080961331901196,0.8218916912511594,16
32.5,327.5,-0.009922632356969323,1.0,14
32.5,328.5,0.20884772418916495,0.7526419827681854,16
32.5,329.5,0.07796197125119704,0.9016495048953725,17
32.5,330.5,-0.1914306710002845,0.9513521309544037,13
32.5,331.5,-0.308251978766868,0.24638736002924666,13
32.5,332.5,-0.8539244186046524,0.5334165134726944,11
32.5,333.5,-0.08928571428571427,0.8580276569875211,10
33.5,112.5,0.37875816993464184,0.640428787412791,11
33.5,113.5,-0.1678418803418789,0.640428787412791,11
33.5,114.5,-0.46216660187024,0.4362749288405292,11
33.5,115.5,0.10053022340798126,0.9453298708327,12
33.5,116.5,-0.3211363636363643,0.17269436302931984,18
33.5,117.5,0.5152373378835953,0.4884223166225936,15
33.5,118.5,0.3309911242603537,0.5973541948267042,23
33.5,119.5,-0.2703373015873017,0.6593353383597195,26
33.5,120.5,-0.583870165090032,0.15631053721479246,27
33.5,121.5,-0.42471476900949384,0.5864526254323217,29
33.5,122.5,-0.34491200522336685,0.4655488870531287,32
33.5,123.5,1.000474383301707,0.013860537013784388,34
33.5,124.5,-0.09222363799072861,0.6984894773302321,33
33.5,125.5,0.13373997786064792,0.8594521306883358,36
33.5,126.5,0.12901222599150408,0.6530785762864474,36
33.5,127.5,0.2286378555738927,0.6495478982562364,40
33.5,128.5,0.17212069698258503,0.563056451033163,38
33.5,129.5,-0.8672025104839629,0.21515988319619161,36
33.5,130.5,-0.7012982929257395,0.08864074661698312,36
33.5,131.5,0.4028438507564487,0.507532735474822,41
33.5,132.5,0.11541052464731175,0.8342074867818815,43
33.5,133.5,-0.429954769736843,0.5300529217566404,43
33.5,134.5,-0.5171280925171964,0.233217008256964,42
33.5,135.5,-0.5500699503708335,0.4897429301593238,43
33.5,136.5,0.046750386370241356,0.942139359457642,39
33.5,137.5,0.49541356681330445,0.4481100203468621,44
33.5,138.5,-0.10665427828601926,0.8016826064347501,43
33.5,139.5,0.0081264341261243,0.990704029723175,40
33.5,140.5,-0.24544270833333215,0.6646547813082152,42
33.5,141.5,-0.6824378839723177,0.1861143787191537,42
33.5,142.5,0.09436983661152532,0.8835141491217923,43
33.5,143.5,-0.4137030434534713,0.6007856611761987,43
33.5,144.5,0.028653534088317244,0.9666089629043519,43
33.5,145.5,-0.30718067094094337,0.615428246959838,43
33.5,146.5,0.23690930367581775,0.7233394974219045,44
33.5,147.5,0.6439703771098084,0.22101797270992485,44
33.5,148.5,-0.26493574613165405,0.6632086746173176,39
33.5,149.5,-0.4295003125217025,0.40995687995177954,37
33.5,150.5,-0.01574069238740261,0.9348590780419724,36
33.5,151.5,-0.7153827661996155,0.15829432695339385,32
33.5,152.5,-0.37658295828671473,0.5114817794495524,29
33.5,153.5,0.22981656202739206,0.7339104943970113,31
33.5,154.5,0.3498084019001684,0.8282490089919419,33
33.5,155.5,0.42276658886234114,0.5183675363290698,31
33.5,156.5,-0.1248664529914533,0.8650383150743489,31
33.5,157.5,-0.7798481711525195,0.12494881685497079,30
33.5,158.5,-0.07619056333883284,0.8330324989520455,32
33.5,159.5,0.1994301994302004,0.6464984392954767,27
33.5,160.5,-0.43121699109522027,0.3955862561437876,28
33.5,161.5,0.03465510607278895,0.944141999801307,25
33.5,162.5,0.3288588931230052,0.5594130972023401,27
33.5,163.5,-0.2078201970443355,0.566590311939465,26
33.5,164.5,0.038583477953270565,1.0,27
33.5,165.5,0.016713987089899324,0.9802109790485439,24
33.5,166.5,0.08647594894627897,0.8799878558277134,21
33.5,167.5,-0.21320548176016943,0.7264469840368603,19
33.5,168.5,-0.9303276384990458,0.11188667489678761,20
33.5,169.5,-0.6448739035087716,0.44148821101397295,19
33.5,170.5,0.08899864523569642,0.8203382164336169,20
33.5,171.5,1.0906408468559832,0.05886224110862783,19
33.5,172.5,-0.8888984819526509,0.17403358020816395,17
33.5,173.5,-1.1642829779825423,0.1546297519658153,14
33.5,174.5,-0.5067567567567568,0.16585666034291002,15
33.5,175.5,0.7699639777076259,0.12720368763109946,13
33.5,176.5,-0.09318018459493979,0.7603323075218761,13
33.5,177.5,-0.24770494987092057,0.8547770980655479,13
33.5,178.5,0.610000407991479,0.5021582515007486,13
33.5,251.5,0.08333333333333358,0.7205147871362552,10
33.5,253.5,-0.05841503267973902,1.0,11
33.5,263.5,-1.5618099717364413,0.16055589143580895,13
33.5,265.5,0.35601551226551204,0.7205147871362552,10
33.5,266.5,0.17156862745098111,0.8430852292699837,15
33.5,267.5,1.0909360347399844,0.1888874775395376,14
33.5,268.5,0.950833333333333,0.17403358020816395,17
33.5,269.5,-1.4265046296296298,0.21568869559132287,21
33.5,270.5,-0.8866583899435176,0.2638720094732372,21
33.5,271.5,-0.767850128833585,0.2973627421520877,24
33.5,272.5,0.5016563373686699,0.5030370130775135,24
33.5,273.5,0.5766867987657053,0.1788172287485259,28
33.5,274.5,0.4025000000000006,0.46346928023769907,22
33.5,275.5,0.5317297711200013,0.5911541483740381,25
33.5,276.5,-0.585075186510077,0.4130458869045295,24
33.5,277.5,-0.3496824866310156,0.614239541598542,34
33.5,278.5,-0.8843225044615142,0.1999476249507507,40
33.5,279.5,-0.07377225423583282,0.8835141491217923,43
33.5,280.5,-0.0810185185185203,0.9037158067879053,39
33.5,281.5,-0.15765958371985064,0.7887194899032053,40
33.5,282.5,0.6515941517914632,0.30654284259023945,35
33.5,283.5,1.577581021605762,0.006397602684470595,35
33.5,284.5,1.3105001687091238,0.0089771139590897,39
33.5,285.5,0.20302869466687842,0.5952698888863501,36
33.5,286.5,0.23163749305390186,0.47765973512758664,35
33.5,287.5,0.3861388457176809,0.4537672973691913,36
33.5,288.5,0.050975492316565306,0.9674053677177911,36
33.5,289.5,0.25046560984060795,0.6946868300138667,30
33.5,290.5,1.47677435354912,0.015681225244583274,32
33.5,291.5,0.2762863123642154,0.6660299201417484,37
33.5,292.5,-0.14720482895097903,0.7835801504291398,37
33.5,293.5,0.22861111111111163,0.5296140782563044,38
33.5,294.5,1.0867908782744007,0.015537886169473053,37
33.5,295.5,1.6249625693928806,0.0006535851763234703,35
33.5,296.5,1.1768186418805509,0.004179650000413426,37
33.5,297.5,1.6393426218362062,0.00308205888886304,33
33.5,298.5,1.015598451328839,0.03646126890308466,33
33.5,299.5,0.6761365069002667,0.11083858110212827,29
33.5,300.5,0.5880001254233038,0.20946154334050293,33
33.5,301.5,-0.0705128205128247,0.8125085458048832,34
33.5,302.5,0.0806409734946606,0.8646652653123481,33
33.5,303.5,0.21500904115417363,0.6150513215653133,38
33.5,304.5,1.016136889538424,0.017040135799983105,35
33.5,305.5,0.4990079365079373,0.2619630008374654,31
33.5,306.5,0.27230693060744504,0.6391042707127212,29
33.5,307.5,-0.362413194444445,0.3812637215931578,27
33.5,308.5,-0.828543494436817,0.21325648747295345,28
33.5,309.5,-0.07268089849108329,0.9335433162568849,27
33.5,310.5,0.6061758988903583,0.07185648599690277,32
33.5,311.5,0.41111111111111176,0.23414498629430602,31
33.5,312.5,0.017937221291475236,0.9864375153008302,31
33.5,313.5,0.22278670287468091,0.41989889923791546,29
33.5,314.5,0.7791940789473684,0.20110491981248035,26
33.5,315.5,0.6214569160997734,0.31062506239573384,26
33.5,316.5,-0.8113787936767941,0.021041354840141278,29
33.5,317.5,0.0004510788690475259,1.0,28
33.5,318.5,-0.04040507412301611,0.9813671252686654,25
33.5,319.5,0.7275883838383833,0.058016482085702606,26
33.5,320.5,0.8284355099912168,0.0395167129619474,24
33.5,321.5,0.6002528493569174,0.1614406780236296,23
33.5,322.5,0.4078816538557032,0.3853099749909059,24
33.5,323.5,0.34808284516712595,0.28615732110495806,24
33.5,324.5,-0.10944971422912593,1.0,15
33.5,325.5,-0.9412972945347042,0.19821061903884274,15
33.5,326.5,-0.36210137608342763,0.5526151250628484,15
33.5,327.5,0.2274305555555553,0.32229959587191925,15
33.5,328.5,-0.015679842331015954,1.0,15
33.5,329.5,0.7080091931741113,0.0798019286423907,14
33.5,330.5,1.7471990753719906,0.12720368763109946,13
33.5,331.5,-0.17382067303324855,0.8762696636277617,11
33.5,332.5,0.09501953889778668,1.0,12
33.5,333.5,2.070545749912185,0.15240628395674932,10
34.5,114.5,-0.7209060339721909,0.37109336952269756,10
34.5,115.5,0.25918612637362565,0.8762696636277617,11
34.5,116.5,-0.07365671793619771,0.7603323075218761,13
34.5,117.5,1.026275105427448,0.08676817270387562,11
34.5,118.5,-0.9356013957307073,0.31000904181779154,19
34.5,119.5,-0.9842309170081975,0.3630203849440149,19
34.5,120.5,0.2998540699174401,0.478451739086175,27
34.5,121.5,-0.045265505688014684,0.964838162737043,26
34.5,122.5,0.17936290813328726,0.7498121637483278,29
34.5,123.5,0.7231685376900934,0.19843040968125814,33
34.5,124.5,0.045604376278915615,0.9457970432721066,31
34.5,125.5,0.19272586980920714,0.820250411786219,35
34.5,126.5,-0.12171824571942064,0.7922384250904911,33
34.5,127.5,-0.12198025261200772,0.83810858978553,36
34.5,128.5,-0.6962852935061106,0.1305544066089274,36
34.5,129.5,-0.022671502370411146,1.0,34
34.5,130.5,-0.5842996289424859,0.27263754267559726,34
34.5,131.5,0.024801587301586735,0.9799402562507286,38
34.5,132.5,-0.40340637345790303,0.5029936375635133,43
34.5,133.5,-0.6145186702656891,0.28903354254194413,40
34.5,134.5,-0.024075712470875033,0.9654228872862333,42
34.5,135.5,-0.8867273094222128,0.12382644402912081,42
34.5,136.5,-0.5097027226675217,0.29815903554581225,42
34.5,137.5,-0.15458066120575567,0.8310096580691152,41
34.5,138.5,0.18925239145936246,0.6964285776954346,42
34.5,139.5,0.5636209029066157,0.48793753671895557,42
34.5,140.5,0.4547576705100665,0.5730643403857183,42
34.5,141.5,0.2071352134412674,0.648986688212116,42
34.5,142.5,0.9843931847183356,0.11359049227857512,42
34.5,143.5,-0.024668721655330166,0.9654228872862333,42
34.5,144.5,-0.5200470569394723,0.2689803649247009,42
34.5,145.5,-0.5471135072772455,0.35707287482858807,43
34.5,146.5,0.054929574023028616,0.9136991092503179,42
34.5,147.5,-0.17290557702180717,0.7287442378062506,42
34.5,148.5,-0.16108557733295958,0.7715676600867172,39
34.5,149.5,-0.18708298616326127,0.6495478982562364,40
34.5,150.5,-0.9177168759004999,0.13943091259492635,37
34.5,151.5,-0.9939501521518608,0.07824219874308357,35
34.5,152.5,-0.6388615426533875,0.12509002072034991,35
34.5,153.5,-0.2935390175397763,0.614239541598542,34
34.5,154.5,1.056172936464305,0.29940460703930927,34
34.5,155.5,1.3683763786179117,0.03222982867607391,31
34.5,156.5,1.1853347067162836,0.1093680867708039,34
34.5,157.5,0.5050263196489085,0.4418455025304515,29
34.5,158.5,-0.03999625862418804,0.9551233832161916,29
34.5,159.5,0.31110722884130937,0.6213676320840416,28
34.5,160.5,0.34318078602942736,0.5683377615538607,24
34.5,161.5,-0.48709653495464456,0.6374381847429542,24
34.5,162.5,0.273079531013952,0.7098436764690532,24
34.5,163.5,-0.026780031922042723,1.0,27
34.5,164.5,0.1546609914208601,0.747106327334731,24
34.5,165.5,0.09142614453147903,0.8701367570919353,25
34.5,166.5,-0.233455882352942,0.7916993472718744,23
34.5,167.5,0.013495650690773239,0.9741177473553713,20
34.5,168.5,-0.09615384615384581,0.8656490997057351,22
34.5,169.5,-0.16447620215261358,0.6505819869583885,21
34.5,170.5,0.0703764346562749,0.7526419827681854,16
34.5,171.5,0.6908431514616937,0.20785680345658664,19
34.5,172.5,0.6769957983193274,0.674611943553671,19
34.5,173.5,0.5391788994215452,0.19167059142275544,16
34.5,174.5,-2.0188410879900256,0.27575784782750934,11
34.5,175.5,-0.09268230685038654,0.8580276569875211,10
34.5,176.5,-0.41418407985142336,0.5021582515007486,13
34.5,177.5,-0.4376541940789472,0.5371338571769023,12
34.5,178.5,-0.3164780965365842,0.5840703669455064,14
34.5,179.5,0.24204147196261516,0.5334165134726944,11
34.5,180.5,-0.1849376114081992,0.8370114751054462,12
34.5,181.5,-1.1530029296875006,0.15240628395674932,10
34.5,263.5,0.6799381684491967,0.8580276569875211,10
34.5,266.5,0.8928126774991885,0.2996654484343021,13
34.5,267.5,1.3843966702534671,0.11507464782117936,16
34.5,268.5,-2.2359625668449112,0.15240628395674932,10
34.5,269.5,1.0631528351698822,0.1888874775395376,14
34.5,270.5,0.0571025126689193,0.9518200164908759,21
34.5,271.5,0.4161428870731143,0.6242768461207494,19
34.5,272.5,-0.2571070234113696,0.7350804926819566,22
34.5,273.5,0.8091072690923604,0.38701399031522477,17
34.5,274.5,0.5870401045033401,0.4130458869045295,24
34.5,275.5,0.31413132151687617,0.5351853194474852,24
34.5,276.5,-0.8218571550447917,0.44087649866088374,25
34.5,277.5,-2.112262957120761,0.012104676070559985,28
34.5,278.5,-1.399590590224768,0.0246114402001047,36
34.5,279.5,-0.6404532967032961,0.31453469858619243,38
34.5,280.5,-0.19103638101761913,0.7437665722846407,38
34.5,281.5,-0.5818466054188864,0.37490496599151035,41
34.5,282.5,-0.5811380101479026,0.29818612881587525,39
34.5,283.5,0.06327273282931348,0.927053855932963,37
34.5,284.5,-0.11111479186946571,0.8808988697656468,36
34.5,285.5,-0.3114885778029161,0.7763884317697076,35
34.5,286.5,0.0778316742964622,0.8276288084144704,39
34.5,287.5,-0.38437519602070364,0.42340961568627655,34
34.5,288.5,-0.24303002450980382,0.5894353805253721,35
34.5,289.5,-0.5726405716076767,0.32256351748255707,32
34.5,290.5,1.3105756588823891,0.013860537013784388,34
34.5,291.5,-0.21560228595283837,0.5917967492239535,37
34.5,292.5,-0.11233509004606987,0.774848422162878,36
34.5,293.5,-0.0756793478260868,0.8444667630816368,37
34.5,294.5,0.6449345313672656,0.16794879518037187,34
34.5,295.5,1.4395747737567732,0.017919491437789904,37
34.5,296.5,2.216757626472072,0.001527642073308946,39
34.5,297.5,2.0125639287451826,0.00027138394101478783,33
34.5,298.5,1.0659660107334528,0.019001296136926946,31
34.5,299.5,1.052137439520985,0.010897045103689414,32
34.5,300.5,1.1171576939381092,0.02080455208362115,31
34.5,301.5,0.32759513333689366,0.6101267703127584,31
34.5,302.5,-0.17830661954944127,0.6341458536966633,31
34.5,303.5,0.516127193631076,0.043786980477788576,34
34.5,304.5,0.9201786523450937,0.042639245657504966,37
34.5,305.5,0.8793953252032516,0.0331538831191508,35
34.5,306.5,0.7130443590186976,0.2227402060902387,29
34.5,307.5,-0.28047810041528276,0.4536084832864735,26
34.5,308.5,-0.5464661224796563,0.12291053975401948,27
34.5,309.5,-0.18309764504975617,0.7703961609830144,27
34.5,310.5,-0.23438016755130175,0.5114817794495524,29
34.5,311.5,-0.024123108050037194,0.9773408399028476,35
34.5,312.5,-0.02052647726876395,0.8821498665400751,34
34.5,313.5,0.3267045454545454,0.3386829866956895,32
34.5,314.5,0.25111600998243494,0.5609035741936789,29
34.5,315.5,0.42865440102761565,0.41989889923791546,29
34.5,316.5,-0.024161862218398777,0.940681598665201,24
34.5,317.5,0.2973779523341401,0.4130458869045295,24
34.5,318.5,0.32311120543293687,0.2783473662511158,27
34.5,319.5,-0.21182486913339224,0.6238124360692694,25
34.5,320.5,0.4694396554411373,0.1574056639748741,24
34.5,321.5,0.5925923408240601,0.12728869225659978,20
34.5,322.5,0.2072537978773402,0.7849697273207377,24
34.5,323.5,0.0686319431331594,0.9070384808036948,25
34.5,324.5,0.02882336270849264,0.975910003234818,21
34.5,325.5,-1.090545648664247,0.08144297973908005,18
34.5,326.5,-1.2351107914047823,0.07651365424139898,17
34.5,329.5,-0.7806038119876856,0.9513521309544037,13
34.5,330.5,0.16008389548864155,0.9513521309544037,13
34.5,331.5,1.9679292929292949,0.2104977000553373,10
34.5,332.5,0.601612804212594,0.5371338571769023,12
34.5,333.5,-0.25157010349318004,0.7317017232242102,12
34.5,334.5,0.6196983273596166,0.8762696636277617,11
35.5,114.5,-1.747767857142857,0.2104977000553373,10
35.5,117.5,0.884908536585364,0.16112494928905186,11
35.5,118.5,-0.11769850140751714,0.9128140271840749,14
35.5,119.5,-2.406418946412233,0.02094093367374069,19
35.5,120.5,-1.655151762124372,0.003428396252842452,16
35.5,121.5,-0.5270461575513424,0.2157852878709826,25
35.5,122.5,-0.2619993295242539,0.5878049630676369,27
35.5,123.5,0.053770014118722315,0.96292509372887,33
35.5,124.5,0.38198459615802344,0.5925510100829448,32
35.5,125.5,-0.368610586540786,0.4856472470963893,33
35.5,126.5,0.07618755954811511,0.9055957937612324,34
35.5,127.5,-0.22064936926605494,0.5320609713589797,35
35.5,128.5,0.8651562279867565,0.05914524746319665,39
35.5,129.5,0.7116899079661542,0.13361124376778633,39
35.5,130.5,0.9223560959037075,0.032579792211512706,38
35.5,131.5,0.8098130789737021,0.03556975250523174,35
35.5,132.5,0.6917906746031743,0.08584114842248187,39
35.5,133.5,-0.29881327288667386,0.5667605869699316,41
35.5,134.5,-0.35526314820704996,0.5730643403857183,42
35.5,135.5,-0.1625411502756427,0.632869142286627,40
35.5,136.5,0.41811108287979815,0.43866997611941727,43
35.5,137.5,-0.30458681087832873,0.5879084322109032,42
35.5,138.5,0.7700907619992448,0.29751878206452487,44
35.5,139.5,-0.14226294765073533,0.8115533673850394,42
35.5,140.5,0.10857582215578532,0.785544411956157,43
35.5,141.5,1.1616085737179491,0.09504439020170478,39
35.5,142.5,0.95901924017328,0.07783064222038116,41
35.5,143.5,0.2978138889333586,0.4932503912028541,41
35.5,144.5,0.3778928851771197,0.3995666898442778,41
35.5,145.5,0.08873017902368449,0.8115533673850394,42
35.5,146.5,0.03315951964515425,0.9481546239300995,42
35.5,147.5,0.34269760832260876,0.448081548716583,42
35.5,148.5,0.06358923643947338,0.8342074867818815,43
35.5,149.5,-0.6186594202898562,0.20870397233082183,42
35.5,150.5,-0.323538435820131,0.632869142286627,40
35.5,151.5,-0.523520966880342,0.4210494421975055,38
35.5,152.5,-0.644693200663351,0.18651236782914016,37
35.5,153.5,-0.7320411400383826,0.10207836830745978,37
35.5,154.5,0.661338998490022,0.37859457687479137,35
35.5,155.5,0.8247313810395307,0.24520258402450212,33
35.5,156.5,0.7792434249145587,0.26990019525158404,36
35.5,157.5,0.5978285801780676,0.28045007531092314,35
35.5,158.5,0.3194367461169118,0.7084629632532715,31
35.5,159.5,0.30047868511468057,0.5911541483740381,25
35.5,160.5,0.03405828288045809,0.984237603525127,28
35.5,161.5,0.1310861423220978,0.7115714636761059,23
35.5,162.5,1.17923321048321,0.169645513311097,23
35.5,163.5,-1.0129551820728273,0.18666052241558184,23
35.5,164.5,-0.13570710630743604,0.9012978441563574,24
35.5,165.5,-0.09375,0.8656490997057351,22
35.5,166.5,-0.09134278711484534,0.8740921801633091,23
35.5,167.5,0.05540935672514598,0.9101956836196836,22
35.5,168.5,0.04045501882560219,0.9442166279919116,19
35.5,169.5,0.15420530479405026,0.7857971061789661,21
35.5,170.5,0.11532771066718621,0.8430852292699837,15
35.5,171.5,1.3708160484436605,0.021667399928426374,16
35.5,172.5,1.3405196998946995,0.17269436302931984,18
35.5,173.5,0.6561962655226049,0.2660517601229595,17
35.5,174.5,-0.03476283858697977,0.9453298708327,12
35.5,175.5,-0.4281902759494816,0.6921807727218765,15
35.5,176.5,-1.1875000000000004,0.08647112777407255,12
35.5,178.5,-0.9693287037037034,0.03433985000756262,16
35.5,179.5,-0.3590040551907641,0.511220344688192,14
35.5,180.5,0.285114247311828,0.7554968749288828,11
35.5,181.5,-0.2669020432692307,0.7603323075218761,13
35.5,182.5,-1.5121801043663101,0.04674494105371118,12
35.5,183.5,-1.8270285087719293,0.27575784782750934,11
35.5,262.5,-1.4971509971509966,0.4742743507673295,10
35.5,264.5,0.6170634920634919,0.5915050369949166,10
35.5,265.5,3.035130380794701,0.004207551285491748,10
35.5,267.5,-0.5649038461538461,0.7554968749288828,11
35.5,268.5,0.9907608695652215,0.19821061903884274,15
35.5,269.5,0.10821935157041551,0.8430852292699837,15
35.5,270.5,0.4862524980809088,0.6693340144640527,13
35.5,271.5,-0.2118939174860235,0.7603323075218761,13
35.5,272.5,0.08267934083151693,0.9016495048953725,17
35.5,273.5,-0.4535901746903982,0.36331590966639116,18
35.5,274.5,-0.14156851811554713,0.7350804926819566,22
35.5,275.5,-0.3887980879701638,0.7098436764690532,24
35.5,276.5,-1.456818714821764,0.017289748509042364,26
35.5,277.5,-2.273517846339987,0.0023728098896700607,35
35.5,278.5,-1.093894168584034,0.0347518094019377,36
35.5,279.5,-0.9550811387743456,0.07965008217332782,37
35.5,280.5,0.08890993265993252,0.8602887048423336,38
35.5,281.5,-0.2921494228870928,0.4517264720866897,41
35.5,282.5,0.19338106406499622,0.7835801504291398,37
35.5,283.5,0.03323955510412697,0.9457024715498787,36
35.5,284.5,0.3133092506175427,0.6352273936721516,34
35.5,285.5,-0.060942327564258214,0.9876377419871504,33
35.5,286.5,-0.31469806888153595,0.6728442148625922,36
35.5,287.5,0.9988157830975,0.12342316732733923,32
35.5,288.5,-0.1385765276989717,0.9353765292166933,32
35.5,289.5,0.1705031622023791,0.688932652810029,34
35.5,290.5,0.7479894086941163,0.12313627567524701,34
35.5,291.5,0.8081480692284029,0.11901621744361217,38
35.5,292.5,0.22220658602022242,0.4703514180876961,36
35.5,293.5,0.4059776688453157,0.4431544530574595,35
35.5,294.5,0.713700592975357,0.18783021842730974,33
35.5,295.5,0.9012068931502526,0.1634693483991595,34
35.5,296.5,1.0862008348234842,0.030926634820682006,37
35.5,297.5,1.5457809022427664,0.005319924322073581,34
35.5,298.5,0.7095426920745831,0.2364918152910518,32
35.5,299.5,1.0392992424242427,0.06602837773431022,34
35.5,300.5,1.6641135620915026,0.0024833552136781637,31
35.5,301.5,0.7785643381115825,0.08919834224618713,31
35.5,302.5,0.5691353263563291,0.23284204679391485,33
35.5,303.5,0.9379863638358903,0.05696246823315324,31
35.5,304.5,0.622191196531195,0.390080152762149,32
35.5,305.5,0.8167074376700377,0.1495902257394682,33
35.5,306.5,0.8885680409592805,0.08782509563019496,29
35.5,307.5,-0.541711566091954,0.3779775180071052,29
35.5,308.5,-0.4708053443545388,0.14448704057062542,27
35.5,309.5,-0.7507779349363528,0.06062481656676543,27
35.5,310.5,-0.5408899669755725,0.2849752678232519,29
35.5,311.5,0.05940175365921009,0.8999543235867821,38
35.5,312.5,0.36739678537661535,0.37859457687479137,35
35.5,313.5,0.2890800176984391,0.5876087946102937,33
35.5,314.5,-0.02748934525195715,0.9870617094920746,32
35.5,315.5,-0.0320983887967922,0.964838162737043,26
35.5,316.5,0.13557084775575642,0.5937387052742729,28
35.5,317.5,0.3140161373087823,0.3746854999427832,25
35.5,318.5,0.2116187616133358,0.4690632682744802,25
35.5,319.5,0.12783268817761934,0.5683377615538607,24
35.5,320.5,0.46230438609182106,0.13026223878322818,24
35.5,321.5,0.685096153846154,0.020764998535421006,22
35.5,322.5,0.8101851851851855,0.14172595380646796,19
35.5,323.5,0.17213895951573877,0.6505819869583885,21
35.5,324.5,0.25869755445139414,0.5923012814329899,17
35.5,325.5,0.5662696014320442,0.2843217140080182,20
35.5,326.5,-1.1853227072426018,0.015083622594694812,17
35.5,327.5,-0.019213011257475484,0.9211586502250249,15
35.5,328.5,-2.1271413016984804,0.5371338571769023,12
35.5,329.5,0.5161366076221144,0.4434214028640827,14
35.5,330.5,2.064499627976191,0.19261627432960227,12
35.5,331.5,-0.9002976190476215,0.8580276569875211,10
35.5,332.5,-0.20589408868713416,0.7317017232242102,12
36.5,114.5,-0.06088209152221635,0.8762696636277617,11
36.5,115.5,-0.00844934585709596,1.0,11
36.5,116.5,1.108333333333333,0.37109336952269756,10
36.5,117.5,0.04360023726362739,1.0,12
36.5,118.5,-0.195872011812468,0.7108359248149255,17
36.5,119.5,-1.5468773475060082,0.04081584761596263,18
36.5,120.5,-1.7988495879120878,0.014325742543108144,19
36.5,121.5,-0.23985990695287018,0.6731887478154436,20
36.5,122.5,0.025661877428564142,0.9802109790485439,24
36.5,123.5,0.9623456632938849,0.33873831133439525,29
36.5,124.5,0.8575040945048357,0.0534342528259042,35
36.5,125.5,0.56893765066842,0.17277617599388595,35
36.5,126.5,0.23814643018272072,0.5935629766221353,34
36.5,127.5,0.15726049489305427,0.4101196678534941,35
36.5,128.5,0.3491147571375613,0.3971171572571701,39
36.5,129.5,0.6928416033637295,0.1879838381386536,40
36.5,130.5,0.5695653019107588,0.43751817737481247,36
36.5,131.5,0.7351890091935864,0.05601363814589585,38
36.5,132.5,0.3720597323526281,0.5220542678768723,36
36.5,133.5,0.8125,0.22196368922508947,35
36.5,134.5,0.19600503934707625,0.67549619466395,43
36.5,135.5,0.5742135534610997,0.13284330966269112,40
36.5,136.5,0.5050101902173907,0.20167946846619778,43
36.5,137.5,-0.12369742760291466,0.8016826064347501,43
36.5,138.5,-0.6614645422888693,0.16714509466272698,43
36.5,139.5,-0.3699336890509164,0.6007856611761987,43
36.5,140.5,-0.16961964650196926,0.8453357931297271,42
36.5,141.5,0.8766322767145143,0.22475200898884962,43
36.5,142.5,0.9676244008217303,0.07871507631982917,43
36.5,143.5,0.9501283113951686,0.043825662339098,42
36.5,144.5,0.8980311818844661,0.039185547170584076,40
36.5,145.5,0.42679219084420134,0.2997628531295812,40
36.5,146.5,-0.17096532712991244,0.8067106222830901,40
36.5,147.5,0.13081335383385215,0.7901381702817245,39
36.5,148.5,0.23596190641254672,0.5730643403857183,42
36.5,149.5,0.40277777777777857,0.3793495934816995,43
36.5,150.5,-0.09090674110835313,0.8655164609304618,39
36.5,151.5,-0.6988396397411298,0.09421734525006324,41
36.5,152.5,-0.31976397671792123,0.6508450294523307,38
36.5,153.5,-0.7477569526910433,0.3472987680371583,36
36.5,154.5,-0.6374360360792111,0.23582237975362752,39
36.5,155.5,0.5077553910818711,0.23290059118518391,35
36.5,156.5,0.49549343785895844,0.5052450905766701,33
36.5,157.5,0.4241071428571429,0.27263754267559726,34
36.5,158.5,0.8452843468468463,0.12291053975401948,27
36.5,159.5,0.4123209272270043,0.41989889923791546,29
36.5,160.5,0.07663752319675586,0.8659362154363435,29
36.5,161.5,0.49292781233277855,0.5183675363290698,31
36.5,162.5,-0.024905554905554732,1.0,25
36.5,163.5,-1.3323774179037344,0.12557019892294263,23
36.5,164.5,-0.5579974494242788,0.23361300135229124,25
36.5,165.5,-0.6722245548600456,0.4130458869045295,24
36.5,166.5,-0.49763095013515884,0.4130458869045295,24
36.5,167.5,-0.221835470537868,0.7397638077281241,21
36.5,168.5,0.031832286289760266,1.0,22
36.5,169.5,-0.4703905755850724,0.39803568959424807,23
36.5,170.5,-0.5861566941918739,0.2561449666035266,20
36.5,171.5,0.22398999493414384,0.6518692807184261,22
36.5,172.5,1.3250030413625304,0.02094093367374069,19
36.5,173.5,1.9604602254178665,0.011979409439113728,17
36.5,174.5,1.1658597921563074,0.2660517601229595,17
36.5,175.5,0.48828260633680426,0.511220344688192,14
36.5,176.5,-0.45560430936073093,0.6614159170078631,14
36.5,177.5,-1.6498318748491148,0.2996654484343021,13
36.5,178.5,-1.2807439271255054,0.1888874775395376,14
36.5,179.5,-0.44398704489234697,0.34341948718274173,17
36.5,180.5,0.09700545026632,0.7603323075218761,13
36.5,182.5,0.1399043855212989,0.8762696636277617,11
36.5,183.5,0.12342341947985214,0.9453298708327,12
36.5,184.5,-0.323772098659823,0.7205147871362552,10
36.5,264.5,0.6388683431952668,0.4742743507673295,10
36.5,266.5,1.6414835164835169,0.4362749288405292,11
36.5,267.5,-1.2201941986234015,0.2996654484343021,13
36.5,268.5,-0.9335800726540613,0.24638736002924666,13
36.5,269.5,0.3137480798771125,0.9453298708327,12
36.5,270.5,0.846983791121047,0.3036732148994191,12
36.5,271.5,-1.303636380587738,0.3726914904715183,12
36.5,272.5,1.3433412063953494,0.2001281176786024,13
36.5,273.5,0.5284157509157517,0.8368197050512747,17
36.5,274.5,-0.762892530749673,0.21568869559132287,21
36.5,275.5,-0.05762511912175436,0.9070384808036948,25
36.5,276.5,0.7451153100261525,0.20575410127305516,20
36.5,277.5,-0.3199110671936755,0.3812637215931578,27
36.5,278.5,-0.5183715231890653,0.2992115611491839,33
36.5,279.5,-1.1384506597751525,0.024862848209154933,31
36.5,280.5,-0.5489130434782605,0.20234388657884772,34
36.5,281.5,0.14350961538461604,0.8383870987564421,31
36.5,282.5,-0.20837637741046797,0.7540675143570155,36
36.5,283.5,-0.53125,0.2852065103246597,38
36.5,284.5,-0.39966231502938443,0.47765973512758664,35
36.5,285.5,0.2993387991044024,0.3759635132769804,36
36.5,286.5,-0.05650436046511733,0.9095458052651214,35
36.5,287.5,0.25611214015794936,0.649540989554171,28
36.5,288.5,0.31607010884321823,0.4529810088194177,29
36.5,289.5,0.5610051362623492,0.2992115611491839,33
36.5,290.5,1.0839216495849655,0.08298294959133426,31
36.5,291.5,1.7578012072174085,0.0024255579402928133,32
36.5,292.5,0.4550438596491231,0.24742959333188785,38
36.5,293.5,-0.16479637095278357,0.7982398124572034,35
36.5,294.5,0.5902017433918437,0.15854217661892822,33
36.5,295.5,0.7780850033648021,0.11101565606999532,36
36.5,296.5,0.8418310077474944,0.1449961562134987,36
36.5,297.5,1.210581253345413,0.04525554618596206,36
36.5,298.5,0.7482072758832635,0.24695545939811314,36
36.5,299.5,1.130145583027691,0.020962039648775375,33
36.5,300.5,0.8419854512056053,0.07440691359805184,30
36.5,301.5,1.271094273459018,0.021041354840141278,29
36.5,302.5,0.607208592287535,0.2364918152910518,32
36.5,303.5,0.9951290896872225,0.03646126890308466,33
36.5,304.5,0.06678616235510286,0.8865048064138312,30
36.5,305.5,-0.10020171534112737,0.8701367570919353,25
36.5,306.5,0.5316782322640888,0.29725152529777643,27
36.5,307.5,0.39109848484848525,0.4644135326519092,30
36.5,308.5,0.3898656209309893,0.568058623631595,30
36.5,309.5,-0.2856846275373779,0.4754490495282657,30
36.5,310.5,-0.44908151730008505,0.04490137627948909,31
36.5,311.5,-0.6938433753802108,0.028741024894388466,35
36.5,312.5,-0.3571428571428571,0.3278699729277641,34
36.5,313.5,-0.3205828779599284,0.41182433473249114,30
36.5,314.5,0.36401098901098905,0.18493228677225526,31
36.5,315.5,0.07223536936651628,0.8701367570919353,25
36.5,316.5,1.0266086911357541,0.2389242185787459,21
36.5,317.5,0.19007415136079756,0.7849697273207377,24
36.5,318.5,0.268769938728995,0.498219385345291,25
36.5,319.5,0.23349567099567115,0.4719390404163103,24
36.5,320.5,0.10143613834714933,0.6518692807184261,22
36.5,321.5,-0.08591196895424852,0.7614215361463608,25
36.5,322.5,0.4894155653740069,0.31900803011512957,21
36.5,323.5,0.75666866252367,0.14937517875498968,17
36.5,324.5,1.1469327713071613,0.048744920739706564,14
36.5,325.5,1.4565554870878845,0.009455362161615887,17
36.5,326.5,0.18352299547171003,0.7526419827681854,16
36.5,327.5,0.19174473067915682,1.0,11
36.5,328.5,1.6832016020409326,0.36012164775537825,13
36.5,329.5,0.4455554241120031,0.5366482363005154,17
36.5,330.5,1.4749902124274268,0.3923143472853552,16
36.5,331.5,-0.5016571969696972,0.8370114751054462,12
36.5,332.5,-0.14734848484848512,1.0,14
36.5,333.5,0.4359282544378692,0.2495803314790802,14
36.5,334.5,0.025753516480094572,1.0,12
36.5,335.5,0.619218597857838,0.2104977000553373,10
37.5,114.5,0.0036926758010143346,1.0,10
37.5,115.5,0.08342466420381293,0.9513521309544037,13
37.5,117.5,-1.1052423796564408,0.5334165134726944,11
37.5,118.5,0.3446332277874059,0.7526419827681854,16
37.5,119.5,-0.5726984029216269,0.4555354119407532,20
37.5,120.5,-0.3357490967238377,0.8795727890074994,18
37.5,121.5,-0.881371608635138,0.010374262567202244,20
37.5,122.5,-0.22448082154166504,0.8711314915971583,20
37.5,123.5,0.6731310245562014,0.6518692807184261,22
37.5,124.5,0.8098647584033616,0.2227402060902387,29
37.5,125.5,0.7331072275988002,0.10504200372059176,36
37.5,126.5,0.6410221131690425,0.233976364304341,37
37.5,127.5,0.29769483103316136,0.539915857350804,36
37.5,128.5,-0.42650513897585596,0.2657461083422321,39
37.5,129.5,0.3003149872693162,0.5614764462408652,39
37.5,130.5,0.814049567277066,0.11352529377736803,37
37.5,131.5,1.0205853174603179,0.10295600830823144,34
37.5,132.5,1.126203007312328,0.0774547606082352,37
37.5,133.5,0.929829858227599,0.009979477555722316,37
37.5,134.5,1.2396225873161768,0.002121987216429465,39
37.5,135.5,1.0620373507005556,0.024447784188570267,39
37.5,136.5,0.8698733647575898,0.06906956114125581,37
37.5,137.5,0.5459768866063535,0.27593433728642713,41
37.5,138.5,0.08107570267896344,0.8342074867818815,43
37.5,139.5,-0.2676049020078137,0.5372545134763995,44
37.5,140.5,0.6638867549860861,0.29815903554581225,42
37.5,141.5,0.2387152777777768,0.6646547813082152,42
37.5,142.5,0.2673069480828765,0.6334724060856932,42
37.5,143.5,1.573441352741206,0.006313823530166495,42
37.5,144.5,0.7985992848212464,0.057670064418724465,41
37.5,145.5,0.46194540939566936,0.4932503912028541,41
37.5,146.5,0.5242514573396921,0.40668256873463315,38
37.5,147.5,0.6995324588645542,0.40668256873463315,38
37.5,148.5,0.029558028504934292,0.9535453737590693,40
37.5,149.5,0.2886589387625881,0.661353237644444,41
37.5,150.5,0.18487247774799684,0.8067106222830901,40
37.5,151.5,-0.08239653713462172,0.9164874459935288,40
37.5,152.5,-0.3575320398498909,0.5045014597713458,36
37.5,153.5,-0.6035766671485091,0.25841287570987015,40
37.5,154.5,-0.7361688439788183,0.19538604457720776,37
37.5,155.5,-0.10538887983932861,0.6756918645043961,33
37.5,156.5,0.09373503272826361,0.7922384250904911,33
37.5,157.5,0.400115569508093,0.2766963536434416,31
37.5,158.5,1.1357728713489819,0.018521903556433492,30
37.5,159.5,0.9553372160745477,0.015529473461965253,29
37.5,160.5,-0.2301653660349307,0.7481053914270006,30
37.5,161.5,-0.054398148148148015,0.9457970432721066,31
37.5,162.5,0.8265530661866862,0.22814629250030505,28
37.5,163.5,0.6448602941176461,0.41182433473249114,30
37.5,164.5,0.11309523809523844,0.6946868300138667,30
37.5,165.5,0.19722222222222247,0.6464984392954767,27
37.5,166.5,-0.06278935185185198,0.8701367570919353,25
37.5,167.5,-0.289806547619047,0.6726109872286647,23
37.5,168.5,-0.5127689525219439,0.6505819869583885,21
37.5,169.5,-0.2873597756410244,0.5756369136048027,19
37.5,170.5,-0.7062492232411755,0.29056075537876946,21
37.5,171.5,-0.7087742504409178,0.12557019892294263,23
37.5,172.5,-0.6873464809853201,0.033561411703114705,25
37.5,173.5,-0.15251981828193928,0.7849697273207377,24
37.5,174.5,0.1846327403758078,0.7397638077281241,21
37.5,175.5,0.9555264075130653,0.14937517875498968,17
37.5,176.5,0.16539666366945682,0.8368197050512747,17
37.5,177.5,-0.6556973143102227,0.2299690777236404,20
37.5,178.5,-1.586860457262337,0.04776124267510367,15
37.5,179.5,-1.891456582633051,0.10051817320746463,14
37.5,180.5,-0.6386701834560816,0.16055589143580895,13
37.5,181.5,-0.21918689293162424,0.4506702853141802,12
37.5,182.5,0.8502197265625,0.28313087066234666,10
37.5,183.5,-0.07259411050394664,0.8580276569875211,10
37.5,184.5,-1.130769230769232,0.37109336952269756,10
37.5,185.5,-0.8719951923076916,0.37109336952269756,10
37.5,265.5,-1.3527182981090098,0.28313087066234666,10
37.5,266.5,-0.03278688524590194,1.0,11
37.5,267.5,-0.10212026442808425,0.9453298708327,12
37.5,268.5,0.11217948717948625,1.0,10
37.5,269.5,2.18905472636816,0.16112494928905186,11
37.5,270.5,-0.09280193932411647,0.8925584658515614,16
37.5,271.5,0.3616228070175449,0.2996654484343021,13
37.5,272.5,-0.23849584814986613,0.6853285557833784,16
37.5,273.5,-0.49294354838709653,0.8580276569875211,10
37.5,274.5,-0.4483695652173911,0.3244236905215787,14
37.5,275.5,-0.5458517156477748,0.22413430196016682,16
37.5,276.5,-0.5689102564102599,0.09559021985225108,18
37.5,277.5,0.07035984848484848,0.8816544601371027,24
37.5,278.5,-0.4448403871631304,0.35311901773888865,28
37.5,279.5,-0.5227042552501955,0.36062734198879765,33
37.5,280.5,-0.1987327188940099,0.7339104943970113,31
37.5,281.5,-0.41517112480760077,0.570323002920078,32
37.5,282.5,0.2098577798897594,0.9096221353961885,32
37.5,283.5,0.5197030791788863,0.37375236607181783,34
37.5,284.5,0.14945652173913043,0.7856661000859302,31
37.5,285.5,-0.04254044563656703,0.8916461170613795,36
37.5,286.5,-0.2617788178713691,0.54850039361213,32
37.5,287.5,0.12191243441503763,0.6984894773302321,33
37.5,288.5,0.2501136942223715,0.7220751513605705,28
37.5,289.5,0.549153863936651,0.32256351748255707,32
37.5,290.5,1.1956325038681783,0.023669253614711467,33
37.5,291.5,0.9057461073520097,0.07477247932442412,33
37.5,292.5,0.6209118541033405,0.27263754267559726,34
37.5,293.5,0.6313961988304098,0.09948281525658194,35
37.5,294.5,0.9980036644154905,0.11759799116041261,33
37.5,295.5,1.295864895099374,0.00806003402501649,33
37.5,296.5,0.8103741496598639,0.10218587988644089,38
37.5,297.5,0.41057069757727704,0.4719324011649343,37
37.5,298.5,0.5060334736070281,0.2819046108192158,36
37.5,299.5,1.6120413460224388,0.0002231438645801083,36
37.5,300.5,1.1170701810991848,0.0020797036187178686,36
37.5,301.5,0.28970125786163575,0.40435063820524453,27
37.5,302.5,0.3213670690091002,0.5878049630676369,27
37.5,303.5,0.28124999999999956,0.566590311939465,26
37.5,304.5,-0.2819786466306623,0.4647845151096839,28
37.5,305.5,-0.676685688996882,0.11641261541028022,30
37.5,306.5,0.01488095238095238,0.9335433162568849,27
37.5,307.5,-0.32803444653723546,0.6168456628672252,27
37.5,308.5,0.23008122519841262,0.8279576357977381,28
37.5,309.5,0.0048468616786053985,1.0,28
37.5,310.5,-0.4849537037037047,0.4343114428562501,31
37.5,311.5,-0.37676142227225795,0.4655488870531287,32
37.5,312.5,-0.11926369919841054,0.7215386520496392,29
37.5,313.5,-0.04125542351319088,0.9850341097366097,29
37.5,314.5,0.3107439507378477,0.5865203757130351,31
37.5,315.5,0.1606801471884942,0.6391042707127212,29
37.5,316.5,0.7179545425306659,0.07250866728742084,23
37.5,317.5,0.7945538064154687,0.14334161203711995,24
37.5,318.5,0.34917873729704285,0.5812547604118179,20
37.5,319.5,0.4837431554097342,0.24256101842558653,20
37.5,320.5,0.4594712885154057,0.20887181718774706,26
37.5,321.5,0.40379403794037927,0.11305101958707045,23
37.5,322.5,-0.10266829256950466,0.6518692807184261,22
37.5,323.5,-0.6839839706262956,0.37305311625145265,15
37.5,324.5,-0.46544775004596445,0.5366482363005154,17
37.5,325.5,0.42306611032196995,0.5959123948117162,18
37.5,326.5,-0.34285714285714264,0.4953662988030888,18
37.5,327.5,0.11160582174986469,0.9128140271840749,14
37.5,328.5,-0.37422839506172817,0.7425568219265776,14
37.5,329.5,0.31301113214383447,0.49946120310401465,16
37.5,330.5,-0.09374999999999986,1.0,18
37.5,331.5,-0.4296875,0.5959123948117162,18
37.5,332.5,0.15303497942386837,0.8202167495096627,18
37.5,333.5,-0.513020833333333,0.37305311625145265,15
37.5,334.5,0.03832081056466248,1.0,13
37.5,335.5,0.9059588865623349,0.07685087226788877,13
37.5,336.5,-0.6129564429077419,0.4742743507673295,10
38.5,117.5,-2.715415019762846,0.11947098677170075,11
38.5,118.5,0.17920452104696183,0.7526419827681854,16
38.5,119.5,-0.09175514391342005,0.8887055908352302,19
38.5,120.5,-0.5688680239359556,0.5959123948117162,18
38.5,121.5,0.5798989995984425,0.7730800663123129,17
38.5,122.5,0.8931811232192153,0.14429205544010523,20
38.5,123.5,1.487480127186009,0.03692007316250187,22
38.5,124.5,1.4315396249135206,0.06657564401317712,27
38.5,125.5,1.1782818977429734,0.01308391989517775,31
38.5,126.5,0.49147022697086257,0.21171183194124243,30
38.5,127.5,-0.041167635934960256,0.9240398006814219,36
38.5,128.5,0.38188348391388044,0.4872648904642325,36
38.5,129.5,0.6836510684152608,0.16400104161437512,35
38.5,130.5,0.8849044824924569,0.06516532637676728,37
38.5,131.5,0.23810169850123775,0.6132517855744676,41
38.5,132.5,0.4091816506589232,0.513279941352429,38
38.5,133.5,0.705210597041378,0.13256299976889044,37
38.5,134.5,1.232597846073024,0.012704186640628359,39
38.5,135.5,0.7052761900673896,0.07852551092654692,40
38.5,136.5,0.5513261874515046,0.129440568095036,41
38.5,137.5,0.23433405398322824,0.7895923705025335,34
38.5,138.5,0.5638077592650887,0.19139541400462046,39
38.5,139.5,0.1194704468484531,0.753082135935896,40
38.5,140.5,0.2659431438666935,0.5719835030644609,43
38.5,141.5,0.41015577624653554,0.43502642785483836,40
38.5,142.5,-0.017538703734258317,0.9806980673807666,39
38.5,143.5,0.6554642515108977,0.1603211528324091,41
38.5,144.5,0.4637407112526546,0.2496515050691538,43
38.5,145.5,0.48407321480150634,0.3331693388353718,39
38.5,146.5,0.2827199162597769,0.5216102816326905,37
38.5,147.5,0.4143575533661803,0.32678580538480595,38
38.5,148.5,0.39247264692599754,0.32848073232961217,41
38.5,149.5,0.34253313365901583,0.5155350369501336,42
38.5,150.5,0.4982676467051464,0.35734719361075706,40
38.5,151.5,0.12551294191919143,0.8465282828044682,39
38.5,152.5,-0.41800447642441974,0.3200645361580008,36
38.5,153.5,-0.8098537035257426,0.20524714408164557,36
38.5,154.5,-0.4002363468197876,0.41819122675676434,35
38.5,155.5,0.09504320810009373,0.9136301036401862,33
38.5,156.5,-0.08300522594841293,0.9546999508650751,35
38.5,157.5,0.4578890759446319,0.19538604457720776,37
38.5,158.5,0.5436177653682156,0.22389580114431484,32
38.5,159.5,0.3962260579907639,0.372365302198027,30
38.5,160.5,0.7514381875909014,0.06153857004702124,31
38.5,161.5,0.5574521127022041,0.12509002072034991,35
38.5,162.5,0.5819235054771942,0.24958080203971644,32
38.5,163.5,0.16428440567301278,0.7972523796379414,25
38.5,164.5,0.4492276561787506,0.3955862561437876,28
38.5,165.5,0.16038359788359763,0.6767236120473166,27
38.5,166.5,-0.0041413971248876235,1.0,30
38.5,167.5,0.28960396039603997,0.6433750863828368,26
38.5,168.5,-0.3097548802129547,0.5359057917615426,29
38.5,169.5,0.202380952380949,0.8947871042097532,26
38.5,170.5,-0.45462913074712696,0.39803568959424807,23
38.5,171.5,0.6757154521146819,0.31452486905097243,20
38.5,172.5,-0.22518115942028827,0.5351853194474852,24
38.5,173.5,-1.1027256237898329,0.0019316135357635845,24
38.5,174.5,-0.4130596450769089,0.28615732110495806,24
38.5,175.5,0.017388018946424496,0.9278177692263682,21
38.5,176.5,0.23830017308607776,0.4953662988030888,18
38.5,177.5,0.08292095164421792,0.7702877264736667,20
38.5,178.5,-0.4752988025046837,0.34341948718274173,17
38.5,179.5,-1.3303045975534533,0.06269811626098261,14
38.5,180.5,-0.27604166666666724,0.8266659696701553,14
38.5,181.5,-0.1779223326919989,0.7317017232242102,12
38.5,183.5,0.32788085937500044,0.5915050369949166,10
38.5,184.5,0.7604166666666667,0.37109336952269756,10
38.5,268.5,0.20295516304347824,0.6312218204782533,12
38.5,270.5,-0.5668991804122925,0.7425568219265776,14
38.5,271.5,0.01833062770562801,1.0,13
38.5,272.5,0.6305500055500055,0.2001281176786024,13
38.5,273.5,-1.5624325652316917,0.19261627432960227,12
38.5,274.5,-0.32785714285714307,0.6614159170078631,14
38.5,275.5,0.1315964159786722,0.9224620671867602,20
38.5,276.5,0.1926150895140666,0.8430852292699837,15
38.5,277.5,-0.17796345833255195,0.5959123948117162,18
38.5,278.5,-0.3680750572546426,0.4130458869045295,24
38.5,279.5,-0.33482142857142855,0.49856438700636985,22
38.5,280.5,-1.0387920544170546,0.015529473461965253,29
38.5,281.5,0.30119401483997843,0.7091645038629479,32
38.5,282.5,-0.6622425773428282,0.47532023939393775,31
38.5,283.5,0.47620481927710756,0.4977975765265772,30
38.5,284.5,0.45529489353683794,0.617392769071009,30
38.5,285.5,-0.6246357808857805,0.3767967991819644,31
38.5,286.5,-0.25835214560754904,0.570323002920078,32
38.5,287.5,-0.4241224461812693,0.2766963536434416,31
38.5,288.5,-0.537556298005917,0.4418455025304515,29
38.5,289.5,-0.08384099082341216,0.8650383150743489,31
38.5,290.5,0.5872319688109171,0.1634063458637326,31
38.5,291.5,1.680555555555555,0.010788909951167283,31
38.5,292.5,1.6340762597127378,0.030152704025483097,27
38.5,293.5,0.8046797125702441,0.17765391067092295,33
38.5,294.5,0.6878102438786665,0.3078304301336964,31
38.5,295.5,0.8513081956584512,0.2631677566593238,32
38.5,296.5,0.040086320723576374,0.9773408399028476,35
38.5,297.5,-0.11468205607879575,0.8168835068089898,36
38.5,298.5,0.4709834842891478,0.513584888637536,35
38.5,299.5,0.9539324353798084,0.030879840625194804,35
38.5,300.5,0.8797020103810466,0.011550443264152666,33
38.5,301.5,0.7013140971279963,0.06486517886852888,35
38.5,302.5,0.45404341450975394,0.24958080203971644,32
38.5,303.5,0.7012645036960014,0.13837039523899158,29
38.5,304.5,0.9962216231760344,0.09536480979922483,27
38.5,305.5,-0.09248130341880323,0.8650383150743489,31
38.5,306.5,-0.28549280305795444,0.6685166224807093,30
38.5,307.5,0.35351562500000044,0.568058623631595,30
38.5,308.5,0.7881911368136394,0.12819661046060987,28
38.5,309.5,1.1679733001869805,0.02558281311377281,28
38.5,310.5,0.46407548476454274,0.2783473662511158,27
38.5,311.5,-0.38079179363926546,0.3779775180071052,29
38.5,312.5,-0.46525571762127416,0.29725152529777643,27
38.5,313.5,0.24784334023464402,0.6168456628672252,27
38.5,314.5,0.41308427993210506,0.4876519268316105,29
38.5,315.5,0.6892230576441095,0.1533785068859166,31
38.5,316.5,0.838147759103643,0.06062481656676543,27
38.5,317.5,0.7749889072008116,0.24521106099767986,23
38.5,318.5,0.14647190293742124,0.9158665384265181,23
38.5,319.5,-0.0036529116854040937,1.0,17
38.5,320.5,0.10379583030373944,0.8740921801633091,23
38.5,321.5,0.28176307148269686,0.5973541948267042,23
38.5,322.5,-0.40876654393924716,0.4956627244900297,20
38.5,323.5,1.134997776576451,0.20785680345658664,19
38.5,324.5,0.3699625104341687,0.4837557864964521,17
38.5,325.5,0.37301661412004716,0.31900803011512957,21
38.5,326.5,0.3723086124401917,0.2629105671183505,19
38.5,327.5,0.22407280219780248,0.6921807727218765,15
38.5,328.5,0.07068452380952357,0.6522186325347028,16
38.5,329.5,0.07638888888888888,0.6921807727218765,15
38.5,330.5,0.3240740740740734,0.4046702444107403,18
38.5,331.5,0.3201827242524915,0.4434214028640827,14
38.5,332.5,-0.3439685314685311,0.7554968749288828,11
38.5,333.5,0.8843925561797751,0.37109336952269756,10
38.5,334.5,0.3491873929829264,0.6312218204782533,12
38.5,335.5,-0.030047250780720715,1.0,13
38.5,336.5,-0.07184706257982094,0.9453298708327,12
38.5,337.5,1.2816369969040249,0.21291190281150452,11
38.5,338.5,0.42143661173731906,0.21291190281150452,11
39.5,117.5,-0.8290221733199445,0.4742743507673295,10
39.5,118.5,0.16437134908433002,0.8370114751054462,12
39.5,119.5,0.8860326183655705,0.4277105102974643,13
39.5,120.5,0.016246831798462005,1.0,16
39.5,121.5,0.6717094072698602,0.8430852292699837,15
39.5,122.5,0.7025947323586796,0.4338268403653006,17
39.5,123.5,-0.12367667055167376,0.9671423309063722,17
39.5,124.5,0.7350418476871963,0.40110257289194073,19
39.5,125.5,1.280048736016668,0.06409905424175923,26
39.5,126.5,-0.03916864809782372,0.9527374072913991,28
39.5,127.5,0.5094283609908601,0.23290059118518391,35
39.5,128.5,0.2020393864141607,0.5894353805253721,35
39.5,129.5,0.15085968926668888,0.8355864341125854,34
39.5,130.5,1.0056087457804406,0.17277617599388595,35
39.5,131.5,0.6459403158675427,0.22541303195972806,36
39.5,132.5,-0.10363247863247811,0.8014754175793354,38
39.5,133.5,-0.1306438097765072,0.753082135935896,40
39.5,134.5,0.3793859649122808,0.4829170444568124,39
39.5,135.5,0.07652978954739803,0.8800839006711906,38
39.5,136.5,0.5354055109326193,0.05914524746319665,39
39.5,137.5,0.3141358688406256,0.5738490427115428,37
39.5,138.5,0.2442093136065977,0.4506605258238301,38
39.5,139.5,-0.08982684795673124,0.8240484528174716,37
39.5,140.5,0.12501432980561453,0.8248046168337547,40
39.5,141.5,0.14105100211620591,0.6908616736633162,43
39.5,142.5,0.039643811127737724,0.927053855932963,37
39.5,143.5,-0.4105865600257186,0.43881262153485934,39
39.5,144.5,0.7052643185247631,0.1790013356721437,42
39.5,145.5,1.2195726925668804,0.005814073275163167,39
39.5,146.5,0.1148631657043584,0.8612638836213089,40
39.5,147.5,0.35091666797675347,0.497212088120326,38
39.5,148.5,0.18278436724617958,0.7108952874500365,41
39.5,149.5,0.10527641921949105,0.8965279189482994,42
39.5,150.5,-0.2575552463303995,0.770840345264592,40
39.5,151.5,0.584472297885219,0.17282861084833245,40
39.5,152.5,-0.46249559216659597,0.294266104304963,36
39.5,153.5,-0.5569342750944142,0.2933017774384965,35
39.5,154.5,-0.3349593983944056,0.5270983110287552,32
39.5,155.5,0.15353534590996382,0.6381570271128183,32
39.5,156.5,0.3216330435523013,0.5508678704577775,35
39.5,157.5,0.703077033813228,0.26990019525158404,36
39.5,158.5,0.8906976744186039,0.07355356751630505,35
39.5,159.5,0.5336871727328305,0.2045653965108014,37
39.5,160.5,0.2687316142619496,0.5664461417662239,33
39.5,161.5,0.3750875350140051,0.7084629632532715,31
39.5,162.5,0.24770802114552132,0.41989889923791546,29
39.5,163.5,0.25009454380639085,0.5683377615538607,24
39.5,164.5,0.8677986257928115,0.13391892014731072,26
39.5,165.5,0.06888225165664202,0.9070384808036948,25
39.5,166.5,0.005480350742447607,1.0,27
39.5,167.5,0.23044389820705533,0.4324504235358998,30
39.5,168.5,-0.18230998841748963,0.7212260985001633,30
39.5,169.5,0.2346214153148512,0.5047075455861033,27
39.5,170.5,-0.2666790674603175,0.4768527869190301,28
39.5,171.5,-0.44558823529411734,0.4130458869045295,24
39.5,172.5,0.3064029827953088,0.6077081401081054,21
39.5,173.5,-0.33822558411793774,0.5612202073936174,23
39.5,174.5,-0.49645459609112486,0.31900803011512957,21
39.5,175.5,-0.6864883265267936,0.21471330142519174,22
39.5,176.5,-0.1199456443742831,0.6024416860423838,24
39.5,177.5,-0.26709261133281287,0.38103238548434304,20
39.5,178.5,-0.10859538912929456,0.8218916912511594,16
39.5,179.5,0.7669446035127009,0.06378663704794149,17
39.5,180.5,0.6151930378039782,0.22413430196016682,16
39.5,181.5,0.11078319619426802,0.9128140271840749,14
39.5,182.5,-0.41891553702761297,0.5021582515007486,13
39.5,183.5,0.3179058209725423,0.6693340144640527,13
39.5,184.5,0.2101293103448276,0.5840703669455064,14
39.5,270.5,-0.0821883430579082,0.7205147871362552,10
39.5,271.5,-0.21867245657568282,0.8580276569875211,10
39.5,273.5,-0.5492440682870366,0.640428787412791,11
39.5,274.5,-1.5403751693766932,0.06170669002831271,11
39.5,275.5,-0.8801682357230167,0.5334165134726944,11
39.5,276.5,1.333620629036485,0.07651365424139898,17
39.5,277.5,0.5892857142857144,0.23423926303398213,19
39.5,278.5,0.0286844724858899,0.940681598665201,24
39.5,279.5,0.13013101664417467,0.8621556082271453,24
39.5,280.5,-0.6205908289241672,0.3376949763722794,22
39.5,281.5,-0.49096926386295303,0.46443447665483895,29
39.5,282.5,-0.021562715228520553,0.9551233832161916,29
39.5,283.5,0.2754677345524869,0.6782246933005027,28
39.5,284.5,-0.3125,0.7211095322566394,31
39.5,285.5,-1.1071362138605443,0.10268972898772688,29
39.5,286.5,0.2602193813131307,0.649540989554171,28
39.5,287.5,-0.5131465703264027,0.48926508700643856,28
39.5,288.5,-0.40800034153005527,0.3954246967469043,31
39.5,289.5,-0.03175278465346487,1.0,31
39.5,290.5,0.03433644997903895,0.8041805463339949,33
39.5,291.5,0.4622615039281719,0.23414498629430602,31
39.5,292.5,1.4670594410600728,0.0241906962991752,32
39.5,293.5,0.7867231506704304,0.34119875170636194,31
39.5,294.5,1.0086863840027385,0.07712890370635712,32
39.5,295.5,1.8339618186254578,0.03849360497181474,30
39.5,296.5,0.22498195116387829,0.6833368087995224,31
39.5,297.5,-0.2089394690980998,0.8162147751081346,33
39.5,298.5,0.3259472526784288,0.6756918645043961,33
39.5,299.5,0.6870039682539681,0.15469367377127763,34
39.5,300.5,0.04636659107678766,0.8821498665400751,34
39.5,301.5,0.07969838850174327,0.8424035124757051,35
39.5,302.5,0.37637867647058815,0.31342462874493326,34
39.5,303.5,1.0661158636931116,0.06883030562898766,29
39.5,304.5,1.3737084692651094,0.010720691059205912,30
39.5,305.5,0.5720528700470493,0.20518573886793912,30
39.5,306.5,0.11614237242622254,0.8659362154363435,29
39.5,307.5,-0.044966620114445764,0.7784259141888469,29
39.5,308.5,0.5155812367432762,0.44087649866088374,25
39.5,309.5,1.5372692106889898,0.012602024939936302,29
39.5,310.5,0.7872320026297528,0.11251453486444042,26
39.5,311.5,0.9424540592615248,0.08107198481664178,29
39.5,312.5,0.3937176778436252,0.35311901773888865,28
39.5,313.5,0.09011262308370926,0.7669644911053035,28
39.5,314.5,0.37241541353383434,0.2605374807313322,26
39.5,315.5,0.7009551559669386,0.04089147382776317,29
39.5,316.5,0.39251609099106366,0.3955862561437876,28
39.5,317.5,0.14948593073593064,0.8326659395181515,23
39.5,318.5,0.16865079365079402,0.7916993472718744,23
39.5,319.5,0.17308518001562118,0.8215254231894769,22
39.5,320.5,0.940817083631243,0.06273522885003777,22
39.5,321.5,-0.10357588973699827,0.7098436764690532,24
39.5,322.5,-0.2869249021549267,0.6505819869583885,21
39.5,323.5,0.5203205144073203,0.1758957490227674,22
39.5,324.5,0.8343700965705234,0.17269436302931984,18
39.5,325.5,0.9682507595805152,0.22843980898867533,14
39.5,326.5,0.5729166666666666,0.24799581483148547,19
39.5,327.5,-0.004121460792268378,1.0,16
39.5,328.5,-0.1820256268905772,0.585735213583062,15
39.5,329.5,-0.2951388888888889,0.32229959587191925,15
39.5,330.5,-0.398856990962254,0.37305311625145265,15
39.5,331.5,0.5011655362946599,0.6693340144640527,13
39.5,332.5,0.09319802989130488,1.0,10
39.5,333.5,0.027564290970090694,1.0,11
39.5,334.5,-0.0234375,1.0,10
39.5,335.5,0.47805664030520345,0.4277105102974643,13
39.5,336.5,0.8610304417894907,0.3036732148994191,12
39.5,337.5,0.5075265023316571,0.8580276569875211,10
39.5,338.5,-0.6626157407407411,1.0,10
39.5,339.5,-0.5782475374182879,0.28313087066234666,10
40.5,118.5,-3.2950687056461527,0.08676817270387562,11
40.5,119.5,-2.83390071557947,0.11475673431864909,12
40.5,120.5,0.5079007864874758,0.5829505577618919,13
40.5,121.5,0.857811543043894,0.4440436396628866,16
40.5,122.5,0.8840428176519257,0.36012164775537825,13
40.5,123.5,0.7605336912402133,0.2322487419840542,17
40.5,124.5,1.4323743386243386,0.20785680345658664,19
40.5,125.5,2.0888728825326295,0.012421845733886543,18
40.5,126.5,0.5468165746073831,0.22641452987944832,27
40.5,127.5,0.4093536877164413,0.2849752678232519,29
40.5,128.5,0.5503975630243786,0.12866108508859356,29
40.5,129.5,-0.2405807115007022,0.7084629632532715,31
40.5,130.5,-0.0834382498461192,0.8584237820523384,32
40.5,131.5,0.7440532854459954,0.14628055684434427,34
40.5,132.5,1.0926495008571173,0.014730025500938448,38
40.5,133.5,0.13017370345744794,0.7715676600867172,39
40.5,134.5,-0.17730343491187112,0.5974854542954886,38
40.5,135.5,-0.1517025729210614,0.8355864341125854,34
40.5,136.5,0.027250529396369506,0.9799402562507286,38
40.5,137.5,0.4751485759138828,0.16063112444447003,36
40.5,138.5,0.9095645940879846,0.019167252043215195,34
40.5,139.5,0.3297325102880638,0.5320609713589797,35
40.5,140.5,-0.0007675766372191358,1.0,41
40.5,141.5,-0.10130168066639729,0.770840345264592,40
40.5,142.5,-0.2801666025183714,0.753082135935896,40
40.5,143.5,-0.16323347263394938,0.7446315154396081,41
40.5,144.5,0.0050081404523873675,1.0,41
40.5,145.5,0.33959548527321193,0.26835952882925296,40
40.5,146.5,1.3305230927511846,0.031127310111324795,40
40.5,147.5,1.2270873066327599,0.022953240882480345,39
40.5,148.5,0.2763970348647763,0.5452829029299784,39
40.5,149.5,-0.015931660020330026,0.9806980673807666,39
40.5,150.5,-0.13830162085976125,0.7348263750767032,39
40.5,151.5,-0.2474890829694374,0.497212088120326,38
40.5,152.5,-0.007387192881803235,0.9910383984121822,41
40.5,153.5,-0.21438623958386774,0.6874625535563468,38
40.5,154.5,0.16071819513226285,0.6874625535563468,38
40.5,155.5,0.02802379082057315,0.9687017187842498,37
40.5,156.5,0.34179303679485984,0.4107427047210993,39
40.5,157.5,0.4214680665460596,0.4881961566987404,37
40.5,158.5,0.2617311917641895,0.4719324011649343,37
40.5,159.5,1.0058929347675238,0.020615013419323234,37
40.5,160.5,0.5472950083977118,0.18651236782914016,37
40.5,161.5,0.12872078398490672,0.7895923705025335,34
40.5,162.5,0.6046561035111908,0.16063112444447003,36
40.5,163.5,0.05039529761240501,0.8918439412522506,31
40.5,164.5,-0.2006256948993726,0.5864526254323217,29
40.5,165.5,-0.2555690544758985,0.570323002920078,32
40.5,166.5,-0.2644230769230773,0.4048758900068208,31
40.5,167.5,-0.21175228249485603,0.2918511202475408,32
40.5,168.5,-0.37916666666666643,0.2686642304239092,30
40.5,169.5,-0.4612499999999997,0.06153857004702124,31
40.5,170.5,-0.49799437032275434,0.15947049705508698,29
40.5,171.5,-0.2579698129250154,0.6238124360692694,25
40.5,172.5,-0.1732891275654368,0.7243397423849234,26
40.5,173.5,-0.48252309733230414,0.14334161203711995,24
40.5,174.5,-0.16059723398658823,0.747106327334731,24
40.5,175.5,-0.5924651467899681,0.15382082239203035,23
40.5,176.5,-0.3544335147113076,0.3668796006462124,22
40.5,177.5,-0.2997607970505616,0.3975873918299724,22
40.5,178.5,-0.8686437221594023,0.06547335845953513,21
40.5,179.5,-0.6086569579288023,0.12371517875173883,19
40.5,180.5,-0.8214353975535167,0.12974504639571688,18
40.5,181.5,-0.18301538615263685,0.6264962743469109,20
40.5,182.5,-0.48673948334274453,0.38118730498775844,21
40.5,183.5,-0.5039671065798721,0.23423926303398213,19
40.5,184.5,0.27982028162055356,0.5829505577618919,13
40.5,185.5,0.6162891986062721,0.28313087066234666,10
40.5,271.5,0.06440412186379954,1.0,11
40.5,273.5,0.6117051052395881,0.640428787412791,11
40.5,274.5,0.5669405725979009,0.4506702853141802,12
40.5,275.5,-0.15906084656084646,0.8580276569875211,10
40.5,276.5,1.3793103448275863,0.16585666034291002,15
40.5,277.5,-0.6859454993993142,0.1373470969847837,16
40.5,278.5,-0.3451751683155038,0.5366482363005154,17
40.5,279.5,-0.02469256933542633,1.0,22
40.5,280.5,-0.12635030864197594,0.8335157043083458,25
40.5,281.5,0.5328152750027749,0.3875143778393141,25
40.5,282.5,-0.14853896103896128,0.7387187313672434,27
40.5,283.5,-0.23792613636363757,0.568058623631595,30
40.5,284.5,0.5262476505565895,0.6936406217837584,29
40.5,285.5,-0.9291437728937729,0.2819046108192158,36
40.5,286.5,0.3752648387903803,0.6572273920607943,25
40.5,287.5,-0.7067727412139111,0.7397638077281241,21
40.5,288.5,0.6360023348182258,0.7916993472718744,23
40.5,289.5,-0.02467672328286774,1.0,24
40.5,290.5,0.5952380952380969,0.3545784475977316,26
40.5,291.5,0.23199728909026823,0.7498121637483278,29
40.5,292.5,-1.0992853063404648,0.1157197552188083,32
40.5,293.5,0.0138888888888881,0.9728828650934778,31
40.5,294.5,0.9111328125,0.06641490832840093,31
40.5,295.5,1.4778484334625321,0.023224244299516375,29
40.5,296.5,0.760838394062078,0.06153857004702124,31
40.5,297.5,0.15500672553631745,0.8650383150743489,31
40.5,298.5,-0.5181561859193432,0.2389927879015219,30
40.5,299.5,0.03971559754098932,0.9728828650934778,31
40.5,300.5,0.05466136690271335,0.8659362154363435,29
40.5,301.5,0.2803435114503827,0.2686642304239092,30
40.5,302.5,-0.27973658519577416,0.3007717594347785,30
40.5,303.5,0.214054632058321,0.7074914603643583,29
40.5,304.5,0.6085369809688584,0.18600402378747005,26
40.5,305.5,1.1457544025293043,0.04105271765334275,27
40.5,306.5,0.4713933270676695,0.21325648747295345,28
40.5,307.5,0.7468751675038852,0.10268972898772688,29
40.5,308.5,1.0645401203636216,0.03506943857189555,31
40.5,309.5,1.2969516594516606,0.021041354840141278,29
40.5,310.5,1.229332010582011,0.01019605386128123,30
40.5,311.5,1.2661464337442006,0.006726327101305731,27
40.5,312.5,0.25985353972635084,0.3955862561437876,28
40.5,313.5,0.398167720526757,0.3917934361895805,30
40.5,314.5,0.5097354774996822,0.19895893109240226,25
40.5,315.5,0.06738349973610114,0.9004590609762644,27
40.5,316.5,0.4269277845777231,0.21100212777492178,27
40.5,317.5,0.3452937999671652,0.47564086973687836,23
40.5,318.5,0.023117647347975723,0.8740921801633091,23
40.5,319.5,0.29414689886118056,0.4555354119407532,20
40.5,320.5,-0.03125,1.0,19
40.5,321.5,-0.8662183020725727,0.4046702444107403,18
40.5,322.5,0.6066103005266866,0.31452486905097243,20
40.5,323.5,0.49517809139784974,0.12728869225659978,20
40.5,324.5,0.345307176769881,0.42848041949799653,15
40.5,325.5,0.42365089589328164,0.511220344688192,14
40.5,326.5,0.25987752059374214,0.6853285557833784,16
40.5,327.5,-0.222155448717948,0.4884223166225936,15
40.5,328.5,0.3384397134397135,0.32229959587191925,15
40.5,329.5,0.22749558861390543,0.5923012814329899,17
40.5,330.5,0.12138672997928208,0.5756369136048027,19
40.5,331.5,0.8376011421175656,0.2735614117247491,14
40.5,332.5,-0.40280468690507165,0.5021582515007486,13
40.5,333.5,-1.0218253968253972,0.5915050369949166,10
40.5,334.5,0.1825818102425615,0.5829505577618919,13
40.5,335.5,0.2740328867561009,0.24638736002924666,13
40.5,337.5,-0.06592105263157855,1.0,10
40.5,338.5,1.274358130348914,0.11947098677170075,11
40.5,341.5,0.14930555555555594,0.8580276569875211,10
40.5,343.5,-0.06127450980391913,0.7554968749288828,11
41.5,119.5,-2.165693770980977,0.2104977000553373,10
41.5,120.5,-3.169417964554243,0.04909798160926558,10
41.5,121.5,-0.7780890902972049,0.5371338571769023,12
41.5,122.5,-0.9668165244274862,0.2996654484343021,13
41.5,123.5,0.8931582264532627,0.24638736002924666,13
41.5,124.5,0.94485945108455,0.23495478370334333,15
41.5,125.5,0.9648809523809518,0.12371517875173883,19
41.5,126.5,0.1482514880952368,0.6494456692174662,18
41.5,127.5,-0.09730895559221846,0.9278177692263682,21
41.5,128.5,0.33303851471841583,0.44193101201121243,24
41.5,129.5,-0.0947113173730938,0.944141999801307,25
41.5,130.5,0.1232587652992912,0.8955329031670437,29
41.5,131.5,0.6060807021390289,0.26847509411971826,28
41.5,132.5,0.4276434822540869,0.22389580114431484,32
41.5,133.5,0.708131671987092,0.12509002072034991,35
41.5,134.5,-0.07177757439773558,0.8870686942118248,35
41.5,135.5,-0.17620623676376657,0.5580781774416292,36
41.5,136.5,-0.28133370744401204,0.6928385117296678,36
41.5,137.5,0.39239024356495056,0.3952543278515894,37
41.5,138.5,0.1580803758531098,0.6471242716513834,37
41.5,139.5,-0.36875000000000036,0.4506605258238301,38
41.5,140.5,-0.061429989987093245,0.8980212621322816,40
41.5,141.5,-0.5293623126400078,0.19591947802979204,40
41.5,142.5,0.0066076195375529495,0.9552145926892925,41
41.5,143.5,0.2668604987539387,0.7334631920155024,36
41.5,144.5,-0.6006692775309803,0.21724725095772912,39
41.5,145.5,-0.6350244487681105,0.14660598578081052,39
41.5,146.5,0.048671274057837804,0.9535453737590693,40
41.5,147.5,0.5380800222607454,0.12385910748901892,41
41.5,148.5,0.7939167941329468,0.04934608596343685,41
41.5,149.5,0.8995427881297442,0.026025935953250253,39
41.5,150.5,1.403312370353298,0.00029379729512467697,38
41.5,151.5,0.36664832220106663,0.47726203508105114,40
41.5,152.5,-0.044048138717354135,0.961407429045934,39
41.5,153.5,-0.20797258297258284,0.6874625535563468,38
41.5,154.5,0.4021942510242435,0.45325103254848365,39
41.5,155.5,0.2576944444444441,0.6660299201417484,37
41.5,156.5,-0.2026549973497643,0.5945442759036267,39
41.5,157.5,-0.25480121293800434,0.6986822359824363,39
41.5,158.5,0.36938684781143566,0.3950329766408668,40
41.5,159.5,0.9819511526477888,0.006131307648371382,38
41.5,160.5,1.0619891860335808,0.009633039019581102,39
41.5,161.5,1.1786217760574895,0.009249356275319622,37
41.5,162.5,0.890970450680272,0.039709797346107266,36
41.5,163.5,0.8812111801242233,0.08317128750194616,35
41.5,164.5,0.7345179906350119,0.10375550597046108,33
41.5,165.5,0.4195978735118919,0.32256351748255707,32
41.5,166.5,0.2595549938725483,0.44957143711045,34
41.5,167.5,0.4831203778794954,0.15854217661892822,33
41.5,168.5,0.36900499741008175,0.37244389624576013,32
41.5,169.5,0.3975657894736848,0.1533785068859166,31
41.5,170.5,0.14273511413565354,0.5864526254323217,29
41.5,171.5,-0.16805102402216474,0.7212260985001633,30
41.5,172.5,-0.2762605042016819,0.4324504235358998,30
41.5,173.5,-0.16846589041608118,0.7973063403989813,28
41.5,174.5,-0.5465349849347173,0.4806051289858302,26
41.5,175.5,-0.590958605664488,0.24521106099767986,23
41.5,176.5,-0.4985241827754205,0.12311042021665178,25
41.5,177.5,-0.49084800728758454,0.12285296541157717,26
41.5,178.5,-0.1851193719495778,0.721176307474874,20
41.5,179.5,-1.0039935809167826,0.09245959511086128,15
41.5,180.5,-0.7611973880020856,0.11328720822235322,15
41.5,181.5,-0.5813244997871436,0.32229959587191925,15
41.5,182.5,-0.2381844400357802,0.7264469840368603,19
41.5,183.5,-0.551716629996333,0.023128868664483767,23
41.5,184.5,-0.4655461052955664,0.3004271167492414,16
41.5,185.5,-0.8310974326599324,0.19821061903884274,15
41.5,186.5,0.0850806451612911,0.8266659696701553,14
41.5,187.5,0.06734266982655082,0.8370114751054462,12
41.5,188.5,-0.4712139076900918,0.4742743507673295,10
41.5,275.5,0.05401724643345736,1.0,12
41.5,276.5,1.059226190476192,0.16112494928905186,11
41.5,277.5,-1.9497776158070717,0.04674494105371118,12
41.5,278.5,0.19560185185185325,0.9640893612679119,16
41.5,279.5,0.2852593774557716,0.7730800663123129,17
41.5,280.5,-0.16995192307692264,0.48410753779266247,19
41.5,281.5,-0.551470588235295,0.1758957490227674,22
41.5,282.5,-0.7490957222732846,0.057229635732857484,23
41.5,283.5,-0.13519472623323914,0.747106327334731,24
41.5,284.5,0.17802079148252226,0.7350804926819566,22
41.5,285.5,-0.0382054848966613,0.9431079616717606,30
41.5,286.5,-0.25390625,0.8326659395181515,23
41.5,287.5,0.7682617187500007,0.24521106099767986,23
41.5,288.5,-0.2140548955483343,0.8335157043083458,25
41.5,289.5,-0.021256795284467542,1.0,29
41.5,290.5,-0.3004629629629629,0.757639735211381,26
41.5,291.5,0.26753333607581675,0.5084542305885602,26
41.5,292.5,-0.3378960055096414,0.568058623631595,30
41.5,293.5,-0.3403347344235303,0.6851751854528196,32
41.5,294.5,0.4432838570912887,0.485610385141812,32
41.5,295.5,0.23817383311444196,0.6341458536966633,31
41.5,296.5,0.43128214751198607,0.44771724277486147,33
41.5,297.5,0.6496421485260774,0.21178693551335692,32
41.5,298.5,0.20862697270071978,0.649540989554171,28
41.5,299.5,0.3933364513171267,0.485610385141812,32
41.5,300.5,-0.04731912144702832,0.8865048064138312,30
41.5,301.5,-0.18155637762472038,0.649540989554171,28
41.5,302.5,-0.007042095684526507,1.0,28
41.5,303.5,0.6450201745718052,0.19618113273857263,27
41.5,304.5,-0.44774436950683594,0.2783473662511158,27
41.5,305.5,-0.005535936808772466,1.0,25
41.5,306.5,0.7732886882467215,0.10707235212149269,25
41.5,307.5,1.2654582973446549,0.0349986294954266,24
41.5,308.5,1.2367121639325593,0.03076709825661944,26
41.5,309.5,0.7448966899671051,0.2389927879015219,30
41.5,310.5,0.7598697916666668,0.29725152529777643,27
41.5,311.5,2.4630097777526707,0.006004807088868415,30
41.5,312.5,1.0425268723608558,0.08107198481664178,29
41.5,313.5,0.2640903965166538,0.7091645038629479,32
41.5,314.5,-0.05892180735930738,0.7827940862749598,32
41.5,315.5,0.2768435212924398,0.2525233839239892,29
41.5,316.5,0.8152415101070447,0.06053600235803501,28
41.5,317.5,0.34718393350576404,0.13840976575205344,28
41.5,318.5,0.0320765853689967,0.8701367570919353,25
41.5,319.5,0.21971525096525113,0.3975873918299724,22
41.5,320.5,-0.58203125,0.3630203849440149,19
41.5,321.5,0.06349206349206327,0.8215254231894769,22
41.5,322.5,0.03201604459226399,1.0,17
41.5,323.5,0.033962964541342205,0.8925584658515614,16
41.5,324.5,-0.020462524755966827,0.9482355090600063,20
41.5,325.5,-0.13986880795066134,0.8711314915971583,20
41.5,326.5,-0.39583333333333304,0.3630203849440149,19
41.5,327.5,-0.22119554399370078,0.7526419827681854,16
41.5,328.5,0.6679135514393814,0.07910921509869843,16
41.5,329.5,0.3582715263820879,0.4440436396628866,16
41.5,330.5,0.8496304456890955,0.12728869225659978,20
41.5,331.5,1.078125,0.03749749081571984,14
41.5,332.5,0.3177506721207216,0.5021582515007486,13
41.5,333.5,0.11122532894736847,0.8925584658515614,16
41.5,334.5,-1.5758928571428568,0.19821061903884274,15
41.5,335.5,0.2570864178589238,0.6921807727218765,15
41.5,336.5,0.7749298771729005,0.03273560958832075,13
41.5,337.5,0.3326292600274497,0.2437222847721744,12
41.5,339.5,0.009963768115941463,1.0,10
41.5,340.5,0.05951534618030895,1.0,10
41.5,341.5,-0.028899564218574494,1.0,10
41.5,343.5,0.5770839041313236,0.5915050369949166,10
42.5,122.5,-1.7399687084625608,0.10740463633025372,10
42.5,123.5,-1.5435109980916266,0.06410357671243591,12
42.5,124.5,-1.1477177878540585,0.2437222847721744,12
42.5,125.5,0.50568879536222,0.25581804946653663,18
42.5,126.5,0.7123724430308692,0.0409545443203829,20
42.5,127.5,0.2830108432951135,0.29056075537876946,21
42.5,128.5,0.27412068260700684,0.6518692807184261,22
42.5,129.5,0.11853132476076553,0.9741177473553713,20
42.5,130.5,0.9243556405925457,0.057229635732857484,23
42.5,131.5,0.1988485580610527,0.6277372683701176,26
42.5,132.5,1.2076800110890735,0.020804548046859103,28
42.5,133.5,0.8609665517315901,0.29327072669776233,25
42.5,134.5,0.6714665032679756,0.2373017786499999,29
42.5,135.5,0.7227705885123183,0.12708915957764977,36
42.5,136.5,-0.2811100084751629,0.546208417913761,38
42.5,137.5,-0.2721004444529552,0.497212088120326,38
42.5,138.5,0.43299485426682716,0.3335023015339059,36
42.5,139.5,0.008090888934711583,0.9687017187842498,37
42.5,140.5,-0.5200050823663697,0.3971171572571701,39
42.5,141.5,-0.29447315925329676,0.6808572133380827,39
42.5,142.5,-0.08027881124381812,0.9229050934914809,39
42.5,143.5,-0.0648412471563635,0.927053855932963,37
42.5,144.5,0.2346261715024276,0.685150206155831,37
42.5,145.5,-0.6006350629998374,0.31453469858619243,38
42.5,146.5,-0.4386977738133566,0.4829170444568124,39
42.5,147.5,0.3158511846442623,0.5820690716517367,41
42.5,148.5,0.2794913419913416,0.27848056798213805,42
42.5,149.5,0.5535670123084823,0.09421734525006324,41
42.5,150.5,0.32357510265496353,0.23011737495822138,40
42.5,151.5,0.023864977041791136,0.8845825962766167,39
42.5,152.5,-0.04991379310344657,0.8405809140670598,38
42.5,153.5,-0.2885656010656012,0.5452829029299784,39
42.5,154.5,0.23379678404487425,0.6284436367082953,37
42.5,155.5,0.35097687400318883,0.4506605258238301,38
42.5,156.5,-0.43529737608202307,0.18028794638930246,40
42.5,157.5,0.014463699906032362,0.990704029723175,40
42.5,158.5,-0.3261222338903593,0.5058095998939522,39
42.5,159.5,-0.016462690450633807,0.9687017187842498,37
42.5,160.5,0.5767733773622384,0.09386166319420307,36
42.5,161.5,0.3929292929292932,0.15911527765643207,38
42.5,162.5,0.6670443137942239,0.013754506203426638,33
42.5,163.5,0.5272088882697784,0.05667450273392113,33
42.5,164.5,0.3470972928817555,0.2992115611491839,33
42.5,165.5,0.522344322344322,0.13051014968251043,34
42.5,166.5,0.4799614224244315,0.153984399663931,37
42.5,167.5,0.7230130022148796,0.01260990321056966,33
42.5,168.5,0.5593023439735045,0.22093012126147427,33
42.5,169.5,0.275852235845544,0.570323002920078,32
42.5,170.5,0.3909130003367023,0.2992115611491839,33
42.5,171.5,0.47560504291273387,0.22104956212356597,31
42.5,172.5,-0.16307956551605884,0.6661517985372294,29
42.5,173.5,-0.06720430107526987,0.9004590609762644,27
42.5,174.5,-0.49568602693602737,0.1411929728237963,25
42.5,175.5,0.04734520927014853,0.9158665384265181,23
42.5,176.5,0.13339932388626455,0.7913957365052897,26
42.5,177.5,-0.45861619441164914,0.21100212777492178,27
42.5,178.5,-0.2788073187576015,0.5593049468922573,25
42.5,179.5,0.11553030303030293,0.7115714636761059,23
42.5,180.5,-0.16472251285635764,0.5444860568259107,18
42.5,181.5,-0.05471458269920174,0.6946444974614776,21
42.5,182.5,0.01783014934075944,0.9671423309063722,17
42.5,183.5,-0.2472986605371856,0.4338268403653006,17
42.5,184.5,0.0928308823529278,1.0,18
42.5,185.5,-0.33333333333333354,0.3975873918299724,22
42.5,186.5,0.2061759412556634,0.6494456692174662,18
42.5,187.5,-0.18957921607378114,0.6504631229507133,17
42.5,188.5,-0.8764610770034954,0.1373470969847837,16
42.5,189.5,-1.3217025985858433,0.24638736002924666,13
42.5,190.5,-1.6446314102564106,0.012731364269923499,11
42.5,276.5,-0.09821428571428521,1.0,10
42.5,277.5,-3.160714285714286,0.08676817270387562,11
42.5,278.5,-2.22936184196836,0.01237158120452431,13
42.5,279.5,-1.0433856419154577,0.6206907170753546,15
42.5,280.5,-0.04436796954674553,0.9671423309063722,17
42.5,281.5,-0.25580538756311066,0.26035056965599135,16
42.5,282.5,0.7224450013756645,0.19412668587809967,21
42.5,283.5,-1.0092787114845945,0.15382082239203035,23
42.5,284.5,0.24013723544973595,0.7730800663123129,17
42.5,285.5,0.06659505969398327,0.975910003234818,21
42.5,286.5,-0.9613515636150041,0.33335824348826115,24
42.5,287.5,-1.0328870851158165,0.12899601166748725,25
42.5,288.5,-1.0982136051281144,0.1724913614849527,24
42.5,289.5,-0.33441449927078376,0.6726109872286647,23
42.5,290.5,-0.06118421052631362,0.964838162737043,26
42.5,291.5,0.8258928571428571,0.14448704057062542,27
42.5,292.5,0.3445322039072024,0.37397976795469223,28
42.5,293.5,0.6053253811405994,0.2227402060902387,29
42.5,294.5,0.37781032795881525,0.5633463699559165,31
42.5,295.5,0.5008627976356734,0.33300968343191173,28
42.5,296.5,-0.4926880029253451,0.4418455025304515,29
42.5,297.5,1.0674999999999997,0.03527027770400416,30
42.5,298.5,0.8183359024211428,0.06615731170562118,28
42.5,299.5,0.7150354648087456,0.1989481007752456,30
42.5,300.5,0.06623635682841267,0.802761791874143,30
42.5,301.5,-0.4540238569084221,0.29198463590975887,31
42.5,302.5,0.1710144927536234,0.8383870987564421,31
42.5,303.5,-0.05098071674217399,0.9551233832161916,29
42.5,304.5,-0.4559562896945471,0.2849752678232519,29
42.5,305.5,-0.46591855429713624,0.4282542252410364,27
42.5,306.5,0.24641788169748724,0.3853099749909059,24
42.5,307.5,0.35778099528099566,0.22441148378657239,23
42.5,308.5,0.9150840602696277,0.16168621659204063,19
42.5,309.5,0.4879942865135751,0.3376949763722794,22
42.5,310.5,0.08936238268496183,0.9213108861184411,28
42.5,311.5,-0.18044604831626843,0.7669644911053035,28
42.5,312.5,0.16104911237060593,0.7073824349601937,28
42.5,313.5,0.9582492786580588,0.054000651353365896,30
42.5,314.5,0.7422341298848972,0.07712890370635712,32
42.5,315.5,0.28292648176291846,0.45455525621868176,31
42.5,316.5,0.6339606782055252,0.1856070821521849,28
42.5,317.5,0.4262842354620986,0.10287454664474686,26
42.5,318.5,-0.00390625,1.0,25
42.5,319.5,-0.17494713930348632,0.6374381847429542,24
42.5,320.5,0.2611279651107292,0.49946120310401465,16
42.5,321.5,-0.5340894666389714,0.4487180156191449,18
42.5,322.5,0.3192657876065046,0.6504631229507133,17
42.5,323.5,-0.07267559362495762,0.8368197050512747,17
42.5,324.5,-0.11898478927025813,0.7702877264736667,20
42.5,325.5,-0.09765003882333638,0.5259924856094209,21
42.5,326.5,-0.08260497595264482,0.5535880654873966,22
42.5,327.5,0.2022355097934059,0.6930118863702326,22
42.5,328.5,1.739309210526316,0.009627402393078913,19
42.5,329.5,1.5025252525252528,0.06003829090957912,15
42.5,330.5,1.418151048825358,0.022821503671488087,15
42.5,331.5,0.966546909728272,0.2001281176786024,13
42.5,333.5,0.20477052563615677,0.8547770980655479,13
42.5,334.5,-0.22423935808898499,0.6312218204782533,12
42.5,335.5,-0.3068679217401409,0.4506702853141802,12
42.5,336.5,-0.13141525549613803,0.8218916912511594,16
42.5,337.5,-0.14762931034482746,0.7205147871362552,10
42.5,342.5,0.10416666666666666,0.640428787412791,11
42.5,343.5,0.74671052631579,0.11947098677170075,11
42.5,344.5,0.44752275910364175,0.28313087066234666,10
43.5,123.5,-0.15238556662975355,1.0,11
43.5,124.5,-2.3236787418736613,0.03352416523500472,12
43.5,125.5,-1.979375057881994,0.15240628395674932,10
43.5,126.5,1.2648809523809514,0.03749749081571984,14
43.5,127.5,0.5071910855066353,0.20575410127305516,20
43.5,128.5,0.2884247435735416,0.6117600292546322,22
43.5,129.5,0.053109199911406356,0.7702877264736667,20
43.5,130.5,0.3317658233116234,0.5593049468922573,25
43.5,131.5,0.4164438502673804,0.6168456628672252,27
43.5,132.5,0.5091296966000483,0.5593049468922573,25
43.5,133.5,0.6861511711500862,0.39860638537703863,29
43.5,134.5,1.0745613378447163,0.06909725970750502,35
43.5,135.5,0.6360475611553208,0.2766963536434416,31
43.5,136.5,0.12037851691754431,0.8383870987564421,31
43.5,137.5,-0.15013458828358653,0.7540675143570155,36
43.5,138.5,0.5147868170565533,0.28942248603022047,37
43.5,139.5,0.33418758832361783,0.4101196678534941,35
43.5,140.5,0.1089969286956427,0.7628611639449314,38
43.5,141.5,-0.3010624832127419,0.661353237644444,41
43.5,142.5,-0.33982218381280155,0.4081104204610595,40
43.5,143.5,-0.5435587715982556,0.3788412517838009,38
43.5,144.5,-0.16226039636127426,0.7901381702817245,39
43.5,145.5,-0.2091593780369294,0.7348263750767032,39
43.5,146.5,-0.5392456661206997,0.19538604457720776,37
43.5,147.5,-0.23398009494998026,0.4658973881161266,38
43.5,148.5,0.1960447977935151,0.4791861756075628,41
43.5,149.5,0.738417557663396,0.005530845036846027,42
43.5,150.5,0.574784239212748,0.04383878716210917,40
43.5,151.5,0.43021978021978136,0.05036786813108444,34
43.5,152.5,0.38244047619047655,0.29818612881587525,39
43.5,153.5,0.11442647539279467,0.8405809140670598,38
43.5,154.5,-0.08767624957784952,0.7248282628697524,38
43.5,155.5,0.05078494302632248,0.7982398124572034,35
43.5,156.5,-0.10477851290346894,0.9055957937612324,34
43.5,157.5,-0.034684727353098625,0.8999543235867821,38
43.5,158.5,-0.11237916219119286,0.6099979618746088,37
43.5,159.5,-0.16459437669572957,0.7547126102355206,35
43.5,160.5,-0.3246426021243044,0.4515990698027619,35
43.5,161.5,-0.5886513219582069,0.06906956114125581,37
43.5,162.5,-0.04549462882796205,0.8650383150743489,31
43.5,163.5,0.17923060697146848,0.5406231028187142,31
43.5,164.5,0.10301625939231629,0.757996646747342,32
43.5,165.5,0.2782151347487432,0.6309950399173054,33
43.5,166.5,0.02259259259258073,0.9715358738879935,30
43.5,167.5,0.3628267119236116,0.2712871157829412,33
43.5,168.5,0.22744514472455685,0.4754490495282657,30
43.5,169.5,0.21997912546693085,0.5865203757130351,31
43.5,170.5,0.08468789654964089,0.7596537518193331,31
43.5,171.5,-0.006248755983342076,0.9850341097366097,29
43.5,172.5,-0.11596155925605568,0.6391042707127212,29
43.5,173.5,-0.00019719050480815348,0.9824105383022613,26
43.5,174.5,-0.367855033081285,0.22814629250030505,28
43.5,175.5,-0.20266668981878938,0.537126940170827,26
43.5,176.5,0.30027997315083993,0.37795959996135176,26
43.5,177.5,-0.2542026606924109,0.4719390404163103,24
43.5,178.5,-0.352941176470587,0.2673270197885057,23
43.5,179.5,-0.1074165575432054,0.6345102928818573,23
43.5,180.5,0.3058769580430336,0.4555354119407532,20
43.5,181.5,0.09510869565217366,0.7264469840368603,19
43.5,182.5,-0.3472222222222222,0.5526151250628484,15
43.5,183.5,-0.3567702695430697,0.7425568219265776,14
43.5,184.5,-0.04204635558540153,0.9211586502250249,15
43.5,185.5,-0.5593810270009648,0.03766692222862868,15
43.5,186.5,-0.2169264775119093,0.1629844132966407,20
43.5,187.5,-0.492757495693748,0.2322487419840542,17
43.5,188.5,-0.10115131578947345,0.8337352412499334,19
43.5,189.5,0.1126945845016502,0.7526419827681854,16
43.5,190.5,0.1622410824424342,0.5526151250628484,15
43.5,276.5,-0.05466331269349818,1.0,10
43.5,277.5,0.2569444444444443,0.8762696636277617,11
43.5,278.5,0.22321428571428573,0.8762696636277617,11
43.5,279.5,-0.4057249663978499,0.8547770980655479,13
43.5,280.5,-0.10770419714385089,0.8430852292699837,15
43.5,281.5,-0.00394315417674962,1.0,17
43.5,282.5,1.1548317307692297,0.004980167993106352,21
43.5,283.5,0.26103376364750414,0.7618733947779845,18
43.5,284.5,-0.3863487534334572,0.4622499461255427,19
43.5,285.5,-0.14369847531134589,0.7857971061789661,21
43.5,286.5,0.5118534482758621,0.29077716928272723,23
43.5,287.5,0.17551101800226904,0.8090237939476542,21
43.5,288.5,-0.2620243870492148,0.69134204811853,25
43.5,289.5,-0.1674952780516037,0.9101956836196836,22
43.5,290.5,-0.9427751068376067,0.4130458869045295,24
43.5,291.5,1.137397530284044,0.12557019892294263,23
43.5,292.5,0.11763649425287367,0.7703961609830144,27
43.5,293.5,0.29669598102398886,0.537126940170827,26
43.5,294.5,0.3620304426756043,0.478451739086175,27
43.5,295.5,0.459793986522428,0.5283124685330474,25
43.5,296.5,0.08685518451143319,0.8383870987564421,31
43.5,297.5,-0.248623462330557,0.5937387052742729,28
43.5,298.5,-0.19065334467120576,0.7973063403989813,28
43.5,299.5,0.8255333264068809,0.4719390404163103,24
43.5,300.5,0.16517857142857162,0.7913957365052897,26
43.5,301.5,0.1789941138139644,0.7849697273207377,24
43.5,302.5,-0.07702416072812154,0.9252757299002273,29
43.5,303.5,0.775018472029342,0.10287454664474686,26
43.5,304.5,0.4308482343279133,0.4179302333168975,28
43.5,305.5,-0.12643365598863454,0.80246135962087,27
43.5,306.5,-0.47930648786721936,0.5593049468922573,25
43.5,307.5,0.03895435354374332,0.964838162737043,26
43.5,308.5,0.8334860703812318,0.11305101958707045,23
43.5,309.5,0.8954674051188374,0.06441101325280983,20
43.5,310.5,0.46144419306183854,0.4487180156191449,18
43.5,311.5,0.8768403905122656,0.07212432275983505,25
43.5,312.5,0.8413153971265928,0.11763382782129739,25
43.5,313.5,0.5318433355332498,0.29327072669776233,25
43.5,314.5,0.40019937293967645,0.4179302333168975,28
43.5,315.5,0.45654034223988016,0.34457761884916804,33
43.5,316.5,0.4437830687830697,0.372365302198027,30
43.5,317.5,0.6411387402860304,0.23361300135229124,25
43.5,318.5,0.7986659962059389,0.21568869559132287,21
43.5,319.5,0.5745130906768834,0.29077716928272723,23
43.5,320.5,0.789401059923216,0.09156134116183033,24
43.5,321.5,0.3392857142857153,0.40110257289194073,19
43.5,322.5,0.5177377968731344,0.4487180156191449,18
43.5,323.5,-0.19850892388848512,0.5923012814329899,17
43.5,324.5,0.08370114255159936,0.9671423309063722,17
43.5,325.5,-0.051288877792601,0.9396136982356221,18
43.5,326.5,0.15435655715444477,0.6504631229507133,17
43.5,327.5,-0.08145935633640121,0.8711314915971583,20
43.5,328.5,0.35511424543789805,0.41730416562740436,20
43.5,329.5,0.1736435976972951,0.5923012814329899,17
43.5,330.5,0.3837343872593869,0.6504631229507133,17
43.5,331.5,1.1644373624358033,0.07685087226788877,13
43.5,332.5,0.9928672453936411,0.04776124267510367,15
43.5,333.5,1.774826188962647,0.0995087321591697,13
43.5,334.5,0.5138006907308379,0.6693340144640527,13
44.5,123.5,-0.5490253809546708,0.7205147871362552,10
44.5,124.5,-1.018124684219655,0.28313087066234666,10
44.5,126.5,0.3370143996286226,0.4277105102974643,13
44.5,127.5,-0.01418517839674534,1.0,19
44.5,128.5,0.12938596491228083,0.7264469840368603,19
44.5,129.5,0.5973940455758964,0.10754282889930056,19
44.5,130.5,0.3704328305392135,0.3975873918299724,22
44.5,131.5,0.07291200179131219,0.9578745987779059,23
44.5,132.5,-0.38476337585259923,0.12291053975401948,27
44.5,133.5,-0.40065575509049767,0.31062506239573384,26
44.5,134.5,-0.04796355361954594,0.9611987334080325,32
44.5,135.5,0.513372403037603,0.4418455025304515,29
44.5,136.5,-0.08533615956013252,0.8701367570919353,25
44.5,137.5,-0.44998631114220156,0.32013656844448835,29
44.5,138.5,0.5415437307781696,0.326634122741402,37
44.5,139.5,0.5845099643671202,0.30698585474987417,36
44.5,140.5,0.7596201957210942,0.22196368922508947,35
44.5,141.5,-0.07558756104027878,0.8612638836213089,40
44.5,142.5,0.1517729455173796,0.5614764462408652,39
44.5,143.5,-0.3327910469107553,0.513279941352429,38
44.5,144.5,-0.14961583161157063,0.6457450970456375,39
44.5,145.5,0.011175775978407604,0.942139359457642,39
44.5,146.5,-0.39863246264905816,0.3952543278515894,37
44.5,147.5,0.4736071191306056,0.31075456042524163,40
44.5,148.5,0.43344796700899446,0.3331693388353718,39
44.5,149.5,0.7756458994302634,0.01107437281616964,39
44.5,150.5,1.3647953464047968,1.4971336725321064e-05,37
44.5,151.5,0.7458389189039096,0.015537886169473053,37
44.5,152.5,0.36604405945610236,0.3668216928826443,37
44.5,153.5,0.14511785998057805,0.6284746536839203,39
44.5,154.5,-0.282412695393081,0.23825744188756015,41
44.5,155.5,0.033366712544701554,0.9349988039705048,40
44.5,156.5,0.06242646905713836,0.7835801504291398,37
44.5,157.5,-0.1655602260555527,0.5952698888863501,36
44.5,158.5,-0.27369185800344925,0.37375236607181783,34
44.5,159.5,-0.3111321831364127,0.3278699729277641,34
44.5,160.5,-0.02288023086543832,1.0,35
44.5,161.5,-0.056052266893435274,0.9546999508650751,35
44.5,162.5,-0.08503401360544198,0.8037485428824773,37
44.5,163.5,-0.07361111111111107,0.7547126102355206,35
44.5,164.5,-0.17243330258932799,0.6381570271128183,32
44.5,165.5,-0.15752206998934726,0.570323002920078,32
44.5,166.5,-0.04981162424202254,0.9457970432721066,31
44.5,167.5,-0.09697552201381715,0.7973063403989813,28
44.5,168.5,-0.10848363240559877,0.734584455364641,30
44.5,169.5,0.05291005291005273,0.8675468701977536,27
44.5,170.5,0.12361606857720861,0.6125283803487117,29
44.5,171.5,-0.07888617509157725,0.8659362154363435,29
44.5,172.5,-0.1959151654988014,0.37397976795469223,28
44.5,173.5,-0.31746794871794803,0.2535263593015791,30
44.5,174.5,0.09161211668493618,0.7073824349601937,28
44.5,175.5,-0.23755935892362484,0.5864526254323217,29
44.5,176.5,0.13790924230430274,0.6919741721987265,27
44.5,177.5,0.2683423913043469,0.537126940170827,26
44.5,178.5,0.0003537395696648657,1.0,24
44.5,179.5,0.08520507812499967,0.7243397423849234,26
44.5,180.5,-0.15277634441565255,0.6946444974614776,21
44.5,181.5,-0.06870629370629544,1.0,18
44.5,182.5,-0.22137380593262945,0.4338268403653006,17
44.5,183.5,-0.6477312711918616,0.02853906357036244,14
44.5,184.5,0.017133573206459602,0.9211586502250249,15
44.5,185.5,-0.20411659465298435,0.7425568219265776,14
44.5,186.5,-0.15625,0.511220344688192,14
44.5,187.5,-0.15402230187176363,0.7205147871362552,10
44.5,188.5,-1.223953736393056,0.04296014602842502,11
44.5,189.5,-0.027922453703704164,0.8925584658515614,16
44.5,190.5,0.33799742009725714,0.5915050369949166,10
44.5,279.5,-0.4549131908773373,0.1843509512097482,11
44.5,280.5,0.8215781382527565,0.4362749288405292,11
44.5,281.5,-1.0168231428228727,0.6693340144640527,13
44.5,282.5,-2.3389571319450146,0.023987534464426946,13
44.5,283.5,0.1242434403934706,0.9513521309544037,13
44.5,284.5,-0.4585848092120462,0.5923012814329899,17
44.5,285.5,-0.442570869990225,0.511220344688192,14
44.5,286.5,-0.27408596521674916,0.9211586502250249,15
44.5,287.5,-0.06882440476190539,0.9442166279919116,19
44.5,288.5,-0.5833333333333334,0.2593548928200182,22
44.5,289.5,-0.47222222222222265,0.7513001501987963,23
44.5,290.5,-0.6515648864312168,0.23361300135229124,25
44.5,291.5,-0.9835432582165214,0.4956627244900297,20
44.5,292.5,1.273674242424243,0.20490442371975082,23
44.5,293.5,2.04306632213609,0.01947017591308907,26
44.5,294.5,0.47064714553951253,0.37397976795469223,28
44.5,295.5,1.8239917077758596,0.020804548046859103,28
44.5,296.5,0.19047619047619077,0.649540989554171,28
44.5,297.5,0.022576974785846436,0.9850341097366097,29
44.5,298.5,-0.08338585434173612,0.8659362154363435,29
44.5,299.5,0.004472657261667123,1.0,27
44.5,300.5,0.08216471876156332,0.9335433162568849,27
44.5,301.5,-0.2916030583948809,0.7498121637483278,29
44.5,302.5,0.3788480063979449,0.5968073797467659,26
44.5,303.5,0.2397959183673457,0.6915533638570888,26
44.5,304.5,0.532785082759072,0.2900579790352388,26
44.5,305.5,0.9802609026719431,0.10104860561904867,28
44.5,306.5,0.4296671764770732,0.4806051289858302,26
44.5,307.5,-0.15967150000928754,0.757639735211381,26
44.5,308.5,0.9528033660537695,0.015326503672473778,26
44.5,309.5,1.4040565436228039,0.020063245949788807,21
44.5,310.5,0.6754557291666667,0.15382082239203035,23
44.5,311.5,0.7783605593939826,0.18666052241558184,23
44.5,312.5,0.3024817850637522,0.6433750863828368,26
44.5,313.5,0.9765625,0.0706988181459461,26
44.5,314.5,0.20834161931818185,0.8600328045734927,26
44.5,315.5,0.2539272847325507,0.5924901808547871,30
44.5,316.5,0.36075152822725665,0.48926508700643856,28
44.5,317.5,0.5649973514408728,0.18311229220036362,25
44.5,318.5,0.953786342458014,0.06547335845953513,21
44.5,319.5,0.8024897844574512,0.2629105671183505,19
44.5,320.5,0.6509654079211238,0.31452486905097243,20
44.5,321.5,1.3690813215530113,0.003361532188057782,22
44.5,322.5,1.0861070458417372,0.0057817984784566115,17
44.5,323.5,0.38146663255824914,0.4046702444107403,18
44.5,324.5,-0.014794685990338508,1.0,18
44.5,325.5,-0.3339048650874554,0.6494456692174662,18
44.5,326.5,-0.1995798319327724,0.37305311625145265,15
44.5,327.5,-0.2565334133199748,0.2735614117247491,14
44.5,328.5,0.07894270347826407,0.8368197050512747,17
44.5,329.5,0.6114900313406021,0.4837557864964521,17
44.5,330.5,0.9663577291975195,0.3030965324675493,17
44.5,331.5,0.9079950070081986,0.3244236905215787,14
44.5,332.5,0.8697023050062115,0.1546297519658153,14
44.5,333.5,0.740203032537799,0.052871592614987556,16
44.5,334.5,1.2058928455761726,0.03273560958832075,13
44.5,335.5,2.049632352941176,0.06170669002831271,11
44.5,336.5,-0.10967548076923075,1.0,10
44.5,339.5,0.6841856060606055,1.0,10
44.5,341.5,0.06103263673890613,0.8580276569875211,10
44.5,342.5,-0.08266129032258096,1.0,11
45.5,126.5,0.24379392530871444,0.8370114751054462,12
45.5,127.5,0.13931010649050007,0.7317017232242102,12
45.5,128.5,-0.1979688618468148,0.8430852292699837,15
45.5,129.5,0.18952210140863204,0.48410753779266247,19
45.5,130.5,0.4990530303030307,0.40110257289194073,19
45.5,131.5,0.3058963088712993,0.5259924856094209,21
45.5,132.5,-0.26171874999999956,0.46346928023769907,22
45.5,133.5,-0.2809963403793324,0.38103238548434304,20
45.5,134.5,-0.03992327920348683,0.9012978441563574,24
45.5,135.5,0.344316537643451,0.5084542305885602,26
45.5,136.5,0.395800983861648,0.33300968343191173,28
45.5,137.5,-0.09877929869019454,0.8955329031670437,29
45.5,138.5,0.01420869747953624,0.9763470765264379,34
45.5,139.5,0.7457622060184903,0.030332424083268653,36
45.5,140.5,0.1918174342105261,0.6495079756621349,35
45.5,141.5,0.1666186957585294,0.44771724277486147,33
45.5,142.5,0.5515015382149666,0.12376498707129498,36
45.5,143.5,0.5772102231998021,0.08365644321423488,36
45.5,144.5,-0.4017214118020571,0.294266104304963,36
45.5,145.5,-0.12372921706253706,0.7248282628697524,38
45.5,146.5,0.1761496626738257,0.6457450970456375,39
45.5,147.5,0.6399816657936093,0.15469367377127763,34
45.5,148.5,0.40906257015411995,0.440783366600357,34
45.5,149.5,0.7985258681289521,0.06279476272993412,38
45.5,150.5,0.6271141336487283,0.19137178961561363,35
45.5,151.5,0.5350651927487846,0.1449961562134987,36
45.5,152.5,0.38637981242678243,0.30698585474987417,36
45.5,153.5,0.22035424351665556,0.35220493219511184,38
45.5,154.5,-0.5493698255470134,0.07839650345012887,38
45.5,155.5,-0.3953238135020033,0.31389928595925765,37
45.5,156.5,0.1632702446611114,0.5738490427115428,37
45.5,157.5,-0.09011833740094569,0.7668567682388833,34
45.5,158.5,-0.1238174124369021,0.7215623759883523,33
45.5,159.5,0.10160711529557045,0.6352273936721516,34
45.5,160.5,0.006506219614429589,0.9870617094920746,32
45.5,161.5,-0.04643769911919019,0.9382480146046129,33
45.5,162.5,-0.38507270168855556,0.2619630008374654,31
45.5,163.5,-0.15746100713012426,0.54850039361213,32
45.5,164.5,-0.23434037450381412,0.3386829866956895,32
45.5,165.5,-0.5296852117895119,0.00992544145265846,32
45.5,166.5,-0.19208826431590095,0.44771724277486147,33
45.5,167.5,-0.513451825951826,0.1315212224059174,32
45.5,168.5,-0.11566276399325073,0.9252757299002273,29
45.5,169.5,-0.40072369710031336,0.10268972898772688,29
45.5,170.5,-0.740171370967742,0.01308391989517775,31
45.5,171.5,-0.23480446866246574,0.4282542252410364,27
45.5,172.5,-0.22155251842751852,0.4536084832864735,26
45.5,173.5,-0.20460726859988596,0.33873831133439525,29
45.5,174.5,-0.18476767797419963,0.4343114428562501,31
45.5,175.5,0.2511862818043884,0.3853099749909059,24
45.5,176.5,0.17124383114891445,0.3136549364605332,28
45.5,177.5,0.173060444299193,0.5283124685330474,25
45.5,178.5,0.3032041507640295,0.3155727359639028,23
45.5,179.5,-0.10876515725653708,0.7916993472718744,23
45.5,180.5,0.010005482456140314,1.0,19
45.5,181.5,0.23223805816579096,0.4440436396628866,16
45.5,182.5,-0.0946044921875,0.8266659696701553,14
45.5,183.5,-0.09548773148638277,0.5021582515007486,13
45.5,184.5,0.14577518205760517,0.5371338571769023,12
45.5,185.5,-0.21484375,0.1546297519658153,14
45.5,186.5,-0.4386330948394982,0.16112494928905186,11
45.5,283.5,-2.1261482370773743,0.11475673431864909,12
45.5,284.5,-1.10688661365709,0.19821061903884274,15
45.5,285.5,-0.5295415679644079,0.2660517601229595,17
45.5,286.5,0.46263744956568664,0.6206907170753546,15
45.5,287.5,1.372939944362122,0.4277105102974643,13
45.5,288.5,-0.29320619327610603,0.3004271167492414,16
45.5,289.5,-0.6473214285714286,0.23628916450237403,22
45.5,290.5,-0.5593213011145022,0.38118730498775844,21
45.5,291.5,-1.47228053547808,0.1389668939567334,21
45.5,292.5,0.3386238929534085,0.9158665384265181,23
45.5,293.5,0.5080581761006305,0.5612202073936174,23
45.5,294.5,0.3821123709577302,0.44087649866088374,25
45.5,295.5,0.8555912863462354,0.06283881974106821,24
45.5,296.5,0.3870536343155505,0.2437621921734151,28
45.5,297.5,0.7779634738728538,0.19618113273857263,27
45.5,298.5,0.23157051282051277,0.6593353383597195,26
45.5,299.5,-0.2727329911433182,0.4647845151096839,28
45.5,300.5,-0.20108644419306348,0.6593353383597195,26
45.5,301.5,-0.6508982095128992,0.11083858110212827,29
45.5,302.5,0.44087227547456964,0.22814629250030505,28
45.5,303.5,1.2395997607265206,0.04728488016768845,26
45.5,304.5,0.4299553054873128,0.5402386775632395,28
45.5,305.5,0.10947712418300762,0.7339104943970113,31
45.5,306.5,1.0392322372284202,0.05512169907077396,27
45.5,307.5,0.820704777464248,0.13391892014731072,26
45.5,308.5,0.5469855542452828,0.12291053975401948,27
45.5,309.5,0.7007189912832337,0.1574056639748741,24
45.5,310.5,1.006981243899034,0.03692007316250187,22
45.5,311.5,0.26918689738291923,0.7972523796379414,25
45.5,312.5,-0.5702253524777108,0.6277372683701176,26
45.5,313.5,-0.6334339886256285,0.31452486905097243,20
45.5,314.5,0.2887735604453195,0.5144236588926046,28
45.5,315.5,-0.08416914162052334,0.8900067739861677,28
45.5,316.5,0.3120693616018924,0.39860638537703863,29
45.5,317.5,0.24333149677998317,0.566590311939465,26
45.5,318.5,0.7793233733006601,0.03827422971644749,26
45.5,319.5,0.10015621785921008,0.6732623633112398,24
45.5,320.5,-0.177950310559006,0.8215254231894769,22
45.5,321.5,0.839942532062308,0.14334161203711995,24
45.5,322.5,0.5599714633113417,0.2389242185787459,21
45.5,323.5,0.7244979707140462,0.08144297973908005,18
45.5,324.5,0.7316987203018479,0.06904431984775117,18
45.5,325.5,0.33979918041612034,0.26035056965599135,16
45.5,326.5,0.3862847222222232,0.16168621659204063,19
45.5,327.5,0.3573224316975653,0.1081613547799688,17
45.5,328.5,-0.1031525732320783,0.7425568219265776,14
45.5,329.5,0.21162431318681288,0.36331590966639116,18
45.5,330.5,0.13608936772352723,0.5812547604118179,20
45.5,331.5,0.4240000000000002,0.44148821101397295,19
45.5,332.5,0.9964914118419838,0.05286114843849683,17
45.5,333.5,0.2341847966847964,0.5583509093759852,16
45.5,334.5,-0.09371590909090877,0.4884223166225936,15
45.5,335.5,0.4426316481723786,0.3726914904715183,12
45.5,336.5,1.4088636363636375,0.37109336952269756,10
45.5,337.5,0.46936274509803927,0.27575784782750934,11
45.5,338.5,0.17830882352941155,0.5334165134726944,11
45.5,339.5,0.3889860139860141,0.37109336952269756,10
45.5,342.5,-0.23637820512820537,0.8762696636277617,11
46.5,126.5,0.34510869565217384,0.7554968749288828,11
46.5,127.5,-0.2855859673414822,0.5371338571769023,12
46.5,128.5,-0.3834745768444341,0.3726914904715183,12
46.5,129.5,-0.1837324227754728,0.8266659696701553,14
46.5,130.5,-0.9941489361702125,0.013347575926843162,15
46.5,131.5,-0.6891416050627241,0.22413430196016682,16
46.5,132.5,-0.9457986523979395,0.0798019286423907,14
46.5,133.5,-0.43316972551692373,0.14429205544010523,20
46.5,134.5,-0.18342543618278892,0.3630203849440149,19
46.5,135.5,0.23870076577060467,0.11188667489678761,20
46.5,136.5,0.22659249944377277,0.41989889923791546,29
46.5,137.5,0.7268211151864055,0.18675613776082567,30
46.5,138.5,-0.204984944030162,0.6782246933005027,28
46.5,139.5,-0.12163919049111338,0.7215623759883523,33
46.5,140.5,0.19699443041637055,0.614239541598542,34
46.5,141.5,0.27909582533343247,0.5876087946102937,33
46.5,142.5,0.2107582773481098,0.495448439184329,35
46.5,143.5,0.2398735967688686,0.5252517359771474,33
46.5,144.5,-0.12504451897612967,0.8584237820523384,32
46.5,145.5,-0.04051577706542835,0.9136301036401862,33
46.5,146.5,0.5204175919610352,0.08864074661698312,36
46.5,147.5,0.23469884525839146,0.45597179082236294,37
46.5,148.5,0.20428703807775658,0.6284436367082953,37
46.5,149.5,0.656491645709103,0.05168804975531464,40
46.5,150.5,0.7021823152337859,0.09378345200874334,35
46.5,151.5,0.8836011572783049,0.08024188634387087,34
46.5,152.5,0.22902551387797843,0.39416640444789575,35
46.5,153.5,0.5065496619031074,0.0774547606082352,37
46.5,154.5,0.031250000000000444,0.9037158067879053,39
46.5,155.5,-0.3986892267938914,0.2819046108192158,36
46.5,156.5,-0.14289108020791483,0.5649396699815681,37
46.5,157.5,-0.1481690391961528,0.4719324011649343,37
46.5,158.5,0.05926673744612524,0.8646820584594126,35
46.5,159.5,-0.11584639549255371,0.8125085458048832,34
46.5,160.5,0.0915163060970155,0.7099594493415076,33
46.5,161.5,0.1469814371504933,0.6851751854528196,32
46.5,162.5,0.011093768782305391,1.0,30
46.5,163.5,0.0008045893317799368,1.0,27
46.5,164.5,-0.39371902712183804,0.3136549364605332,28
46.5,165.5,-0.49708985385089693,0.07869133608833012,28
46.5,166.5,-0.26071663843403003,0.2766963536434416,31
46.5,167.5,-0.5007107843137248,0.31774734769908775,30
46.5,168.5,-0.4261209817052672,0.16070247376846514,28
46.5,169.5,-0.11968982375441735,0.7084629632532715,31
46.5,170.5,0.03149328508282867,0.8918439412522506,31
46.5,171.5,-0.3441139902274157,0.21325648747295345,28
46.5,172.5,-0.31503128464447216,0.10834142617557846,30
46.5,173.5,-0.15839463813027727,0.6024416860423838,24
46.5,174.5,0.12431911874716567,0.7260951618325295,25
46.5,175.5,0.38429694794584474,0.33335824348826115,24
46.5,176.5,-0.3749048932711208,0.12899601166748725,25
46.5,177.5,-0.5780597740907888,0.015326503672473778,26
46.5,178.5,-0.23888703208556103,0.2704279639103756,26
46.5,179.5,-0.05900998291693342,0.7849697273207377,24
46.5,180.5,0.29508437160284073,0.21568869559132287,21
46.5,181.5,0.17410714285714268,0.3376949763722794,22
46.5,182.5,0.3955132524708002,0.11188667489678761,20
46.5,183.5,0.1675422759558887,0.8547770980655479,13
46.5,184.5,0.07668545411515029,0.9453298708327,12
46.5,282.5,0.015625,1.0,10
46.5,284.5,-0.4445552600472821,0.8580276569875211,10
46.5,285.5,-0.26750000000000007,0.7425568219265776,14
46.5,286.5,-0.06394180899310101,1.0,13
46.5,287.5,-0.16621774233802533,0.9453298708327,12
46.5,288.5,-0.616293078271028,0.511220344688192,14
46.5,289.5,0.0511232718894001,1.0,14
46.5,290.5,-0.3177083333333339,0.6494456692174662,18
46.5,291.5,-0.35962301587301404,0.8887055908352302,19
46.5,292.5,-0.37379483723823337,0.4487180156191449,18
46.5,293.5,0.5510979692991613,0.38701399031522477,17
46.5,294.5,0.40537766830870103,0.4806051289858302,26
46.5,295.5,0.6963609063441265,0.14923864983708598,28
46.5,296.5,0.7607264823737718,0.06503135683341549,25
46.5,297.5,-0.3402326839826819,0.8656490997057351,22
46.5,298.5,0.6051587301587302,0.07299943012573044,27
46.5,299.5,-0.07375992063492162,0.9004590609762644,27
46.5,300.5,-0.3243466325729,0.5283124685330474,25
46.5,301.5,-0.0916081114398414,0.8865048064138312,30
46.5,302.5,1.4549413028936353,0.07869133608833012,28
46.5,303.5,0.5572313384813388,0.566590311939465,26
46.5,304.5,1.6213852611940314,0.11305101958707045,23
46.5,305.5,1.3014542703241756,0.02348618693363961,25
46.5,306.5,0.7923964241559099,0.18311229220036362,25
46.5,307.5,1.5209231321839078,0.010004212585917363,18
46.5,308.5,0.3337369341352184,0.28615732110495806,24
46.5,309.5,0.6591178286913096,0.03347123100634287,27
46.5,310.5,0.8189048179071384,0.010815906009460587,28
46.5,311.5,0.7951708089017767,0.11763382782129739,25
46.5,312.5,-0.11866465336134446,0.9297445787752688,26
46.5,313.5,-0.706934068899982,0.28615732110495806,24
46.5,314.5,0.03230949424522832,0.9527374072913991,28
46.5,315.5,0.2853093351318504,0.21325648747295345,28
46.5,316.5,0.22515925223874214,0.6277372683701176,26
46.5,317.5,0.02694755431160859,0.964838162737043,26
46.5,318.5,0.2025642801297705,0.6353223327269232,28
46.5,319.5,0.21691645408163263,0.6915533638570888,26
46.5,320.5,0.07120122354497342,0.9578745987779059,23
46.5,321.5,-0.30934949757130065,0.3382878549727658,25
46.5,322.5,-0.6054025005925125,0.18863315303694816,24
46.5,323.5,-0.5036948005698005,0.0551796163231682,22
46.5,324.5,-0.14461879927981616,0.6494456692174662,18
46.5,325.5,0.5697365426001548,0.11328720822235322,15
46.5,326.5,1.1073441721245996,0.0057817984784566115,17
46.5,327.5,0.7404704670329667,0.008014957359750854,18
46.5,328.5,1.2734677204215017,0.011770164511043504,19
46.5,329.5,1.059871323529412,0.010374262567202244,20
46.5,330.5,0.3615724037917374,0.2638720094732372,21
46.5,331.5,-0.09895363732067206,0.777959384381542,22
46.5,332.5,0.5486894610576841,0.04780459789390245,20
46.5,333.5,0.37146999887349186,0.06378663704794149,17
46.5,334.5,0.10644571385011037,0.9640893612679119,16
46.5,335.5,-0.056985294117646745,0.8430852292699837,15
46.5,336.5,0.42901631580127386,0.2996654484343021,13
46.5,337.5,0.8863826132459673,0.0031919663535487732,12
46.5,338.5,0.6350744194664032,0.35020138917929566,11
46.5,341.5,0.9904388374783112,0.4362749288405292,11
47.5,127.5,0.6026785714285714,0.04909798160926558,10
47.5,128.5,0.6036367866004957,0.37109336952269756,10
47.5,129.5,0.19958161550854892,0.9513521309544037,13
47.5,130.5,0.2568617724867724,0.5526151250628484,15
47.5,131.5,-0.7704258515970104,0.21291190281150452,11
47.5,132.5,-0.3456871133101614,0.511220344688192,14
47.5,133.5,-0.14284321140271194,0.6504631229507133,17
47.5,134.5,0.4303826479270492,0.4956627244900297,20
47.5,135.5,0.06913021618903947,0.7513001501987963,23
47.5,136.5,-0.07244318181818166,0.8656490997057351,22
47.5,137.5,-0.3362039258984211,0.3136549364605332,28
47.5,138.5,-0.531937765150065,0.44087649866088374,25
47.5,139.5,-1.2665740924187685,0.027272736557864382,24
47.5,140.5,-0.2950544647660034,0.4418455025304515,29
47.5,141.5,0.19260897688548873,0.5864526254323217,29
47.5,142.5,0.30722111285412207,0.39860638537703863,29
47.5,143.5,0.7071649107178692,0.018721734703310452,28
47.5,144.5,0.3701038808616529,0.2364918152910518,32
47.5,145.5,-0.29638045873397445,0.2001586151353415,32
47.5,146.5,-0.17827479829140963,0.6833368087995224,31
47.5,147.5,-0.7310536030447932,0.09982676442671932,34
47.5,148.5,-0.6730920720420248,0.05276960196901777,33
47.5,149.5,0.27905806261487354,0.3486070834489362,35
47.5,150.5,0.4280977470930236,0.11170854477524784,35
47.5,151.5,0.33529110439935145,0.20524714408164557,36
47.5,152.5,0.6885215011883248,0.02830997616296634,36
47.5,153.5,0.9257759519451181,0.0075880794291596845,35
47.5,154.5,0.48511430090377455,0.08549873251357189,34
47.5,155.5,-0.03198729224322121,0.8444667630816368,37
47.5,156.5,-0.0047572721753055104,0.9773408399028476,35
47.5,157.5,-0.002796095916349106,0.9891324349096958,36
47.5,158.5,0.050050596012344836,0.9478599779684119,37
47.5,159.5,-0.09985475671750188,0.7248282628697524,38
47.5,160.5,-0.39048243516285414,0.20946154334050293,33
47.5,161.5,-0.2686310675697479,0.31774734769908775,30
47.5,162.5,0.014943910256410103,0.9431079616717606,30
47.5,163.5,0.3540402354654693,0.3078304301336964,31
47.5,164.5,-0.09800884707676416,0.5406231028187142,31
47.5,165.5,-0.32463872735835597,0.2849752678232519,29
47.5,166.5,-0.43781599824728057,0.1856070821521849,28
47.5,167.5,-0.2675504292790612,0.372365302198027,30
47.5,168.5,0.11282152591871401,0.7973063403989813,28
47.5,169.5,-0.17700787926900824,0.649540989554171,28
47.5,170.5,0.17086627140974964,0.568058623631595,30
47.5,171.5,-0.18503319405880822,0.4647845151096839,28
47.5,172.5,0.014724529346622252,0.9700682203998919,29
47.5,173.5,0.14899515464736024,0.5609035741936789,29
47.5,174.5,-0.4000749039462377,0.2723427122311102,25
47.5,175.5,-0.21134580409159331,0.46346928023769907,22
47.5,176.5,-0.583696074213301,0.12354986589680401,21
47.5,177.5,-0.04307854255093044,0.8335157043083458,25
47.5,178.5,-0.43880671322249604,0.3417178800455669,23
47.5,179.5,-0.08501990710019856,0.7916993472718744,23
47.5,180.5,0.20762711864406727,0.31004602085382316,22
47.5,181.5,-0.012925916583226282,0.9578745987779059,23
47.5,182.5,-0.18395146520146496,0.5683377615538607,24
47.5,183.5,0.008751129177958382,1.0,18
47.5,184.5,-0.30793583560347465,0.1888874775395376,14
47.5,185.5,-0.15044873371035128,0.2104977000553373,10
47.5,287.5,0.9197214541658437,0.4362749288405292,11
47.5,288.5,-0.3410478923756062,0.8547770980655479,13
47.5,289.5,-0.45020935400287704,0.5021582515007486,13
47.5,290.5,-0.2877534162186368,0.6614159170078631,14
47.5,291.5,-0.0033967391304345895,1.0,17
47.5,292.5,-0.1344503166948912,0.4953662988030888,18
47.5,293.5,0.9839466089466093,0.05009030568337501,19
47.5,294.5,-0.10380622837370206,0.7916993472718744,23
47.5,295.5,-0.17180968514023692,0.8255475691294885,26
47.5,296.5,-0.43868934004280147,0.3692092650321579,23
47.5,297.5,-0.028188279860106406,0.975910003234818,21
47.5,298.5,0.2633620800535059,0.6117600292546322,22
47.5,299.5,0.5133841312041385,0.2643373325084948,24
47.5,300.5,0.12484582320854315,0.7397638077281241,21
47.5,301.5,-0.12956349206349196,0.7913957365052897,26
47.5,302.5,2.393468723085645,0.04616231276454838,21
47.5,303.5,1.5144221604086152,0.027272736557864382,24
47.5,304.5,1.37574404761905,0.139144174822425,23
47.5,305.5,0.4546169358856822,0.537126940170827,26
47.5,306.5,0.3155290213430504,0.6168456628672252,27
47.5,307.5,0.11334427143543926,0.8675468701977536,27
47.5,308.5,0.9539884457647616,0.034345754006712845,26
47.5,309.5,0.6702898550724635,0.12285296541157717,26
47.5,310.5,0.48923345895144194,0.19895893109240226,25
47.5,311.5,0.31274699469549583,0.13026223878322818,24
47.5,312.5,0.20555826572181704,0.5911541483740381,25
47.5,313.5,0.36189060585171545,0.41989889923791546,29
47.5,314.5,0.12287675008841425,0.5516653536894103,26
47.5,315.5,0.32000255263086597,0.28615732110495806,24
47.5,316.5,0.4127189687010052,0.05782844949279639,28
47.5,317.5,0.459763071895425,0.12557019892294263,23
47.5,318.5,0.4662698412698412,0.06409905424175923,26
47.5,319.5,0.682478028876341,0.10287454664474686,26
47.5,320.5,0.4198267144695717,0.31062506239573384,26
47.5,321.5,0.12240814440178148,0.7913957365052897,26
47.5,322.5,0.23914499223602448,0.46346928023769907,22
47.5,323.5,0.13837940215838657,0.7408683798309474,26
47.5,324.5,-0.3904441624221971,0.45960782304895875,23
47.5,325.5,-0.26801390118069107,0.3417178800455669,23
47.5,326.5,0.017121035365618785,0.8202167495096627,18
47.5,327.5,0.009590647983063243,1.0,18
47.5,328.5,0.46319444444444474,0.7048534612178423,18
47.5,329.5,0.27399394586894565,0.44148821101397295,19
47.5,330.5,0.3083836203577004,0.5376032363488861,20
47.5,331.5,0.02870671055824499,0.8799878558277134,21
47.5,332.5,0.38516161045805347,0.29391717025195707,19
47.5,333.5,0.13828419480438284,0.721176307474874,20
47.5,334.5,-0.15276257773942703,0.6242768461207494,19
47.5,335.5,0.12933298319327716,0.7264469840368603,19
47.5,336.5,0.023152358661654132,0.9671423309063722,17
47.5,337.5,-0.2292241366878669,0.4277105102974643,13
47.5,338.5,0.5811403508771926,0.35020138917929566,11
47.5,339.5,0.8585115387608966,0.28313087066234666,10
47.5,340.5,0.5352899294478809,0.4742743507673295,10
47.5,341.5,-0.1865530303030294,0.8580276569875211,10
47.5,342.5,-0.7329123858447506,0.35020138917929566,11
47.5,343.5,-0.5387356001486439,0.28313087066234666,10
48.5,129.5,-0.18212085164002856,0.7603323075218761,13
48.5,130.5,-0.02645646606914263,0.9128140271840749,14
48.5,131.5,0.2680463075060535,0.511220344688192,14
48.5,132.5,-0.14909870198079211,0.8218916912511594,16
48.5,133.5,0.06821811909021246,0.7618733947779845,18
48.5,134.5,0.09790416016606146,0.7397638077281241,21
48.5,135.5,-0.08880726172223115,0.721176307474874,20
48.5,136.5,-0.252090143731839,0.2673270197885057,23
48.5,137.5,-0.37832052349426704,0.3492193427947422,21
48.5,138.5,-0.26476251604621354,0.22441148378657239,23
48.5,139.5,-0.40784478122452805,0.4922895298178107,23
48.5,140.5,-0.5943563593601094,0.3272855802219552,19
48.5,141.5,-0.18997042258354122,0.6752956255842228,26
48.5,142.5,-0.0007699275362315443,1.0,26
48.5,143.5,0.7030246854134559,0.05512169907077396,27
48.5,144.5,0.07670700841793258,0.8255475691294885,26
48.5,145.5,0.017437492490271413,0.9850341097366097,29
48.5,146.5,-0.04518481296904575,0.883962377036416,32
48.5,147.5,-0.32465666341761024,0.4647845151096839,28
48.5,148.5,-0.540907973295887,0.12819661046060987,28
48.5,149.5,0.08055669812276212,0.8588732339133708,28
48.5,150.5,0.07343012616821491,0.9136301036401862,33
48.5,151.5,0.41765715644782125,0.24441573431054653,37
48.5,152.5,0.25015635937698877,0.41153015108926394,33
48.5,153.5,0.2521581101450652,0.44771724277486147,33
48.5,154.5,-0.2665984276922462,0.32017406683149174,35
48.5,155.5,-0.012457938909209765,0.9457024715498787,36
48.5,156.5,-0.04561577723986702,0.9062974979468705,37
48.5,157.5,-0.20808357969226465,0.513279941352429,38
48.5,158.5,-0.1349478314238961,0.711950905455661,35
48.5,159.5,-0.35624028551230424,0.24695545939811314,36
48.5,160.5,-0.23485292976705419,0.47672905828844614,34
48.5,161.5,-0.22535094778254622,0.3386829866956895,32
48.5,162.5,-0.24195052586945642,0.390080152762149,32
48.5,163.5,-0.16825622294372233,0.6833368087995224,31
48.5,164.5,0.03159059230414321,0.8584237820523384,32
48.5,165.5,0.1758127632612266,0.2535263593015791,30
48.5,166.5,-0.032068943688707614,0.7684569726000503,33
48.5,167.5,-0.3829602246783387,0.22104956212356597,31
48.5,168.5,-0.4272611169162902,0.18675613776082567,30
48.5,169.5,-0.3062081939799333,0.195559652706897,29
48.5,170.5,0.044642857142855874,0.7481053914270006,30
48.5,171.5,0.09895373201334977,0.6341458536966633,31
48.5,172.5,0.37818460816807287,0.11083858110212827,29
48.5,173.5,0.27021954774438217,0.2250571451510026,30
48.5,174.5,0.06137035125927061,0.7972523796379414,25
48.5,175.5,-0.2466476951314819,0.3091626948735827,24
48.5,176.5,-0.017526372058141525,0.975910003234818,21
48.5,177.5,-0.12250955662633922,0.6946444974614776,21
48.5,178.5,-0.04992378048780566,0.7916993472718744,23
48.5,179.5,-0.028970792412888392,0.940681598665201,24
48.5,180.5,-0.3118749449283982,0.31004602085382316,22
48.5,181.5,-0.4769798481474018,0.38103238548434304,20
48.5,182.5,-0.6205621900881508,0.05004866332140968,24
48.5,183.5,-0.8518939939638712,0.008610786795054443,21
48.5,184.5,-0.5810039181957186,0.02802711344465016,18
48.5,185.5,-0.17557565789473703,0.6921807727218765,15
48.5,186.5,-0.2474380402164585,0.7317017232242102,12
48.5,288.5,1.2427099044746086,0.37109336952269756,10
48.5,289.5,-0.4164171385017424,0.7205147871362552,10
48.5,290.5,0.9152600316961357,0.7317017232242102,12
48.5,291.5,-0.03439153439153427,0.9513521309544037,13
48.5,292.5,0.4260196596244131,0.6921807727218765,15
48.5,293.5,0.14451309725927727,0.9016495048953725,17
48.5,294.5,0.02860133287764799,0.9211586502250249,15
48.5,295.5,0.40163601020074463,0.5959123948117162,18
48.5,296.5,-0.14199107217921592,0.7397638077281241,21
48.5,297.5,0.34880116048357307,0.45029515330704106,21
48.5,298.5,0.10817020800435422,0.674611943553671,19
48.5,299.5,0.27386173767752753,0.5727823105937271,22
48.5,300.5,-0.05088932806324116,0.9101956836196836,22
48.5,301.5,0.7956532271654869,0.06409905424175923,26
48.5,302.5,0.39869051908406417,0.4281777903096383,23
48.5,303.5,0.9158091952655683,0.090976463086059,23
48.5,304.5,-0.00819814481856973,1.0,23
48.5,305.5,0.3578124603059138,0.6024416860423838,24
48.5,306.5,0.5691139436543848,0.3152515554041374,25
48.5,307.5,0.7796025815217394,0.14574060364798977,26
48.5,308.5,0.33969069751706993,0.41368622699316804,25
48.5,309.5,0.25940971914288363,0.5030370130775135,24
48.5,310.5,-0.12851440088948024,0.8233490121001951,24
48.5,311.5,0.14682577137401617,0.7614215361463608,25
48.5,312.5,0.2882616548527813,0.4536084832864735,26
48.5,313.5,0.715107912191002,0.030991867166343272,29
48.5,314.5,0.6861770524727567,0.10953690763865905,28
48.5,315.5,0.06822344322344343,0.9335433162568849,27
48.5,316.5,0.04071529927760609,0.7703961609830144,27
48.5,317.5,0.777676077549738,0.01090615103336144,25
48.5,318.5,0.7516647028228018,0.037197693729123814,21
48.5,319.5,0.9198285739895024,0.1095017011964754,21
48.5,320.5,0.8145019576409673,0.23628916450237403,22
48.5,321.5,1.1067878001066038,0.1629844132966407,20
48.5,322.5,-0.14498546870067858,0.9158665384265181,23
48.5,323.5,-0.21498616536458393,0.6505819869583885,21
48.5,324.5,-0.4804244415420491,0.23423926303398213,19
48.5,325.5,-0.2483464801122273,0.4956627244900297,20
48.5,326.5,0.35913684839466053,0.5366482363005154,17
48.5,327.5,0.3550207961972663,0.511220344688192,14
48.5,328.5,0.42032809782192926,0.344417522979072,16
48.5,329.5,0.31379972875226025,0.42848041949799653,15
48.5,330.5,-0.1375652630089732,0.8925584658515614,16
48.5,331.5,0.1020622895622895,0.7795660645811546,19
48.5,332.5,0.23205643483598867,0.4338268403653006,17
48.5,333.5,-0.2435889106748481,0.7108359248149255,17
48.5,334.5,-0.5861483071702125,0.17403358020816395,17
48.5,335.5,0.07566773504273527,0.9442166279919116,19
48.5,336.5,-0.07079562903284961,0.8368197050512747,17
48.5,337.5,-0.10496035665503836,0.7108359248149255,17
48.5,338.5,-0.16778499278499295,0.9453298708327,12
48.5,339.5,-0.05635445005829755,0.640428787412791,11
48.5,340.5,-0.3690841547192354,0.6312218204782533,12
48.5,341.5,0.029761904761905607,1.0,10
48.5,342.5,-0.140625,1.0,11
48.5,343.5,-0.4117699430199428,0.28313087066234666,10
49.5,131.5,0.31498430721414217,0.19261627432960227,12
49.5,132.5,0.5245059453492115,0.08647112777407255,12
49.5,133.5,0.3483065608909359,0.34341948718274173,17
49.5,134.5,0.9063519688374286,0.04780459789390245,20
49.5,135.5,0.7532046003513393,0.029722634784774687,20
49.5,136.5,0.48948798627002305,0.0813178739034836,23
49.5,137.5,0.2723958333333333,0.344417522979072,16
49.5,138.5,-0.2953125000000001,0.44148821101397295,19
49.5,139.5,0.35112540791028035,0.5923012814329899,17
49.5,140.5,-0.5044934000393593,0.4956627244900297,20
49.5,141.5,-0.4206690824961017,0.38103238548434304,20
49.5,142.5,0.7051222793410292,0.1411929728237963,25
49.5,143.5,0.32320330366783584,0.4806051289858302,26
49.5,144.5,0.2235447816250248,0.4719390404163103,24
49.5,145.5,0.11754874051069719,0.8900067739861677,28
49.5,146.5,-0.06122798606151704,0.7973063403989813,28
49.5,147.5,-0.009305975354568327,0.9004590609762644,27
49.5,148.5,0.26020018586675775,0.3382878549727658,25
49.5,149.5,0.37347071590399805,0.37397976795469223,28
49.5,150.5,0.03010724331926848,0.9431079616717606,30
49.5,151.5,-0.03530001744287351,0.8865048064138312,30
49.5,152.5,-0.2120051489372163,0.4655488870531287,32
49.5,153.5,0.20647205553556736,0.4856472470963893,33
49.5,154.5,-0.26324287082286224,0.20234388657884772,34
49.5,155.5,-0.09810445551442135,0.5935629766221353,34
49.5,156.5,0.05341409966944835,0.9136301036401862,33
49.5,157.5,-0.0869399960301509,0.7547126102355206,35
49.5,158.5,-0.12027830387205452,0.6099368224534079,37
49.5,159.5,-0.04003960055096438,0.9095458052651214,35
49.5,160.5,-0.1068702215501733,0.744891472543834,33
49.5,161.5,-0.09362086776859548,0.6565125016248674,34
49.5,162.5,-0.20876257947107324,0.545656108406517,33
49.5,163.5,-0.23341645615402784,0.3353389634847318,30
49.5,164.5,0.07414783938437308,0.7856661000859302,31
49.5,165.5,0.2052123397435892,0.4324504235358998,30
49.5,166.5,0.1811979261691909,0.41182433473249114,30
49.5,167.5,0.11216932893847188,0.5609035741936789,29
49.5,168.5,-0.47964934784589025,0.15631053721479246,27
49.5,169.5,-0.3582446199633704,0.19618113273857263,27
49.5,170.5,-0.14636001667778756,0.5911541483740381,25
49.5,171.5,0.02933327126875506,0.9667427806663149,27
49.5,172.5,0.10058267053588363,0.6782246933005027,28
49.5,173.5,-0.13215375228798099,0.6168456628672252,27
49.5,174.5,0.2676108374384256,0.20490442371975082,23
49.5,175.5,0.2712301587301589,0.3692092650321579,23
49.5,176.5,0.24560771889400917,0.5973541948267042,23
49.5,177.5,-0.1468199941148909,0.6505819869583885,21
49.5,178.5,0.008646245059288854,0.964838162737043,26
49.5,179.5,0.1346339536516855,0.5612202073936174,23
49.5,180.5,0.0064789452891203525,1.0,21
49.5,181.5,-0.06560992379473846,0.713828700030572,22
49.5,182.5,-0.11389918119932074,0.7350804926819566,22
49.5,183.5,-0.29156656510486084,0.19459514049618598,22
49.5,184.5,-0.28591196561597076,0.29391717025195707,19
49.5,185.5,-0.42584170160832907,0.3004271167492414,16
49.5,186.5,0.035936285936286214,1.0,14
49.5,187.5,0.5018682065217395,0.04909798160926558,10
49.5,288.5,-0.45819805194805213,0.640428787412791,11
49.5,289.5,-0.23957773899033338,1.0,11
49.5,290.5,0.3699945887445872,0.4362749288405292,11
49.5,291.5,-1.8983333333333334,0.15240628395674932,10
49.5,292.5,0.020380434782608908,0.9640893612679119,16
49.5,293.5,-0.05165289256198333,0.8430852292699837,15
49.5,294.5,-0.6157407407407413,0.37305311625145265,15
49.5,295.5,-1.0286462556360019,0.022821503671488087,15
49.5,296.5,-0.7682571683910948,0.19780102703780067,18
49.5,297.5,-0.1733547777668572,0.8337352412499334,19
49.5,298.5,0.6563413665801188,0.0967474505928423,21
49.5,299.5,0.4083994708994708,0.3630203849440149,19
49.5,300.5,0.07179530659309917,0.9278177692263682,21
49.5,301.5,0.14425621869936667,0.6731887478154436,20
49.5,302.5,-0.26978059093939755,0.721176307474874,20
49.5,303.5,-0.32407407407407396,0.2673270197885057,23
49.5,304.5,-0.2008381477591037,0.5350244506182873,22
49.5,305.5,0.12960273678563228,0.7513001501987963,23
49.5,306.5,0.3680295368931941,0.7350804926819566,22
49.5,307.5,0.4521938764092371,0.6946444974614776,21
49.5,308.5,0.5816546143250696,0.5756369136048027,19
49.5,309.5,0.2163671023965141,0.8215254231894769,22
49.5,310.5,0.21350931677018647,0.6726109872286647,23
49.5,311.5,0.2862179487179475,0.6726109872286647,23
49.5,312.5,0.252965500945179,0.35900429696743286,27
49.5,313.5,0.35041758978067766,0.3382878549727658,25
49.5,314.5,0.19396112259979875,0.6238124360692694,25
49.5,315.5,-0.21655475206611818,0.7243397423849234,26
49.5,316.5,0.2460355924317617,0.5594130972023401,27
49.5,317.5,0.4155672624079213,0.17175819814532312,26
49.5,318.5,0.43312229411912717,0.13026223878322818,24
49.5,319.5,0.6202835132585679,0.026522235089512375,23
49.5,320.5,0.3594346608509168,0.22420756495904925,24
49.5,321.5,0.6929536090509805,0.05559297481886975,20
49.5,322.5,0.1841072928505734,0.6946444974614776,21
49.5,323.5,-0.07008946829808653,1.0,18
49.5,324.5,0.24952634305347865,0.7108359248149255,17
49.5,325.5,0.1581293029483545,0.7857971061789661,21
49.5,326.5,0.02571025248940595,0.9640893612679119,16
49.5,327.5,-0.18363864942528757,0.8693522423679255,14
49.5,328.5,0.2101171493189272,0.8370114751054462,12
49.5,329.5,-0.08974485759493689,0.6921807727218765,15
49.5,330.5,-0.1228450999540444,0.8925584658515614,16
49.5,331.5,0.03126989694854501,0.9016495048953725,17
49.5,332.5,-0.13563921963059516,0.6204252937103817,16
49.5,333.5,0.02377389825512495,0.8925584658515614,16
49.5,334.5,0.4496578025016429,0.2996654484343021,13
49.5,335.5,0.31963045634920617,0.4434214028640827,14
49.5,336.5,0.25495122319095104,0.5366482363005154,17
49.5,337.5,-0.07410386029411764,0.8430852292699837,15
49.5,338.5,0.8077419011082696,0.0957466564738153,16
49.5,339.5,0.3493083003952564,0.03749749081571984,14
49.5,340.5,0.35176770988139977,0.058587575310488894,13
49.5,341.5,-0.1989761125877546,0.4506702853141802,12
49.5,342.5,-0.7384590908897828,0.023642218909198473,12
50.5,130.5,-0.4002627806975633,0.37109336952269756,10
50.5,133.5,0.22936039373812728,0.5371338571769023,12
50.5,134.5,0.15996154848800825,0.6921807727218765,15
50.5,135.5,0.49601191585159965,0.344417522979072,16
50.5,136.5,0.5217418577218165,0.1888874775395376,14
50.5,137.5,0.11711886304909525,0.5444860568259107,18
50.5,138.5,0.2785183807319222,0.3004271167492414,16
50.5,139.5,0.07321859903381676,0.7795660645811546,19
50.5,140.5,-0.09818658232264867,0.8711314915971583,20
50.5,141.5,-0.3697905487511574,0.34341948718274173,17
50.5,142.5,0.04496092967341238,0.8711314915971583,20
50.5,143.5,0.7900953442306207,0.14429205544010523,20
50.5,144.5,-0.14163201663201685,0.8337352412499334,19
50.5,145.5,0.03418243435671703,0.8656490997057351,22
50.5,146.5,-0.18624350586823757,0.4179302333168975,28
50.5,147.5,-0.23647973209376752,0.2900579790352388,26
50.5,148.5,0.32049553891753324,0.1856070821521849,28
50.5,149.5,0.6284877532239506,0.04865707312578976,31
50.5,150.5,0.6465624757957887,0.049740271332769974,32
50.5,151.5,0.510729434146161,0.09502476539267062,29
50.5,152.5,0.6912279805928212,0.03451974428666936,28
50.5,153.5,0.16042841131036917,0.6101267703127584,31
50.5,154.5,0.22733221357452765,0.44595658115373593,32
50.5,155.5,0.03993667679837913,0.9147523390847367,30
50.5,156.5,-0.024124563020385882,0.9551233832161916,29
50.5,157.5,-0.2784006956807436,0.649540989554171,28
50.5,158.5,0.16330570332796945,0.7212260985001633,30
50.5,159.5,0.018945197191551064,0.9551233832161916,29
50.5,160.5,-0.15433052349496726,0.41989889923791546,29
50.5,161.5,-0.08893105405022084,0.5183675363290698,31
50.5,162.5,-0.09953264278639651,0.7752944295177846,30
50.5,163.5,-0.026744860742705687,0.8675468701977536,27
50.5,164.5,0.25444513630586413,0.29505551931395413,28
50.5,165.5,0.34528055741961494,0.17089348425411355,29
50.5,166.5,0.3540106259895262,0.14923864983708598,28
50.5,167.5,0.005933476394849313,0.9667427806663149,27
50.5,168.5,0.016360460331359628,0.940681598665201,24
50.5,169.5,0.4060144582981118,0.030929148760580626,24
50.5,170.5,0.15427000225554854,0.6572273920607943,25
50.5,171.5,0.1506405206313295,0.7085669234311798,25
50.5,172.5,0.17231359649122763,0.3382878549727658,25
50.5,173.5,0.024696211646370654,0.7074787276069775,27
50.5,174.5,0.18883564592562807,0.24303798973120727,27
50.5,175.5,0.10589803993150639,0.6572273920607943,25
50.5,176.5,-0.08698971391835524,0.8255475691294885,26
50.5,177.5,0.032628920786815147,0.8600328045734927,26
50.5,178.5,-0.23135447772903175,0.5030370130775135,24
50.5,179.5,-0.0609515796950549,0.8426567819072817,24
50.5,180.5,0.06366445782530905,0.721176307474874,20
50.5,181.5,0.2848048941798941,0.14256865901357518,22
50.5,182.5,0.09015481938760771,0.7098436764690532,24
50.5,183.5,0.013364779874213658,0.8740921801633091,23
50.5,184.5,-0.12561274509803896,0.3630203849440149,19
50.5,185.5,-0.2162802968409587,0.14937517875498968,17
50.5,186.5,-0.027845115420721066,1.0,12
50.5,187.5,0.3848958333333323,0.640428787412791,11
50.5,291.5,-0.7379217427369306,0.28313087066234666,10
50.5,292.5,-0.36781457106038257,0.640428787412791,11
50.5,293.5,0.36093146344863736,1.0,10
50.5,295.5,-0.11408730158730356,1.0,10
50.5,296.5,-0.9035649850217868,0.15240628395674932,10
50.5,297.5,-0.629481555779948,0.11507464782117936,16
50.5,298.5,0.09651182771063602,1.0,15
50.5,299.5,-0.20106010798114504,0.6204252937103817,16
50.5,300.5,-0.2202380952380954,0.8266659696701553,14
50.5,301.5,0.4220870644493179,0.38103238548434304,20
50.5,302.5,-0.1400092527211767,0.6504631229507133,17
50.5,303.5,0.031850459482038664,0.9396136982356221,18
50.5,304.5,-0.8223645655982443,0.09309214399370513,19
50.5,305.5,0.24677715168514247,0.7526419827681854,16
50.5,306.5,0.49846117424242453,0.3467641835161842,20
50.5,307.5,1.2493361928104578,0.1836989860577931,19
50.5,308.5,0.4446083264423401,0.7264469840368603,19
50.5,309.5,-0.42403322294626655,0.3630203849440149,19
50.5,310.5,-0.05056270708763375,0.9278177692263682,21
50.5,311.5,1.4382850241545881,0.08024287819033639,19
50.5,312.5,-0.16568067528735628,0.9278177692263682,21
50.5,313.5,0.15221804511278236,0.8878338125942118,22
50.5,314.5,-0.01816933066933097,0.9550264552939917,22
50.5,315.5,0.06077138818200912,0.8701367570919353,25
50.5,316.5,-0.12316227880584865,0.6732623633112398,24
50.5,317.5,0.2708333333333357,0.6593353383597195,26
50.5,318.5,0.1427565411373255,0.7243397423849234,26
50.5,319.5,0.3629551379423132,0.41368622699316804,25
50.5,320.5,0.7603749800599446,0.05711808530568041,21
50.5,321.5,0.24045392758929265,0.29056075537876946,21
50.5,322.5,0.4376026272578031,0.1836989860577931,19
50.5,323.5,0.09181409273636519,0.7397638077281241,21
50.5,324.5,0.13816342477516208,0.6732623633112398,24
50.5,325.5,0.18006964690638197,0.6505819869583885,21
50.5,326.5,-0.16813184151893787,0.28888280402716393,18
50.5,327.5,-0.03495919141123856,0.7526419827681854,16
50.5,328.5,-0.27905778239544177,0.38107448160929436,14
50.5,329.5,-0.38055442472044665,0.5371338571769023,12
50.5,330.5,0.07300718582887696,0.8218916912511594,16
50.5,331.5,-0.29540811664578137,0.2660517601229595,17
50.5,332.5,-0.2580384814049588,0.2660517601229595,17
50.5,333.5,-0.2930491298568943,0.26035056965599135,16
50.5,334.5,0.2203931519188873,0.640428787412791,11
50.5,335.5,0.2998051931241589,0.11475673431864909,12
50.5,336.5,0.005872994184384773,1.0,12
50.5,337.5,0.09879913186136792,0.9453298708327,12
50.5,338.5,0.11074560425210211,0.8547770980655479,13
50.5,339.5,0.09473472157428187,0.9211586502250249,15
50.5,340.5,0.6691919191919194,0.11328720822235322,15
50.5,341.5,0.20506885090218435,0.7425568219265776,14
50.5,342.5,-0.17083527157540324,0.3726914904715183,12
50.5,343.5,-0.03969338493456931,0.8762696636277617,11
51.5,132.5,0.27837460741872494,0.640428787412791,11
51.5,133.5,0.28701538916839336,0.11947098677170075,11
51.5,134.5,0.661457174859543,0.01237158120452431,13
51.5,135.5,0.6527059837092735,0.03766692222862868,15
51.5,136.5,0.7694859038142619,0.04776124267510367,15
51.5,137.5,0.03819621598639541,0.9671423309063722,17
51.5,138.5,0.1361579646612735,0.8925584658515614,16
51.5,139.5,-0.10910087719298232,0.7264469840368603,19
51.5,140.5,-0.15014505968169803,0.5376032363488861,20
51.5,141.5,-0.049946429603934014,0.8368197050512747,17
51.5,142.5,-0.3193573667711597,0.17269436302931984,18
51.5,143.5,0.02316314111851625,1.0,18
51.5,144.5,0.415073977467354,0.38701399031522477,17
51.5,145.5,-0.05365617041621461,0.832591967665674,21
51.5,146.5,-0.1158813335533928,0.6930118863702326,22
51.5,147.5,-0.23966545381039017,0.169645513311097,23
51.5,148.5,-0.22238023162026593,0.31062506239573384,26
51.5,149.5,0.1803336177171408,0.5911541483740381,25
51.5,150.5,0.43426772403143293,0.3623776993195864,25
51.5,151.5,0.6052200838414632,0.12557019892294263,23
51.5,152.5,0.49801708692174884,0.23361300135229124,25
51.5,153.5,0.4974788459072946,0.26910482505997424,27
51.5,154.5,0.2586966355400344,0.2535263593015791,30
51.5,155.5,0.08618239953420315,0.757996646747342,32
51.5,156.5,-0.07571530032467466,0.8424035124757051,35
51.5,157.5,-0.060845071067058214,0.8330324989520455,32
51.5,158.5,-0.3918650793650791,0.2844114676220474,30
51.5,159.5,-0.2289690336323463,0.5144236588926046,28
51.5,160.5,-0.17077326298866508,0.48926508700643856,28
51.5,161.5,-0.15380980736933822,0.6125283803487117,29
51.5,162.5,0.2846668140816502,0.44193101201121243,24
51.5,163.5,0.048732749253849184,0.964838162737043,26
51.5,164.5,0.11644372572461738,0.6572273920607943,25
51.5,165.5,-0.07241718814090722,0.747106327334731,24
51.5,166.5,0.1395048006282617,0.5594130972023401,27
51.5,167.5,0.22159090909090862,0.3545784475977316,26
51.5,168.5,0.10765939635873023,0.5911541483740381,25
51.5,169.5,0.3774092354412738,0.3853099749909059,24
51.5,170.5,0.07019167175417201,0.8365263661204166,29
51.5,171.5,0.09133907329783689,0.757639735211381,26
51.5,172.5,0.05416976484803422,0.9335433162568849,27
51.5,173.5,-0.05389808362369321,0.7913957365052897,26
51.5,174.5,0.0460124875833691,0.7703961609830144,27
51.5,175.5,0.07794278425655958,0.6213676320840416,28
51.5,176.5,-0.10423554712347796,0.69134204811853,25
51.5,177.5,-0.027122886719316616,0.9169652366288644,27
51.5,178.5,-0.2454079517400668,0.566142727568169,21
51.5,179.5,-0.0190075997334031,0.832591967665674,21
51.5,180.5,0.062337662337662275,0.674611943553671,19
51.5,181.5,0.19878868483378398,0.4708532345955083,16
51.5,182.5,-0.14962980047538818,0.6853285557833784,16
51.5,183.5,-0.07338056680161947,0.8266659696701553,14
51.5,184.5,-0.3130589896214896,0.25445252615345615,15
51.5,185.5,0.2141375402062999,0.38701399031522477,17
51.5,186.5,0.5361263497039361,0.32229959587191925,15
51.5,187.5,0.36267874831622443,0.5371338571769023,12
51.5,188.5,0.1999657131661442,0.7205147871362552,10
51.5,292.5,0.09360010222536728,1.0,10
51.5,293.5,-0.43154761904762007,0.8580276569875211,10
51.5,297.5,0.6095443766937677,0.38107448160929436,14
51.5,298.5,0.1651348039215687,0.5288645203641904,19
51.5,299.5,0.027589886964887178,0.9671423309063722,17
51.5,300.5,0.13367525672523525,0.7317017232242102,12
51.5,301.5,-0.05977213541666752,0.7618733947779845,18
51.5,302.5,-0.4364593595353735,0.22843980898867533,14
51.5,303.5,-0.2765747157071778,0.7907519318066429,18
51.5,304.5,-0.13606770833333337,0.9128140271840749,14
51.5,305.5,-0.3658177592079171,0.5526151250628484,15
51.5,306.5,0.46296495379823605,0.25581804946653663,18
51.5,307.5,0.3824266975308651,0.28888280402716393,18
51.5,308.5,0.9848137973137974,0.04887959235679104,18
51.5,309.5,0.5136689291101059,0.5376032363488861,20
51.5,310.5,0.9127747252747256,0.25581804946653663,18
51.5,311.5,0.440051020408163,0.3247123843638571,18
51.5,312.5,0.3288983348945297,0.41730416562740436,20
51.5,313.5,-0.12537107024050925,0.832591967665674,21
51.5,314.5,0.29022568500056267,0.6930118863702326,22
51.5,315.5,0.7324581414025298,0.027497960421628245,21
51.5,316.5,0.41144550405640523,0.2593548928200182,22
51.5,317.5,-0.2011062985374814,0.6345102928818573,23
51.5,318.5,0.09765194297230398,0.8233490121001951,24
51.5,319.5,0.512561274509804,0.2673270197885057,23
51.5,320.5,0.404228138927308,0.3692092650321579,23
51.5,321.5,0.5101809954751123,0.14172595380646796,19
51.5,322.5,0.6416021095938373,0.14172595380646796,19
51.5,323.5,0.016827021915216372,0.9224620671867602,20
51.5,324.5,-0.06643374862983299,0.7857971061789661,21
51.5,325.5,0.28444666721663125,0.36331590966639116,18
51.5,326.5,0.35476190476190506,0.20785680345658664,19
51.5,327.5,0.008927327620432935,1.0,18
51.5,328.5,-0.014576883573669219,1.0,16
51.5,329.5,0.004249815225427038,1.0,15
51.5,330.5,-0.06184895833333333,0.511220344688192,14
51.5,331.5,-0.39721329246411424,0.048744920739706564,14
51.5,332.5,-0.24709862742193955,0.06410357671243591,12
51.5,333.5,-0.0029053287981855346,1.0,10
51.5,334.5,0.4935839371980677,0.28313087066234666,10
51.5,338.5,0.12156329144749635,0.2104977000553373,10
51.5,339.5,0.37278570130813926,0.08676817270387562,11
51.5,340.5,0.5084796947437324,0.2735614117247491,14
51.5,341.5,0.5299971212997314,0.058587575310488894,13
51.5,342.5,-0.1307883522727271,0.7317017232242102,12
51.5,343.5,-0.024814245208981994,0.9453298708327,12
52.5,132.5,-0.17737223094366017,0.35020138917929566,11
52.5,133.5,0.15051306747808688,0.5915050369949166,10
52.5,134.5,0.2123785602432452,0.6693340144640527,13
52.5,135.5,0.3513197641814375,0.26035056965599135,16
52.5,136.5,1.1648784014700249,0.02853906357036244,14
52.5,137.5,0.697278286197272,0.1498607475130492,12
52.5,138.5,0.22317324978390624,0.344417522979072,16
52.5,139.5,0.3043350563909773,0.3036732148994191,12
52.5,141.5,-0.33210169764446107,0.19261627432960227,12
52.5,142.5,0.29850083084935086,0.052871592614987556,16
52.5,143.5,0.04716860702614379,0.9640893612679119,16
52.5,144.5,-0.001205787781350054,1.0,18
52.5,145.5,0.064608134920635,0.6264962743469109,20
52.5,146.5,0.08607183038001437,0.4555354119407532,20
52.5,147.5,0.16960104144564656,0.3376949763722794,22
52.5,148.5,0.18634602777576073,0.4130458869045295,24
52.5,149.5,0.08413461538461538,0.7115714636761059,23
52.5,150.5,0.36701721158958006,0.4130458869045295,24
52.5,151.5,0.45463281854685766,0.2593548928200182,22
52.5,152.5,0.49892652077520916,0.04839822318129834,22
52.5,153.5,0.3406590943230331,0.07018398549149235,24
52.5,154.5,0.27506421557476507,0.10707235212149269,25
52.5,155.5,0.1546349466776042,0.49856438700636985,22
52.5,156.5,0.1533839813217307,0.32013656844448835,29
52.5,157.5,-0.07429825348969238,0.8433550903785797,28
52.5,158.5,-0.2096337408837407,0.7350804926819566,22
52.5,159.5,-0.03467214834920401,0.9741177473553713,20
52.5,160.5,-0.09337210001286841,0.7972523796379414,25
52.5,161.5,0.018294343850345767,0.9527374072913991,28
52.5,162.5,0.22951356213665902,0.1856070821521849,28
52.5,163.5,0.1620406661539444,0.3382878549727658,25
52.5,164.5,0.04709128370722476,0.747106327334731,24
52.5,165.5,-0.027223623798364422,0.8740921801633091,23
52.5,166.5,0.14090847969055176,0.5973541948267042,23
52.5,167.5,0.1103632242370635,0.7513001501987963,23
52.5,168.5,-0.3109630139681287,0.22441148378657239,23
52.5,169.5,-0.33891509433962275,0.23628916450237403,22
52.5,170.5,-0.32612524975885343,0.2643373325084948,24
52.5,171.5,-0.10261229998072091,0.6277372683701176,26
52.5,172.5,-0.14902892246642252,0.5666859527923179,28
52.5,173.5,-0.19478746639784994,0.29725152529777643,27
52.5,174.5,-0.27383884522535135,0.23577138170007694,28
52.5,175.5,0.06550017011152666,0.8588732339133708,28
52.5,176.5,-0.1236365655435645,0.40435063820524453,27
52.5,177.5,0.03847943795833303,0.8588732339133708,28
52.5,178.5,-0.14568989689111989,0.41368622699316804,25
52.5,179.5,-0.368600739258254,0.1724913614849527,24
52.5,180.5,-0.1131111535523305,0.5444860568259107,18
52.5,181.5,0.4957386363636366,0.16585666034291002,15
52.5,182.5,-0.042857142857142705,0.8430852292699837,15
52.5,183.5,0.016644434613184288,0.9671423309063722,17
52.5,184.5,-0.08740835937367841,0.8218916912511594,16
52.5,185.5,0.2699171654089687,0.38107448160929436,14
52.5,186.5,0.05953329248366021,0.7603323075218761,13
52.5,187.5,0.15008223684210525,0.6206907170753546,15
52.5,188.5,0.10646244517543843,0.5094836384661203,17
52.5,189.5,0.1564794200622343,0.5021582515007486,13
52.5,190.5,-0.19831081081081084,0.4362749288405292,11
52.5,298.5,-0.43821551655614144,0.35020138917929566,11
52.5,299.5,0.3135719522793789,0.19261627432960227,12
52.5,300.5,0.04164212899711828,0.8430852292699837,15
52.5,301.5,0.09901411772133673,0.8925584658515614,16
52.5,302.5,0.10117716157144864,0.8430852292699837,15
52.5,303.5,-0.5427620274914089,0.23495478370334333,15
52.5,304.5,-1.0225564843686201,0.03182312738649017,10
52.5,305.5,-1.1697188428298038,0.0031919663535487732,12
52.5,306.5,-1.0348350744761632,0.07685087226788877,13
52.5,307.5,1.9857927808226763,0.15240628395674932,10
52.5,308.5,0.38515898300849705,0.5840703669455064,14
52.5,309.5,-0.20024067500852166,0.7730800663123129,17
52.5,310.5,-0.3363074100378798,0.7108359248149255,17
52.5,311.5,0.4866010102527133,0.4277105102974643,13
52.5,312.5,-0.14149305555555536,1.0,14
52.5,313.5,0.02246292605699961,0.9671423309063722,17
52.5,314.5,-0.02327405768153136,0.9224620671867602,20
52.5,315.5,-0.21759549121858124,0.41489093965848534,21
52.5,316.5,-0.05485270749297142,0.7618733947779845,18
52.5,317.5,-0.2674603174603174,0.6242768461207494,19
52.5,318.5,-0.07401315789473684,0.7916993472718744,23
52.5,319.5,0.0817329516033121,0.9741177473553713,20
52.5,320.5,0.07394426639364936,0.8799878558277134,21
52.5,321.5,0.7511864352303043,0.14429205544010523,20
52.5,322.5,0.43098958333333215,0.15005063655725903,18
52.5,323.5,-0.29772393877573294,0.7048534612178423,18
52.5,324.5,-0.07808533714411675,0.975910003234818,21
52.5,325.5,0.18121451201448338,0.721176307474874,20
52.5,326.5,0.31922725624069903,0.21568869559132287,21
52.5,327.5,0.16750572285656087,0.6731887478154436,20
52.5,328.5,0.027355117617252536,0.9741177473553713,20
52.5,329.5,0.10590277777777857,0.674611943553671,19
52.5,330.5,0.051230308337089255,0.7795660645811546,19
52.5,331.5,-0.015928130511463644,1.0,14
52.5,332.5,0.42123394851763557,0.21291190281150452,11
52.5,333.5,-0.06182249322493227,0.5915050369949166,10
53.5,133.5,-0.26375508439650197,0.8580276569875211,10
53.5,134.5,0.20213293650793623,0.6614159170078631,14
53.5,135.5,0.4613417433952826,0.19821061903884274,15
53.5,136.5,0.8634819955209806,0.011174811327380355,12
53.5,137.5,0.41389065143824233,0.4742743507673295,10
53.5,138.5,-0.030606010264920158,1.0,11
53.5,139.5,-0.01587940748857077,1.0,11
53.5,140.5,-0.18124878230220148,0.7205147871362552,10
53.5,141.5,0.2766567153177057,0.5021582515007486,13
53.5,142.5,0.45920138888888884,0.06170669002831271,11
53.5,143.5,0.31256719380181625,0.19261627432960227,12
53.5,144.5,0.33323402878593505,0.2001281176786024,13
53.5,145.5,0.053969797069053194,0.7730800663123129,17
53.5,146.5,0.15776710224972054,0.4837557864964521,17
53.5,147.5,0.12879725098162245,0.5366482363005154,17
53.5,148.5,0.12882653061224492,0.5288645203641904,19
53.5,149.5,0.47460390567428057,0.12974504639571688,18
53.5,150.5,0.1224019925123761,0.6946444974614776,21
53.5,151.5,0.14892455742495214,0.6264962743469109,20
53.5,152.5,0.4806235431235431,0.12371517875173883,19
53.5,153.5,0.5341301276260622,0.03580506484519106,19
53.5,154.5,0.17897206959707004,0.3668796006462124,22
53.5,155.5,0.1506739365110836,0.5376032363488861,20
53.5,156.5,0.31425907337427306,0.10287454664474686,26
53.5,157.5,-0.08143968104905616,0.8279576357977381,28
53.5,158.5,0.10984907624847826,0.7857971061789661,21
53.5,159.5,0.09517603187886338,0.8799878558277134,21
53.5,160.5,-0.1541593847483743,0.7115714636761059,23
53.5,161.5,0.05308410796445496,0.8701367570919353,25
53.5,162.5,-0.012175324675324386,1.0,27
53.5,163.5,0.09097631160784658,0.478451739086175,27
53.5,164.5,-0.0028457252734601646,1.0,25
53.5,165.5,-0.056671152427497665,0.5683377615538607,24
53.5,166.5,0.16129032258064516,0.5727823105937271,22
53.5,167.5,0.3128815628815632,0.48410753779266247,19
53.5,168.5,-0.15743521342794967,0.6117600292546322,22
53.5,169.5,-0.09783220720720702,0.6345102928818573,23
53.5,170.5,-0.13240941894434513,0.4922895298178107,23
53.5,171.5,-0.10198321043707242,0.6024416860423838,24
53.5,172.5,0.021506796725879466,0.9070384808036948,25
53.5,173.5,-0.015443267098205024,0.944141999801307,25
53.5,174.5,-0.024658145485835628,0.944141999801307,25
53.5,175.5,-0.2633503401360545,0.3155727359639028,23
53.5,176.5,0.17145660203139412,0.4536084832864735,26
53.5,177.5,0.08591004084734491,0.7243397423849234,26
53.5,178.5,0.0808306043977981,0.7260951618325295,25
53.5,179.5,-0.07177953991754119,0.7369758150394312,28
53.5,180.5,-0.007812500000000297,0.9550264552939917,22
53.5,181.5,-0.36744505494505475,0.08024287819033639,19
53.5,182.5,-0.17765625753847641,0.6504631229507133,17
53.5,183.5,-0.23707470520380852,0.3043433551251281,21
53.5,184.5,0.044395291389393195,0.7795660645811546,19
53.5,185.5,-0.04580965909090905,0.4580284620802866,17
53.5,186.5,-0.17891414141414153,0.640428787412791,11
53.5,187.5,-0.21329365079365092,0.2735614117247491,14
53.5,188.5,-0.21853699813258654,0.1787220039442179,13
53.5,190.5,-0.3765382557517386,0.2104977000553373,10
53.5,298.5,0.15841625670840798,0.640428787412791,11
53.5,300.5,0.08506944444444464,0.8762696636277617,11
53.5,301.5,0.28658950385431514,0.4362749288405292,11
53.5,302.5,0.3972530765133302,0.11947098677170075,11
53.5,303.5,0.28333583720261096,0.5829505577618919,13
53.5,304.5,-0.03487899588176692,0.9513521309544037,13
53.5,305.5,-0.25972906403940893,0.511220344688192,14
53.5,306.5,0.44532892084956044,0.19261627432960227,12
53.5,307.5,0.33422574854833825,0.3036732148994191,12
53.5,308.5,0.4013745511363177,0.4277105102974643,13
53.5,309.5,0.5533449792960665,0.2735614117247491,14
53.5,310.5,0.5063241106719367,0.3244236905215787,14
53.5,311.5,0.07238782460168029,0.9453298708327,12
53.5,312.5,0.30218105538943163,0.6206907170753546,15
53.5,313.5,0.260522027328668,0.38107448160929436,14
53.5,314.5,1.0369852742559855,0.09245959511086128,15
53.5,315.5,0.41095824117714647,0.3923143472853552,16
53.5,316.5,-0.03516806513705444,0.9741177473553713,20
53.5,317.5,-0.009990756850804578,1.0,19
53.5,318.5,-0.16696428571428612,0.40110257289194073,19
53.5,319.5,0.34631147540983653,0.4046702444107403,18
53.5,320.5,0.16927083333333331,0.6490437529262907,19
53.5,321.5,0.3691986814545404,0.5959123948117162,18
53.5,322.5,0.5663923614363063,0.06547335845953513,21
53.5,323.5,0.5535966861943495,0.17269436302931984,18
53.5,324.5,0.9564357850609756,0.05824026959156131,18
53.5,325.5,0.8050436083524315,0.021248244387927905,20
53.5,326.5,0.5488770391861015,0.2660517601229595,17
53.5,327.5,0.2812581515715672,0.4837557864964521,17
53.5,328.5,0.15850197720983716,0.7618733947779845,18
53.5,329.5,0.2962156329923286,0.29391717025195707,19
53.5,330.5,0.11835603632478708,0.7048534612178423,18
53.5,331.5,0.04950933075933099,0.6921807727218765,15
53.5,332.5,0.33659425487911987,0.3036732148994191,12
53.5,333.5,0.17208261427536514,0.640428787412791,11
53.5,334.5,-0.014120808354130727,1.0,11
54.5,132.5,-0.1333732057416268,0.7205147871362552,10
54.5,135.5,0.6934595486575684,0.08676817270387562,11
54.5,136.5,0.5338541666666666,0.21291190281150452,11
54.5,139.5,0.43028968688148367,0.2104977000553373,10
54.5,140.5,0.33731432239134473,0.5915050369949166,10
54.5,141.5,0.17229632035042464,0.5334165134726944,11
54.5,142.5,-0.12799046043687115,0.7317017232242102,12
54.5,143.5,0.19886363636363635,0.4434214028640827,14
54.5,144.5,0.4061551301393207,0.017343359162423525,13
54.5,145.5,0.19725625732381064,0.16055589143580895,13
54.5,146.5,0.050833333333333286,0.8430852292699837,15
54.5,147.5,0.08066517746339015,0.7618733947779845,18
54.5,148.5,0.022122775753384616,0.9396136982356221,18
54.5,149.5,-0.22489946899005003,0.5194960907102378,15
54.5,150.5,-0.1612331073018352,0.8368197050512747,17
54.5,151.5,-0.14008452252643863,0.6242768461207494,19
54.5,152.5,0.0827039553795332,0.8202167495096627,18
54.5,153.5,0.3393952500786412,0.2629105671183505,19
54.5,154.5,0.1967467677292848,0.5812547604118179,20
54.5,155.5,0.3194416051283416,0.31900803011512957,21
54.5,156.5,0.2632225815455119,0.016127068711782565,24
54.5,157.5,0.19504402592637884,0.3545784475977316,26
54.5,158.5,0.15831251290798956,0.5376032363488861,20
54.5,159.5,0.2717334191978599,0.4338268403653006,17
54.5,160.5,0.08498983767624575,0.7618733947779845,18
54.5,161.5,-0.09667369713097962,0.6731887478154436,20
54.5,162.5,0.020637762788864457,0.964838162737043,26
54.5,163.5,-0.11538592104308146,0.7397638077281241,21
54.5,164.5,0.08025122044206584,0.5350244506182873,22
54.5,165.5,-0.10021347046879013,0.721176307474874,20
54.5,166.5,-0.0655241935483871,0.7795660645811546,19
54.5,167.5,0.16621598840149687,0.5612202073936174,23
54.5,168.5,-0.1592079506409413,0.5261780967197713,23
54.5,169.5,-0.49723898661336907,0.0551796163231682,22
54.5,170.5,-0.3219605714381321,0.2561449666035266,20
54.5,171.5,-0.17417114695340505,0.5030370130775135,24
54.5,172.5,-0.16742510135367433,0.35874300337869447,24
54.5,173.5,-0.1407132682132681,0.4690632682744802,25
54.5,174.5,0.02198073494420281,0.9255497545807507,25
54.5,175.5,-0.014204545454545456,0.9578745987779059,23
54.5,176.5,-0.0749849033816421,0.45960782304895875,23
54.5,177.5,-0.12834293981905023,0.5973541948267042,23
54.5,178.5,0.16880434376401393,0.24521106099767986,23
54.5,179.5,0.17219471998530037,0.2723427122311102,25
54.5,180.5,0.07544419182350227,0.5350244506182873,22
54.5,181.5,0.20115624305246782,0.5366482363005154,17
54.5,182.5,-0.05863599839070312,0.8925584658515614,16
54.5,183.5,-0.16200420372329796,0.37305311625145265,15
54.5,184.5,-0.2239968967770034,0.42848041949799653,15
54.5,185.5,0.040689271503501434,0.8218916912511594,16
54.5,186.5,0.036352040816326,1.0,14
54.5,187.5,-0.16050635090259602,0.5371338571769023,12
54.5,188.5,-0.5977443609022558,0.06170669002831271,11
54.5,189.5,-0.9239618406285072,0.07363827012030266,10
54.5,190.5,-0.4891304347826086,0.2104977000553373,10
54.5,301.5,0.42413905743341396,0.012731364269923499,11
54.5,302.5,0.4694524225774224,0.08676817270387562,11
54.5,303.5,0.4907595583331048,0.10740463633025372,10
54.5,304.5,-0.017432008195019666,0.8762696636277617,11
54.5,305.5,-0.23260484749455324,0.6693340144640527,13
54.5,306.5,0.07093919077864093,0.7425568219265776,14
54.5,307.5,0.17856405548201906,0.4277105102974643,13
54.5,308.5,0.49973049855595597,0.08647112777407255,12
54.5,309.5,0.5467017900067682,0.27575784782750934,11
54.5,310.5,0.22392890772128027,0.8762696636277617,11
54.5,311.5,0.08785036913969431,1.0,11
54.5,312.5,0.02028821562069653,1.0,11
54.5,313.5,0.34867176766956615,0.2714413093749889,12
54.5,314.5,0.5481551995798319,0.24638736002924666,13
54.5,315.5,-0.06649080086580073,0.8368197050512747,17
54.5,316.5,-0.014790398918187845,1.0,18
54.5,317.5,-0.3128417769477164,0.6204252937103817,16
54.5,318.5,-0.11546976812402238,0.7425568219265776,14
54.5,319.5,-0.018086866472175965,1.0,16
54.5,320.5,0.17519642141354247,0.7526419827681854,16
54.5,321.5,0.04372842437036152,0.8925584658515614,16
54.5,322.5,-0.06953616102249147,0.6504631229507133,17
54.5,323.5,0.2171644748046607,0.23495478370334333,15
54.5,324.5,0.26918754223560504,0.2762784158080178,15
54.5,325.5,0.4429563492063496,0.2762784158080178,15
54.5,326.5,0.3123020890965226,0.3923143472853552,16
54.5,327.5,0.19795440539791972,0.7108359248149255,17
54.5,328.5,-0.683974691228135,0.2001281176786024,13
54.5,329.5,-0.3538268950058468,0.3036732148994191,12
54.5,330.5,0.03957586618876928,0.9128140271840749,14
54.5,331.5,0.32196619884688776,0.11507464782117936,16
54.5,332.5,0.377102783958978,0.1498607475130492,12
54.5,333.5,-0.00370025634765625,1.0,10
54.5,334.5,0.11682877044408599,0.6312218204782533,12
55.5,136.5,0.1497747747747749,0.5334165134726944,11
55.5,137.5,-0.015775240384615766,1.0,10
55.5,138.5,0.03292476178505588,1.0,10
55.5,139.5,0.085833659117589,0.8762696636277617,11
55.5,140.5,0.21177453017733536,0.8580276569875211,10
55.5,142.5,0.03220260423403598,0.8580276569875211,10
55.5,143.5,0.22485024769586873,0.35020138917929566,11
55.5,144.5,0.4961997888160502,0.1843509512097482,11
55.5,145.5,0.05524628108246581,0.8580276569875211,10
55.5,146.5,-0.034765905823148924,0.8762696636277617,11
55.5,147.5,-0.24666666666666648,0.3244236905215787,14
55.5,148.5,0.17746913580246923,0.22843980898867533,14
55.5,149.5,-0.23549089231263054,0.37305311625145265,15
55.5,150.5,-0.24103144909243923,0.511220344688192,14
55.5,151.5,-0.48056883003088047,0.3244236905215787,14
55.5,152.5,-0.12527981277981246,0.4884223166225936,15
55.5,153.5,-0.16996184530003483,0.5526151250628484,15
55.5,154.5,-0.1729166666666666,0.42848041949799653,15
55.5,155.5,-0.07188993084250422,0.6921807727218765,15
55.5,156.5,0.441804566438107,0.07910921509869843,16
55.5,157.5,-0.12575843654414504,0.4873503903353207,21
55.5,158.5,-0.17208247164369228,0.3004271167492414,16
55.5,159.5,-0.1508508096072911,0.49946120310401465,16
55.5,160.5,-0.0720683411356353,0.7618733947779845,18
55.5,161.5,0.014230971729213018,1.0,18
55.5,162.5,-0.17699170411380052,0.4046702444107403,18
55.5,163.5,-0.008009011685482174,0.975910003234818,21
55.5,164.5,-0.06742169728298676,0.4555354119407532,20
55.5,165.5,-0.19527273960440114,0.3030965324675493,17
55.5,166.5,0.11893211141985889,0.5366482363005154,17
55.5,167.5,-0.014583333333333393,0.9442166279919116,19
55.5,168.5,-0.11419287052277721,0.6264962743469109,20
55.5,169.5,-0.11706021251475801,0.6930118863702326,22
55.5,170.5,-0.2793151158768592,0.3272855802219552,19
55.5,171.5,0.04966084237014978,0.8203382164336169,20
55.5,172.5,-0.032916666666666636,1.0,19
55.5,173.5,-0.012114215264274964,0.975910003234818,21
55.5,174.5,0.0517296264855687,0.8887055908352302,19
55.5,175.5,0.03257818765036081,0.7795660645811546,19
55.5,176.5,0.2138157894736842,0.15382082239203035,23
55.5,177.5,-0.051166346276366376,0.6077081401081054,21
55.5,178.5,0.01535031310709649,0.975910003234818,21
55.5,179.5,-0.23860367063492038,0.3630203849440149,19
55.5,180.5,0.00884130658436194,0.9741177473553713,20
55.5,181.5,-0.01987191711161973,0.9396136982356221,18
55.5,182.5,0.05318567489903691,0.8368197050512747,17
55.5,183.5,-0.0041643460879029134,0.9016495048953725,17
55.5,184.5,0.027698863636363476,0.8202167495096627,18
55.5,185.5,0.18255921712322926,0.3004271167492414,16
55.5,186.5,-0.07457918103959847,0.7603323075218761,13
55.5,187.5,-0.3188797130719537,0.2001281176786024,13
55.5,188.5,-0.5550012014898471,0.16112494928905186,11
55.5,189.5,-0.665698807932264,0.02004466862262744,10
55.5,303.5,-0.048100949525237406,0.8580276569875211,10
55.5,304.5,-0.15373309168533322,0.36012164775537825,13
55.5,305.5,-0.13173491379310193,0.16055589143580895,13
55.5,306.5,0.014201458305442666,0.9453298708327,12
55.5,307.5,-0.31588356496444714,0.5371338571769023,12
55.5,308.5,-0.3032124125874125,0.640428787412791,11
55.5,313.5,-0.23317768199233702,0.7205147871362552,10
55.5,315.5,-0.0744645247657294,1.0,10
55.5,316.5,0.2140567765567766,0.511220344688192,14
55.5,317.5,1.073956725790187,0.2437222847721744,12
55.5,318.5,0.31437901707551313,0.4277105102974643,13
55.5,319.5,0.3325238772202321,0.3244236905215787,14
55.5,320.5,0.46343095313003907,0.2001281176786024,13
55.5,321.5,-0.21907774691367538,0.6312218204782533,12
55.5,322.5,-0.0669914461616696,0.6206907170753546,15
55.5,323.5,-0.07266764668080478,0.741535244360739,17
55.5,324.5,-0.19593017470494628,0.4440436396628866,16
55.5,325.5,-0.03385096290582368,0.9640893612679119,16
55.5,326.5,0.08660791959236938,0.9211586502250249,15
55.5,327.5,-0.10536266324325386,0.8218916912511594,16
55.5,328.5,-0.5829229494298745,0.22843980898867533,14
55.5,329.5,-0.80607339704034,0.058587575310488894,13
55.5,330.5,-0.5817550278842275,0.023987534464426946,13
55.5,331.5,-0.4065036308591886,0.36012164775537825,13
55.5,332.5,-0.4334617054648693,0.1498607475130492,12
55.5,333.5,-0.5390583757050369,0.37109336952269756,10
55.5,334.5,0.0051945181255528775,1.0,10
56.5,140.5,0.3088120010942662,0.3726914904715183,12
56.5,141.5,0.2611099837662337,0.27575784782750934,11
56.5,142.5,0.09380238266283523,0.9513521309544037,13
56.5,143.5,0.11279684335041432,0.4506702853141802,12
56.5,144.5,0.27716351222043817,0.08676817270387562,11
56.5,145.5,0.19211197992710594,0.2437222847721744,12
56.5,146.5,0.015881568822618222,0.9513521309544037,13
56.5,147.5,0.0584996412102389,0.4277105102974643,13
56.5,148.5,0.11824324324324326,0.9128140271840749,14
56.5,149.5,0.29141809909936583,0.36012164775537825,13
56.5,150.5,-0.028486070503017418,0.8266659696701553,14
56.5,151.5,-0.03368186731047201,0.8046251978633095,17
56.5,152.5,0.023759117032625104,0.8925584658515614,16
56.5,153.5,-0.21651823163608433,0.3004271167492414,16
56.5,154.5,-0.0732809056178639,0.9128140271840749,14
56.5,155.5,-0.1704044117647058,0.511220344688192,14
56.5,156.5,-0.009869069754338433,1.0,14
56.5,157.5,-0.028406538287770462,0.7665252995235718,15
56.5,158.5,-0.08796863532794257,0.9640893612679119,16
56.5,159.5,-0.2642390809004732,0.0995087321591697,13
56.5,160.5,-0.2157083494016834,0.27575784782750934,11
56.5,161.5,-0.1059628520184713,0.8370114751054462,12
56.5,162.5,0.09179430691485829,0.6206907170753546,15
56.5,163.5,-0.04067001546840193,0.8795727890074994,18
56.5,164.5,-0.0367470936249047,0.7730800663123129,17
56.5,165.5,-0.09543918918918928,0.6206907170753546,15
56.5,166.5,-0.1430450623917329,0.32229959587191925,15
56.5,167.5,-0.1560190837128926,0.18344722817247316,20
56.5,168.5,-0.2792885315242073,0.04233103782986545,22
56.5,169.5,-0.41091374239884904,0.03203437170592567,21
56.5,170.5,-0.26177869684969074,0.12728869225659978,20
56.5,171.5,-0.24421296296296288,0.28888280402716393,18
56.5,172.5,-0.04150596072931272,0.8925584658515614,16
56.5,173.5,-0.01903760302197799,1.0,18
56.5,174.5,-0.10250337697036416,0.9128140271840749,14
56.5,175.5,0.005978954081632773,1.0,14
56.5,176.5,0.24989081527837992,0.34341948718274173,17
56.5,177.5,0.12427510891597393,0.6853285557833784,16
56.5,178.5,0.12773594338296212,0.6494456692174662,18
56.5,179.5,0.04322382348151743,0.6731887478154436,20
56.5,180.5,-0.021615036483747296,0.9442166279919116,19
56.5,181.5,-0.09646824739913178,0.34341948718274173,17
56.5,182.5,-0.13225500381930166,0.5840703669455064,14
56.5,183.5,-0.10433388949013939,0.4338268403653006,17
56.5,184.5,-0.2604166666666668,0.2762784158080178,15
56.5,185.5,-0.09039792179701978,0.6693340144640527,13
56.5,186.5,-0.05295357082514254,0.7317017232242102,12
56.5,187.5,-0.15320616883116872,0.35020138917929566,11
56.5,305.5,0.40644753565566577,0.37109336952269756,10
56.5,306.5,0.3082968761992479,0.5295988084250075,10
56.5,307.5,-0.0738636363636362,0.7205147871362552,10
56.5,308.5,-0.02757352941176471,1.0,10
56.5,318.5,1.071582479145504,0.2104977000553373,10
56.5,319.5,-0.03423913043478244,1.0,14
56.5,320.5,0.25903946314102533,0.3244236905215787,14
56.5,321.5,0.15609548520854016,0.6312218204782533,12
56.5,323.5,-0.307724421974946,0.07363827012030266,10
56.5,324.5,-0.2810301111931546,0.24638736002924666,13
56.5,325.5,0.1820751315119631,0.2762784158080178,15
56.5,326.5,0.18004927286643718,0.5840703669455064,14
56.5,327.5,-0.17091918217844887,0.7603323075218761,13
56.5,328.5,-0.4253782155709175,0.38107448160929436,14
56.5,329.5,-0.49899081830384606,0.36012164775537825,13
56.5,330.5,-0.7049844441857717,0.16055589143580895,13
56.5,331.5,-0.7903565640773282,0.07685087226788877,13
56.5,332.5,-0.7055395495023569,0.10740463633025372,10
56.5,334.5,-0.18027418786352817,0.5295988084250075,10
56.5,335.5,-0.21398863833174728,0.5915050369949166,10
56.5,336.5,0.18491536031514044,0.5915050369949166,10
56.5,337.5,0.07747151930662148,0.7205147871362552,10
57.5,141.5,0.5436276990553305,0.012266061386212975,10
57.5,142.5,0.20886104626202268,0.6312218204782533,12
57.5,143.5,0.28628110585878574,0.5371338571769023,12
57.5,144.5,0.1138031275060142,0.511220344688192,14
57.5,145.5,-0.21940987933634987,0.27575784782750934,11
57.5,146.5,-0.07565188365413227,0.37109336952269756,10
57.5,147.5,-0.2623780632803135,0.04674494105371118,12
57.5,148.5,-0.07465663580246922,0.6693340144640527,13
57.5,149.5,-0.33486575045065414,0.2437222847721744,12
57.5,150.5,-0.3318111685069672,0.04296014602842502,11
57.5,151.5,-0.2936599792709751,0.3726914904715183,12
57.5,152.5,0.10228298163884222,0.5371338571769023,12
57.5,153.5,0.08704784161088294,1.0,15
57.5,154.5,0.16850490196078427,0.1888874775395376,14
57.5,155.5,0.11775362318840565,0.7205147871362552,10
57.5,156.5,0.0548863410949707,1.0,11
57.5,157.5,-0.08302742139627532,0.8370114751054462,12
57.5,158.5,-0.07091912332906183,0.6693340144640527,13
57.5,159.5,-0.014341450511663198,0.9211586502250249,15
57.5,160.5,0.13116105027869832,0.5840703669455064,14
57.5,161.5,0.1926290962481647,0.19821061903884274,15
57.5,162.5,0.0828161157984528,0.8218916912511594,16
57.5,163.5,-0.14342447961358665,0.6204252937103817,16
57.5,164.5,-0.0025362318840579812,1.0,14
57.5,165.5,-0.11293312600080901,0.49946120310401465,16
57.5,166.5,-0.17071759259259275,0.17269436302931984,18
57.5,167.5,0.06692519335141031,0.7730800663123129,17
57.5,168.5,-0.03769708552317243,0.6723318966667974,21
57.5,169.5,-0.27202190283671374,0.2660517601229595,17
57.5,170.5,-0.20751191973043925,0.3030965324675493,17
57.5,171.5,-0.1193214969515561,0.4837557864964521,17
57.5,172.5,-0.06994977916828504,0.7730800663123129,17
57.5,173.5,0.10744968949899628,0.4884223166225936,15
57.5,174.5,0.14204545454545453,0.2735614117247491,14
57.5,175.5,0.33810308453080073,0.0995087321591697,13
57.5,176.5,0.2568959207415933,0.5371338571769023,12
57.5,177.5,0.2489224137931032,0.0748246071030847,15
57.5,178.5,0.08952396635320684,0.3030965324675493,17
57.5,179.5,0.06823472559251324,0.9016495048953725,17
57.5,180.5,-0.014663322031041395,0.9396136982356221,18
57.5,181.5,-0.003677409316342839,1.0,16
57.5,182.5,0.16101697477421018,0.5583509093759852,16
57.5,183.5,-0.0371359365957753,0.7048534612178423,18
57.5,184.5,-0.07857622215308266,0.3923143472853552,16
57.5,185.5,0.09609337203676796,0.6614159170078631,14
57.5,186.5,-0.02134567033627688,1.0,12
57.5,187.5,-0.33528098073892093,0.4742743507673295,10
57.5,319.5,0.005252100840335986,1.0,11
57.5,320.5,0.7036356202502805,0.2437222847721744,12
57.5,321.5,0.7275180033753972,0.11475673431864909,12
57.5,322.5,0.10117888326865765,0.7317017232242102,12
57.5,323.5,0.06689162481398823,0.640428787412791,11
57.5,325.5,-0.14910062997347495,0.640428787412791,11
57.5,326.5,0.22466724484739453,0.21291190281150452,11
57.5,327.5,0.28951350093109857,0.38107448160929436,14
57.5,328.5,0.2538029100529098,0.37305311625145265,15
57.5,329.5,-0.17538265306122458,0.701134269310392,14
57.5,330.5,-0.24733210719369875,0.22843980898867533,14
57.5,331.5,-0.21739130434782616,0.6206907170753546,15
57.5,332.5,-0.46178295709095707,0.37109336952269756,10
57.5,333.5,-0.24278846153846168,0.28313087066234666,10
57.5,336.5,-0.2679573512906863,0.640428787412791,11
58.5,140.5,0.20879950543563497,0.07363827012030266,10
58.5,141.5,0.4948877304690126,0.023642218909198473,12
58.5,142.5,0.5057565789473684,0.27575784782750934,11
58.5,146.5,0.07412233499485309,0.4742743507673295,10
58.5,148.5,-0.20688339687026006,0.06410357671243591,12
58.5,152.5,-0.0039056101556101644,1.0,12
58.5,153.5,-0.011833695287532515,0.9453298708327,12
58.5,154.5,0.3275183721917469,0.35020138917929566,11
58.5,160.5,-0.16666703644657663,0.4362749288405292,11
58.5,161.5,-0.20140409181186233,0.42848041949799653,15
58.5,162.5,-0.031684843619465476,0.9671423309063722,17
58.5,163.5,0.10887820296171573,0.5923012814329899,17
58.5,164.5,0.022202863955169943,0.9396136982356221,18
58.5,165.5,0.19346034133477136,0.6853285557833784,16
58.5,166.5,0.052545509862583,0.6206907170753546,15
58.5,167.5,0.04715172448405702,0.6693340144640527,13
58.5,168.5,0.05400485436893199,0.5915050369949166,10
58.5,169.5,-0.04027270625754831,1.0,11
58.5,170.5,-0.0423759364752216,0.9453298708327,12
58.5,171.5,-0.18383637125389063,0.36012164775537825,13
58.5,172.5,-0.16145571290280314,0.2996654484343021,13
58.5,173.5,0.008034894398530721,1.0,15
58.5,174.5,0.06901041666666681,0.7665252995235718,15
58.5,175.5,0.04599567099567109,0.6853285557833784,16
58.5,176.5,0.0007971938775508391,0.9128140271840749,14
58.5,177.5,0.03998286572284185,0.7526419827681854,16
58.5,178.5,-0.019071691176471006,0.7665252995235718,15
58.5,179.5,0.13392857142857142,0.4884223166225936,15
58.5,180.5,0.007629687238974796,0.9513521309544037,13
58.5,181.5,-0.010211903561828106,1.0,14
58.5,182.5,0.07745726495726511,0.32229959587191925,15
58.5,183.5,0.04877149435211159,0.5526151250628484,15
58.5,184.5,0.004433638443935899,0.9211586502250249,15
58.5,185.5,0.10959612777809694,0.6614159170078631,14
58.5,186.5,0.03947447267497596,1.0,11
58.5,187.5,-0.019922707889125608,0.8580276569875211,10
58.5,316.5,-0.5273102678571435,0.4742743507673295,10
58.5,317.5,-0.8516661259165986,0.10740463633025372,10
58.5,318.5,-0.06447908365067505,1.0,10
58.5,320.5,-0.11952298482259133,0.8370114751054462,12
58.5,321.5,0.07345085470085462,1.0,10
58.5,322.5,-0.05032114350627954,0.8580276569875211,10
58.5,326.5,0.08522727272727318,1.0,11
58.5,327.5,0.0938881798610304,0.640428787412791,11
58.5,328.5,-0.02726198916674511,1.0,12
58.5,329.5,-0.03429355281207132,0.6614159170078631,14
58.5,330.5,-0.8588166199609226,0.06410357671243591,12
58.5,331.5,-0.5723458426339287,0.19261627432960227,12
58.5,332.5,-0.2285864618089464,0.27575784782750934,11
58.5,333.5,-0.25637254901960793,0.28313087066234666,10
58.5,335.5,-0.13642052544487804,0.7554968749288828,11
58.5,336.5,0.09229534510433371,0.5915050369949166,10
58.5,337.5,-0.11231060606060606,1.0,11
59.5,146.5,0.04693502610425517,0.5371338571769023,12
59.5,154.5,-0.3234265734265735,0.31004412387652436,11
59.5,158.5,-0.06730588277181004,0.35020138917929566,11
59.5,159.5,-0.017361111111111112,1.0,10
59.5,160.5,-0.012814538676607683,0.9128140271840749,14
59.5,161.5,-0.033847500705411475,0.7730800663123129,17
59.5,162.5,0.4733550890080568,0.1081613547799688,17
59.5,163.5,-0.06119839240043824,0.8430852292699837,15
59.5,164.5,-0.12430353682170528,0.6921807727218765,15
59.5,165.5,-0.17394179894179612,0.6614159170078631,14
59.5,166.5,-0.23871999549211012,0.6312218204782533,12
59.5,167.5,0.09469098878598285,0.8547770980655479,13
59.5,168.5,-0.02900094696969696,0.8762696636277617,11
59.5,172.5,-0.06136964454436178,0.640428787412791,11
59.5,173.5,0.06691154805792027,0.7603323075218761,13
59.5,174.5,-0.02771239033482838,0.7317017232242102,12
59.5,175.5,-0.019965277777778123,0.9211586502250249,15
59.5,176.5,-0.037227326456050015,1.0,15
59.5,177.5,0.11306156365205089,0.5021582515007486,13
59.5,178.5,0.17731374086537924,0.5334165134726944,11
59.5,179.5,-0.011431784107945923,1.0,11
59.5,180.5,-0.05381736815709289,0.8580276569875211,10
59.5,181.5,0.013382476206037709,0.9453298708327,12
59.5,182.5,-0.14776583710407226,0.35020138917929566,11
59.5,184.5,-0.04426331692960664,0.5334165134726944,11
59.5,185.5,0.016840624768672777,0.8580276569875211,10
59.5,186.5,0.12397624897624895,0.8580276569875211,10
59.5,318.5,-0.9603006042098932,0.15240628395674932,10
59.5,319.5,-0.7922978814598338,0.03182312738649017,10
59.5,320.5,-0.5283937853038445,0.21291190281150452,11
59.5,321.5,-0.15444711538461542,1.0,10
59.5,325.5,0.16622885679587363,0.7205147871362552,10
59.5,330.5,-0.16891197038255884,0.4742743507673295,10
59.5,334.5,-0.10192694580661382,1.0,10
59.5,335.5,0.017132675438596336,0.8580276569875211,10
59.5,336.5,-0.07947198275862069,0.8580276569875211,10
59.5,337.5,-0.07133575825280164,0.4506702853141802,12
60.5,158.5,-0.042406376965200374,0.6693340144640527,13
60.5,161.5,-0.21588741378116072,0.5371338571769023,12
60.5,162.5,-0.4542639968741653,0.12720368763109946,13
60.5,163.5,-0.018874188471375265,1.0,14
60.5,164.5,-0.15382888779729534,0.42848041949799653,15
60.5,172.5,0.1330424920583892,0.4742743507673295,10
60.5,173.5,0.04864966658145466,0.7554968749288828,11
60.5,174.5,0.07073859358096486,0.640428787412791,11
60.5,177.5,0.1440746753246754,0.37109336952269756,10
60.5,180.5,-0.009611417546598777,0.8370114751054462,12
60.5,183.5,-0.1687221377974335,0.10740463633025372,10
60.5,186.5,-0.12546182266009848,0.28313087066234666,10
60.5,319.5,-1.1183081140927926,0.07363827012030266,10
60.5,320.5,-0.39241651205936917,0.27575784782750934,11
60.5,321.5,-0.16115596375665023,0.6312218204782533,12
60.5,322.5,-0.04668445121951316,0.7554968749288828,11
60.5,323.5,0.1239290677584135,1.0,10
60.5,328.5,-0.05833333333333357,0.5915050369949166,10
60.5,334.5,-0.1379870129870131,0.2104977000553373,10
60.5,336.5,-0.024742834081054144,0.8580276569875211,10
61.5,157.5,0.5619928214731562,0.10740463633025372,10
61.5,158.5,0.04626551418439691,0.8762696636277617,11
61.5,160.5,-0.021036661661661467,1.0,10
61.5,163.5,0.12618955761316863,0.27575784782750934,11
61.5,182.5,-0.06018888382684606,0.5915050369949166,10
61.5,183.5,-0.01942326945643271,0.8580276569875211,10
61.5,319.5,-0.6871639784946233,0.28313087066234666,10
61.5,320.5,-0.31302953280077456,0.27575784782750934,11
61.5,321.5,-0.19542939481679467,0.5334165134726944,11
61.5,323.5,0.06374713352748307,0.8580276569875211,10
