SID,TIME,YEAR,BASIN,TC_LAT,TC_LON_360,GRID_LAT,GRID_LON,PRECIP_3H_MM,PRECIP_MMHR,ROW,IS_INTERPOLATED_TIMESTEP,POT99_MM_3H
2018269N11220,2018-10-03 03:00:00+00:00,2018,EP,16.75,189.8,23.45,193.35,13.3125,4.4375,2395933,False,10.2351
2018269N11220,2018-10-03 03:00:00+00:00,2018,EP,16.75,189.8,23.45,193.45,12.5,4.1666665,2395934,False,10.7139
2018269N11220,2018-10-03 03:00:00+00:00,2018,EP,16.75,189.8,23.45,193.55,10.8125,3.6041667,2395935,False,10.7139
2018269N11220,2018-10-03 03:00:00+00:00,2018,EP,16.75,189.8,23.350002,192.85,10.25,3.4166667,2399528,False,9.7563
2018269N11220,2018-10-03 03:00:00+00:00,2018,EP,16.75,189.8,23.350002,192.95,10.3125,3.4375,2399529,False,9.995701
2018269N11220,2018-10-03 03:00:00+00:00,2018,EP,16.75,189.8,23.350002,193.15001,14.125,4.7083335,2399531,False,10.474501
2018269N11220,2018-10-03 03:00:00+00:00,2018,EP,16.75,189.8,23.350002,193.25,10.625,3.5416667,2399532,False,10.2351
2018269N11220,2018-10-03 03:00:00+00:00,2018,EP,16.75,189.8,23.350002,193.35,14.6875,4.8958335,2399533,False,10.474501
2018269N11220,2018-10-03 03:00:00+00:00,2018,EP,16.75,189.8,23.350002,193.45,13.4375,4.4791665,2399534,False,10.474501
2018269N11220,2018-10-03 03:00:00+00:00,2018,EP,16.75,189.8,23.249996,192.55,10.5,3.5,2403125,False,9.7563
2018269N11220,2018-10-03 03:00:00+00:00,2018,EP,16.75,189.8,23.249996,192.65001,11.5,3.8333333,2403126,False,9.7563
2018269N11220,2018-10-03 03:00:00+00:00,2018,EP,16.75,189.8,23.249996,192.75,12.625,4.2083335,2403127,False,9.7563
2018269N11220,2018-10-03 03:00:00+00:00,2018,EP,16.75,189.8,23.249996,192.85,12.125,4.0416665,2403128,False,9.2775
2018269N11220,2018-10-03 03:00:00+00:00,2018,EP,16.75,189.8,23.249996,193.05,10.4375,3.4791667,2403130,False,10.2351
2018269N11220,2018-10-03 03:00:00+00:00,2018,EP,16.75,189.8,23.249996,193.15001,12.25,4.0833335,2403131,False,10.2351
2018269N11220,2018-10-03 03:00:00+00:00,2018,EP,16.75,189.8,23.249996,193.25,10.5,3.5,2403132,False,10.2351
2018269N11220,2018-10-03 03:00:00+00:00,2018,EP,16.75,189.8,23.249996,193.35,13.125,4.375,2403133,False,9.995701
2018269N11220,2018-10-03 03:00:00+00:00,2018,EP,16.75,189.8,23.249996,193.45,10.8125,3.6041667,2403134,False,10.2351
2018269N11220,2018-10-03 03:00:00+00:00,2018,EP,16.75,189.8,23.149998,192.25,10.75,3.5833333,2406722,False,9.516899
2018269N11220,2018-10-03 03:00:00+00:00,2018,EP,16.75,189.8,23.149998,192.35,13.1875,4.3958335,2406723,False,9.7563
2018269N11220,2018-10-03 03:00:00+00:00,2018,EP,16.75,189.8,23.149998,192.45,12.875,4.2916665,2406724,False,9.516899
2018269N11220,2018-10-03 03:00:00+00:00,2018,EP,16.75,189.8,23.149998,192.55,13.75,4.5833335,2406725,False,9.2775
2018269N11220,2018-10-03 03:00:00+00:00,2018,EP,16.75,189.8,23.149998,192.65001,14.1875,4.7291665,2406726,False,9.7563
2018269N11220,2018-10-03 03:00:00+00:00,2018,EP,16.75,189.8,23.149998,192.75,14.0,4.6666665,2406727,False,9.7563
2018269N11220,2018-10-03 03:00:00+00:00,2018,EP,16.75,189.8,23.149998,192.85,13.5625,4.5208335,2406728,False,9.7563
2018269N11220,2018-10-03 03:00:00+00:00,2018,EP,16.75,189.8,23.149998,193.05,10.625,3.5416667,2406730,False,10.2351
2018269N11220,2018-10-03 03:00:00+00:00,2018,EP,16.75,189.8,23.149998,193.15001,11.8125,3.9375,2406731,False,9.995701
2018269N11220,2018-10-03 03:00:00+00:00,2018,EP,16.75,189.8,23.149998,193.45,10.3125,3.4375,2406734,False,10.2351
2018269N11220,2018-10-03 03:00:00+00:00,2018,EP,16.75,189.8,23.05,192.25,12.75,4.25,2410322,False,9.516899
2018269N11220,2018-10-03 03:00:00+00:00,2018,EP,16.75,189.8,23.05,192.35,12.9375,4.3125,2410323,False,9.516899
2018269N11220,2018-10-03 03:00:00+00:00,2018,EP,16.75,189.8,23.05,192.45,13.5625,4.5208335,2410324,False,9.7563
2018269N11220,2018-10-03 03:00:00+00:00,2018,EP,16.75,189.8,23.05,192.55,13.3125,4.4375,2410325,False,9.7563
2018269N11220,2018-10-03 03:00:00+00:00,2018,EP,16.75,189.8,23.05,192.65001,13.125,4.375,2410326,False,9.7563
2018269N11220,2018-10-03 03:00:00+00:00,2018,EP,16.75,189.8,23.05,192.75,12.75,4.25,2410327,False,9.995701
2018269N11220,2018-10-03 03:00:00+00:00,2018,EP,16.75,189.8,23.05,192.85,12.9375,4.3125,2410328,False,9.995701
2018269N11220,2018-10-03 03:00:00+00:00,2018,EP,16.75,189.8,23.05,192.95,10.5625,3.5208333,2410329,False,10.2351
2018269N11220,2018-10-03 03:00:00+00:00,2018,EP,16.75,189.8,23.05,193.05,11.9375,3.9791667,2410330,False,10.2351
2018269N11220,2018-10-03 03:00:00+00:00,2018,EP,16.75,189.8,23.05,193.15001,11.875,3.9583333,2410331,False,9.995701
2018269N11220,2018-10-03 03:00:00+00:00,2018,EP,16.75,189.8,23.05,193.25,11.3125,3.7708333,2410332,False,9.995701
2018269N11220,2018-10-03 03:00:00+00:00,2018,EP,16.75,189.8,23.05,193.35,10.625,3.5416667,2410333,False,9.7563
2018269N11220,2018-10-03 03:00:00+00:00,2018,EP,16.75,189.8,22.95,192.05,11.4375,3.8125,2413920,False,9.516899
2018269N11220,2018-10-03 03:00:00+00:00,2018,EP,16.75,189.8,22.95,192.15001,10.0625,3.3541667,2413921,False,9.2775
2018269N11220,2018-10-03 03:00:00+00:00,2018,EP,16.75,189.8,22.95,192.25,14.9375,4.9791665,2413922,False,9.516899
2018269N11220,2018-10-03 03:00:00+00:00,2018,EP,16.75,189.8,22.95,192.35,15.0,5.0,2413923,False,9.7563
2018269N11220,2018-10-03 03:00:00+00:00,2018,EP,16.75,189.8,22.95,192.45,15.375,5.125,2413924,False,10.2351
2018269N11220,2018-10-03 03:00:00+00:00,2018,EP,16.75,189.8,22.95,192.55,15.375,5.125,2413925,False,10.2351
2018269N11220,2018-10-03 03:00:00+00:00,2018,EP,16.75,189.8,22.95,192.65001,16.0,5.3333335,2413926,False,9.7563
2018269N11220,2018-10-03 03:00:00+00:00,2018,EP,16.75,189.8,22.95,192.75,13.0,4.3333335,2413927,False,9.7563
2018269N11220,2018-10-03 03:00:00+00:00,2018,EP,16.75,189.8,22.95,192.85,14.5625,4.8541665,2413928,False,9.7563
2018269N11220,2018-10-03 03:00:00+00:00,2018,EP,16.75,189.8,22.95,192.95,12.75,4.25,2413929,False,9.995701
2018269N11220,2018-10-03 03:00:00+00:00,2018,EP,16.75,189.8,22.95,193.05,12.125,4.0416665,2413930,False,10.2351
2018269N11220,2018-10-03 03:00:00+00:00,2018,EP,16.75,189.8,22.95,193.15001,10.875,3.625,2413931,False,9.995701
2018269N11220,2018-10-03 03:00:00+00:00,2018,EP,16.75,189.8,22.95,193.35,10.4375,3.4791667,2413933,False,9.995701
2018269N11220,2018-10-03 03:00:00+00:00,2018,EP,16.75,189.8,22.850002,192.05,12.8125,4.2708335,2417520,False,9.2775
2018269N11220,2018-10-03 03:00:00+00:00,2018,EP,16.75,189.8,22.850002,192.15001,13.625,4.5416665,2417521,False,9.2775
2018269N11220,2018-10-03 03:00:00+00:00,2018,EP,16.75,189.8,22.850002,192.25,14.625,4.875,2417522,False,9.516899
2018269N11220,2018-10-03 03:00:00+00:00,2018,EP,16.75,189.8,22.850002,192.35,14.5,4.8333335,2417523,False,9.7563
2018269N11220,2018-10-03 03:00:00+00:00,2018,EP,16.75,189.8,22.850002,192.45,13.4375,4.4791665,2417524,False,9.995701
2018269N11220,2018-10-03 03:00:00+00:00,2018,EP,16.75,189.8,22.850002,192.55,15.8125,5.2708335,2417525,False,9.995701
2018269N11220,2018-10-03 03:00:00+00:00,2018,EP,16.75,189.8,22.850002,192.65001,17.6875,5.8958335,2417526,False,9.7563
2018269N11220,2018-10-03 03:00:00+00:00,2018,EP,16.75,189.8,22.850002,192.75,17.5,5.8333335,2417527,False,9.516899
2018269N11220,2018-10-03 03:00:00+00:00,2018,EP,16.75,189.8,22.850002,192.85,14.25,4.75,2417528,False,9.516899
2018269N11220,2018-10-03 03:00:00+00:00,2018,EP,16.75,189.8,22.850002,192.95,13.5625,4.5208335,2417529,False,9.7563
2018269N11220,2018-10-03 03:00:00+00:00,2018,EP,16.75,189.8,22.850002,193.05,10.3125,3.4375,2417530,False,9.7563
2018269N11220,2018-10-03 03:00:00+00:00,2018,EP,16.75,189.8,22.749996,191.95,12.1875,4.0625,2421119,False,9.038099
2018269N11220,2018-10-03 03:00:00+00:00,2018,EP,16.75,189.8,22.749996,192.05,12.25,4.0833335,2421120,False,9.2775
2018269N11220,2018-10-03 03:00:00+00:00,2018,EP,16.75,189.8,22.749996,192.15001,15.875,5.2916665,2421121,False,9.7563
2018269N11220,2018-10-03 03:00:00+00:00,2018,EP,16.75,189.8,22.749996,192.25,14.5,4.8333335,2421122,False,9.516899
2018269N11220,2018-10-03 03:00:00+00:00,2018,EP,16.75,189.8,22.749996,192.35,20.0625,6.6875,2421123,False,9.7563
2018269N11220,2018-10-03 03:00:00+00:00,2018,EP,16.75,189.8,22.749996,192.45,14.75,4.9166665,2421124,False,9.995701
2018269N11220,2018-10-03 03:00:00+00:00,2018,EP,16.75,189.8,22.749996,192.55,16.75,5.5833335,2421125,False,9.7563
2018269N11220,2018-10-03 03:00:00+00:00,2018,EP,16.75,189.8,22.749996,192.65001,20.3125,6.7708335,2421126,False,9.516899
2018269N11220,2018-10-03 03:00:00+00:00,2018,EP,16.75,189.8,22.749996,192.75,20.8125,6.9375,2421127,False,9.516899
2018269N11220,2018-10-03 03:00:00+00:00,2018,EP,16.75,189.8,22.749996,192.85,14.375,4.7916665,2421128,False,9.516899
2018269N11220,2018-10-03 03:00:00+00:00,2018,EP,16.75,189.8,22.749996,192.95,13.5,4.5,2421129,False,9.7563
2018269N11220,2018-10-03 03:00:00+00:00,2018,EP,16.75,189.8,22.749996,193.05,12.875,4.2916665,2421130,False,9.7563
2018269N11220,2018-10-03 03:00:00+00:00,2018,EP,16.75,189.8,22.649998,191.85,10.0,3.3333333,2424718,False,8.7987
2018269N11220,2018-10-03 03:00:00+00:00,2018,EP,16.75,189.8,22.649998,191.95,12.3125,4.1041665,2424719,False,9.038099
2018269N11220,2018-10-03 03:00:00+00:00,2018,EP,16.75,189.8,22.649998,192.05,14.0,4.6666665,2424720,False,9.038099
2018269N11220,2018-10-03 03:00:00+00:00,2018,EP,16.75,189.8,22.649998,192.15001,15.375,5.125,2424721,False,9.516899
2018269N11220,2018-10-03 03:00:00+00:00,2018,EP,16.75,189.8,22.649998,192.25,13.6875,4.5625,2424722,False,9.7563
2018269N11220,2018-10-03 03:00:00+00:00,2018,EP,16.75,189.8,22.649998,192.35,15.5625,5.1875,2424723,False,9.516899
2018269N11220,2018-10-03 03:00:00+00:00,2018,EP,16.75,189.8,22.649998,192.45,14.875,4.9583335,2424724,False,9.7563
2018269N11220,2018-10-03 03:00:00+00:00,2018,EP,16.75,189.8,22.649998,192.55,23.625,7.875,2424725,False,9.7563
2018269N11220,2018-10-03 03:00:00+00:00,2018,EP,16.75,189.8,22.649998,192.65001,25.5,8.5,2424726,False,9.516899
2018269N11220,2018-10-03 03:00:00+00:00,2018,EP,16.75,189.8,22.649998,192.75,21.5,7.1666665,2424727,False,9.516899
2018269N11220,2018-10-03 03:00:00+00:00,2018,EP,16.75,189.8,22.649998,192.85,13.875,4.625,2424728,False,9.516899
2018269N11220,2018-10-03 03:00:00+00:00,2018,EP,16.75,189.8,22.649998,192.95,12.0,4.0,2424729,False,9.995701
2018269N11220,2018-10-03 03:00:00+00:00,2018,EP,16.75,189.8,22.649998,193.05,13.8125,4.6041665,2424730,False,9.7563
2018269N11220,2018-10-03 03:00:00+00:00,2018,EP,16.75,189.8,22.55,191.85,10.25,3.4166667,2428318,False,9.038099
2018269N11220,2018-10-03 03:00:00+00:00,2018,EP,16.75,189.8,22.55,191.95,14.75,4.9166665,2428319,False,9.516899
2018269N11220,2018-10-03 03:00:00+00:00,2018,EP,16.75,189.8,22.55,192.05,15.6875,5.2291665,2428320,False,9.516899
2018269N11220,2018-10-03 03:00:00+00:00,2018,EP,16.75,189.8,22.55,192.15001,17.25,5.75,2428321,False,10.2351
2018269N11220,2018-10-03 03:00:00+00:00,2018,EP,16.75,189.8,22.55,192.25,15.375,5.125,2428322,False,9.995701
2018269N11220,2018-10-03 03:00:00+00:00,2018,EP,16.75,189.8,22.55,192.35,16.5625,5.5208335,2428323,False,9.7563
2018269N11220,2018-10-03 03:00:00+00:00,2018,EP,16.75,189.8,22.55,192.45,18.6875,6.2291665,2428324,False,9.995701
2018269N11220,2018-10-03 03:00:00+00:00,2018,EP,16.75,189.8,22.55,192.55,32.5,10.833333,2428325,False,9.995701
2018269N11220,2018-10-03 03:00:00+00:00,2018,EP,16.75,189.8,22.55,192.65001,24.3125,8.104167,2428326,False,10.2351
2018269N11220,2018-10-03 03:00:00+00:00,2018,EP,16.75,189.8,22.55,192.75,29.75,9.916667,2428327,False,10.2351
2018269N11220,2018-10-03 03:00:00+00:00,2018,EP,16.75,189.8,22.55,192.85,22.3125,7.4375,2428328,False,10.2351
2018269N11220,2018-10-03 03:00:00+00:00,2018,EP,16.75,189.8,22.55,192.95,14.4375,4.8125,2428329,False,9.7563
2018269N11220,2018-10-03 03:00:00+00:00,2018,EP,16.75,189.8,22.55,193.05,14.25,4.75,2428330,False,9.7563
2018269N11220,2018-10-03 03:00:00+00:00,2018,EP,16.75,189.8,22.45,191.75,11.5,3.8333333,2431917,False,9.2775
2018269N11220,2018-10-03 03:00:00+00:00,2018,EP,16.75,189.8,22.45,191.85,15.0,5.0,2431918,False,9.2775
2018269N11220,2018-10-03 03:00:00+00:00,2018,EP,16.75,189.8,22.45,191.95,16.4375,5.4791665,2431919,False,9.2775
2018269N11220,2018-10-03 03:00:00+00:00,2018,EP,16.75,189.8,22.45,192.05,19.9375,6.6458335,2431920,False,9.2775
2018269N11220,2018-10-03 03:00:00+00:00,2018,EP,16.75,189.8,22.45,192.15001,15.3125,5.1041665,2431921,False,10.2351
2018269N11220,2018-10-03 03:00:00+00:00,2018,EP,16.75,189.8,22.45,192.25,16.5,5.5,2431922,False,10.2351
2018269N11220,2018-10-03 03:00:00+00:00,2018,EP,16.75,189.8,22.45,192.35,15.0625,5.0208335,2431923,False,9.995701
2018269N11220,2018-10-03 03:00:00+00:00,2018,EP,16.75,189.8,22.45,192.45,16.3125,5.4375,2431924,False,9.995701
2018269N11220,2018-10-03 03:00:00+00:00,2018,EP,16.75,189.8,22.45,192.55,25.6875,8.5625,2431925,False,10.2351
2018269N11220,2018-10-03 03:00:00+00:00,2018,EP,16.75,189.8,22.45,192.65001,21.6875,7.2291665,2431926,False,10.2351
2018269N11220,2018-10-03 03:00:00+00:00,2018,EP,16.75,189.8,22.45,192.75,17.8125,5.9375,2431927,False,10.2351
2018269N11220,2018-10-03 03:00:00+00:00,2018,EP,16.75,189.8,22.45,192.85,14.75,4.9166665,2431928,False,10.2351
2018269N11220,2018-10-03 03:00:00+00:00,2018,EP,16.75,189.8,22.45,192.95,11.25,3.75,2431929,False,9.516899
2018269N11220,2018-10-03 03:00:00+00:00,2018,EP,16.75,189.8,22.45,193.05,9.9375,3.3125,2431930,False,9.7563
2018269N11220,2018-10-03 03:00:00+00:00,2018,EP,16.75,189.8,22.350002,191.65001,10.0625,3.3541667,2435516,False,9.038099
2018269N11220,2018-10-03 03:00:00+00:00,2018,EP,16.75,189.8,22.350002,191.75,15.25,5.0833335,2435517,False,9.2775
2018269N11220,2018-10-03 03:00:00+00:00,2018,EP,16.75,189.8,22.350002,191.85,15.1875,5.0625,2435518,False,9.2775
2018269N11220,2018-10-03 03:00:00+00:00,2018,EP,16.75,189.8,22.350002,191.95,15.6875,5.2291665,2435519,False,9.516899
2018269N11220,2018-10-03 03:00:00+00:00,2018,EP,16.75,189.8,22.350002,192.05,21.3125,7.1041665,2435520,False,9.516899
2018269N11220,2018-10-03 03:00:00+00:00,2018,EP,16.75,189.8,22.350002,192.15001,15.6875,5.2291665,2435521,False,9.995701
2018269N11220,2018-10-03 03:00:00+00:00,2018,EP,16.75,189.8,22.350002,192.25,18.125,6.0416665,2435522,False,9.995701
2018269N11220,2018-10-03 03:00:00+00:00,2018,EP,16.75,189.8,22.350002,192.35,16.0625,5.3541665,2435523,False,9.995701
2018269N11220,2018-10-03 03:00:00+00:00,2018,EP,16.75,189.8,22.350002,192.45,14.1875,4.7291665,2435524,False,9.7563
2018269N11220,2018-10-03 03:00:00+00:00,2018,EP,16.75,189.8,22.350002,192.55,20.9375,6.9791665,2435525,False,9.7563
2018269N11220,2018-10-03 03:00:00+00:00,2018,EP,16.75,189.8,22.350002,192.65001,16.9375,5.6458335,2435526,False,9.995701
2018269N11220,2018-10-03 03:00:00+00:00,2018,EP,16.75,189.8,22.350002,192.75,16.625,5.5416665,2435527,False,9.995701
2018269N11220,2018-10-03 03:00:00+00:00,2018,EP,16.75,189.8,22.350002,192.85,15.5,5.1666665,2435528,False,9.995701
2018269N11220,2018-10-03 03:00:00+00:00,2018,EP,16.75,189.8,22.350002,192.95,12.0,4.0,2435529,False,9.2775
2018269N11220,2018-10-03 03:00:00+00:00,2018,EP,16.75,189.8,22.249996,191.65001,9.9375,3.3125,2439116,False,9.2775
2018269N11220,2018-10-03 03:00:00+00:00,2018,EP,16.75,189.8,22.249996,191.75,15.1875,5.0625,2439117,False,9.2775
2018269N11220,2018-10-03 03:00:00+00:00,2018,EP,16.75,189.8,22.249996,191.85,17.875,5.9583335,2439118,False,9.2775
2018269N11220,2018-10-03 03:00:00+00:00,2018,EP,16.75,189.8,22.249996,191.95,15.3125,5.1041665,2439119,False,9.516899
2018269N11220,2018-10-03 03:00:00+00:00,2018,EP,16.75,189.8,22.249996,192.05,19.25,6.4166665,2439120,False,9.516899
2018269N11220,2018-10-03 03:00:00+00:00,2018,EP,16.75,189.8,22.249996,192.15001,23.125,7.7083335,2439121,False,9.7563
2018269N11220,2018-10-03 03:00:00+00:00,2018,EP,16.75,189.8,22.249996,192.25,13.5,4.5,2439122,False,9.7563
2018269N11220,2018-10-03 03:00:00+00:00,2018,EP,16.75,189.8,22.249996,192.35,12.6875,4.2291665,2439123,False,9.995701
2018269N11220,2018-10-03 03:00:00+00:00,2018,EP,16.75,189.8,22.249996,192.45,11.25,3.75,2439124,False,9.516899
2018269N11220,2018-10-03 03:00:00+00:00,2018,EP,16.75,189.8,22.249996,192.55,14.625,4.875,2439125,False,9.7563
2018269N11220,2018-10-03 03:00:00+00:00,2018,EP,16.75,189.8,22.249996,192.65001,11.0,3.6666667,2439126,False,9.7563
2018269N11220,2018-10-03 03:00:00+00:00,2018,EP,16.75,189.8,22.249996,192.75,11.4375,3.8125,2439127,False,10.2351
2018269N11220,2018-10-03 03:00:00+00:00,2018,EP,16.75,189.8,22.249996,192.85,11.5,3.8333333,2439128,False,10.2351
2018269N11220,2018-10-03 03:00:00+00:00,2018,EP,16.75,189.8,22.149998,191.65001,9.75,3.25,2442716,False,9.2775
2018269N11220,2018-10-03 03:00:00+00:00,2018,EP,16.75,189.8,22.149998,191.75,11.375,3.7916667,2442717,False,9.2775
2018269N11220,2018-10-03 03:00:00+00:00,2018,EP,16.75,189.8,22.149998,191.85,14.3125,4.7708335,2442718,False,9.038099
2018269N11220,2018-10-03 03:00:00+00:00,2018,EP,16.75,189.8,22.149998,191.95,20.25,6.75,2442719,False,9.7563
2018269N11220,2018-10-03 03:00:00+00:00,2018,EP,16.75,189.8,22.149998,192.05,18.375,6.125,2442720,False,9.516899
2018269N11220,2018-10-03 03:00:00+00:00,2018,EP,16.75,189.8,22.149998,192.15001,16.0,5.3333335,2442721,False,9.516899
2018269N11220,2018-10-03 03:00:00+00:00,2018,EP,16.75,189.8,22.149998,192.25,10.0625,3.3541667,2442722,False,9.7563
2018269N11220,2018-10-03 03:00:00+00:00,2018,EP,16.75,189.8,22.149998,192.35,11.3125,3.7708333,2442723,False,9.995701
2018269N11220,2018-10-03 03:00:00+00:00,2018,EP,16.75,189.8,22.05,191.65001,11.375,3.7916667,2446316,False,8.7987
2018269N11220,2018-10-03 03:00:00+00:00,2018,EP,16.75,189.8,22.05,191.75,18.0,6.0,2446317,False,8.7987
2018269N11220,2018-10-03 03:00:00+00:00,2018,EP,16.75,189.8,22.05,191.85,10.625,3.5416667,2446318,False,9.038099
2018269N11220,2018-10-03 03:00:00+00:00,2018,EP,16.75,189.8,22.05,191.95,16.75,5.5833335,2446319,False,9.2775
2018269N11220,2018-10-03 03:00:00+00:00,2018,EP,16.75,189.8,22.05,192.05,15.75,5.25,2446320,False,9.7563
2018269N11220,2018-10-03 03:00:00+00:00,2018,EP,16.75,189.8,22.05,192.15001,14.0625,4.6875,2446321,False,10.2351
2018269N11220,2018-10-03 03:00:00+00:00,2018,EP,16.75,189.8,22.05,192.25,10.625,3.5416667,2446322,False,10.2351
2018269N11220,2018-10-03 03:00:00+00:00,2018,EP,16.75,189.8,22.05,192.35,10.4375,3.4791667,2446323,False,10.2351
2018269N11220,2018-10-03 03:00:00+00:00,2018,EP,16.75,189.8,22.05,192.55,10.125,3.375,2446325,False,9.7563
2018269N11220,2018-10-03 03:00:00+00:00,2018,EP,16.75,189.8,22.05,192.75,16.6875,5.5625,2446327,False,9.516899
2018269N11220,2018-10-03 03:00:00+00:00,2018,EP,16.75,189.8,21.95,191.65001,9.4375,3.1458333,2449916,False,9.038099
2018269N11220,2018-10-03 03:00:00+00:00,2018,EP,16.75,189.8,21.95,191.75,13.1875,4.3958335,2449917,False,8.7987
2018269N11220,2018-10-03 03:00:00+00:00,2018,EP,16.75,189.8,21.95,191.85,9.75,3.25,2449918,False,9.038099
2018269N11220,2018-10-03 03:00:00+00:00,2018,EP,16.75,189.8,21.95,191.95,12.8125,4.2708335,2449919,False,9.2775
2018269N11220,2018-10-03 03:00:00+00:00,2018,EP,16.75,189.8,21.95,192.05,11.9375,3.9791667,2449920,False,9.7563
2018269N11220,2018-10-03 03:00:00+00:00,2018,EP,16.75,189.8,21.95,192.15001,12.75,4.25,2449921,False,10.2351
2018269N11220,2018-10-03 03:00:00+00:00,2018,EP,16.75,189.8,21.95,192.35,12.9375,4.3125,2449923,False,9.995701
2018269N11220,2018-10-03 03:00:00+00:00,2018,EP,16.75,189.8,21.95,192.45,9.875,3.2916667,2449924,False,9.7563
2018269N11220,2018-10-03 03:00:00+00:00,2018,EP,16.75,189.8,21.95,192.65001,10.5625,3.5208333,2449926,False,9.516899
2018269N11220,2018-10-03 03:00:00+00:00,2018,EP,16.75,189.8,21.95,192.75,19.3125,6.4375,2449927,False,9.516899
2018269N11220,2018-10-03 03:00:00+00:00,2018,EP,16.75,189.8,21.95,192.95,10.0,3.3333333,2449929,False,9.2775
2018269N11220,2018-10-03 03:00:00+00:00,2018,EP,16.75,189.8,21.95,193.45,11.25,3.75,2449934,False,10.2351
2018269N11220,2018-10-03 03:00:00+00:00,2018,EP,16.75,189.8,21.850002,191.65001,9.5,3.1666667,2453516,False,9.2775
2018269N11220,2018-10-03 03:00:00+00:00,2018,EP,16.75,189.8,21.850002,191.75,11.375,3.7916667,2453517,False,9.038099
2018269N11220,2018-10-03 03:00:00+00:00,2018,EP,16.75,189.8,21.850002,191.85,10.0,3.3333333,2453518,False,9.038099
2018269N11220,2018-10-03 03:00:00+00:00,2018,EP,16.75,189.8,21.850002,191.95,12.0,4.0,2453519,False,9.038099
2018269N11220,2018-10-03 03:00:00+00:00,2018,EP,16.75,189.8,21.850002,192.05,10.875,3.625,2453520,False,9.7563
2018269N11220,2018-10-03 03:00:00+00:00,2018,EP,16.75,189.8,21.850002,192.15001,11.375,3.7916667,2453521,False,9.995701
2018269N11220,2018-10-03 03:00:00+00:00,2018,EP,16.75,189.8,21.850002,192.25,10.5625,3.5208333,2453522,False,9.995701
2018269N11220,2018-10-03 03:00:00+00:00,2018,EP,16.75,189.8,21.850002,192.35,11.25,3.75,2453523,False,9.995701
2018269N11220,2018-10-03 03:00:00+00:00,2018,EP,16.75,189.8,21.850002,192.45,11.0,3.6666667,2453524,False,9.995701
2018269N11220,2018-10-03 03:00:00+00:00,2018,EP,16.75,189.8,21.850002,192.65001,10.4375,3.4791667,2453526,False,9.516899
2018269N11220,2018-10-03 03:00:00+00:00,2018,EP,16.75,189.8,21.850002,192.75,13.75,4.5833335,2453527,False,9.995701
2018269N11220,2018-10-03 03:00:00+00:00,2018,EP,16.75,189.8,21.850002,192.95,10.6875,3.5625,2453529,False,9.516899
2018269N11220,2018-10-03 03:00:00+00:00,2018,EP,16.75,189.8,21.749996,191.75,10.0,3.3333333,2457117,False,9.038099
2018269N11220,2018-10-03 03:00:00+00:00,2018,EP,16.75,189.8,21.749996,191.85,10.375,3.4583333,2457118,False,8.7987
2018269N11220,2018-10-03 03:00:00+00:00,2018,EP,16.75,189.8,21.749996,191.95,11.0625,3.6875,2457119,False,9.516899
2018269N11220,2018-10-03 03:00:00+00:00,2018,EP,16.75,189.8,21.749996,192.15001,11.1875,3.7291667,2457121,False,10.2351
2018269N11220,2018-10-03 03:00:00+00:00,2018,EP,16.75,189.8,21.749996,192.25,10.3125,3.4375,2457122,False,9.995701
2018269N11220,2018-10-03 03:00:00+00:00,2018,EP,16.75,189.8,21.749996,192.35,11.0625,3.6875,2457123,False,9.7563
2018269N11220,2018-10-03 03:00:00+00:00,2018,EP,16.75,189.8,21.749996,192.45,10.875,3.625,2457124,False,9.995701
2018269N11220,2018-10-03 03:00:00+00:00,2018,EP,16.75,189.8,21.749996,192.55,10.9375,3.6458333,2457125,False,10.2351
2018269N11220,2018-10-03 03:00:00+00:00,2018,EP,16.75,189.8,21.749996,192.65001,11.375,3.7916667,2457126,False,9.516899
2018269N11220,2018-10-03 03:00:00+00:00,2018,EP,16.75,189.8,21.749996,192.75,14.3125,4.7708335,2457127,False,9.7563
2018269N11220,2018-10-03 03:00:00+00:00,2018,EP,16.75,189.8,21.749996,192.85,10.3125,3.4375,2457128,False,9.995701
2018269N11220,2018-10-03 03:00:00+00:00,2018,EP,16.75,189.8,21.749996,192.95,11.8125,3.9375,2457129,False,9.516899
2018269N11220,2018-10-03 03:00:00+00:00,2018,EP,16.75,189.8,21.649998,191.85,9.5,3.1666667,2460718,False,9.038099
2018269N11220,2018-10-03 03:00:00+00:00,2018,EP,16.75,189.8,21.649998,191.95,10.25,3.4166667,2460719,False,9.2775
2018269N11220,2018-10-03 03:00:00+00:00,2018,EP,16.75,189.8,21.649998,192.15001,10.5,3.5,2460721,False,9.995701
2018269N11220,2018-10-03 03:00:00+00:00,2018,EP,16.75,189.8,21.649998,192.35,10.75,3.5833333,2460723,False,9.995701
2018269N11220,2018-10-03 03:00:00+00:00,2018,EP,16.75,189.8,21.649998,192.45,10.9375,3.6458333,2460724,False,9.995701
2018269N11220,2018-10-03 03:00:00+00:00,2018,EP,16.75,189.8,21.649998,192.55,11.4375,3.8125,2460725,False,9.995701
2018269N11220,2018-10-03 03:00:00+00:00,2018,EP,16.75,189.8,21.649998,192.65001,11.1875,3.7291667,2460726,False,9.516899
2018269N11220,2018-10-03 03:00:00+00:00,2018,EP,16.75,189.8,21.649998,192.75,13.5,4.5,2460727,False,9.995701
2018269N11220,2018-10-03 03:00:00+00:00,2018,EP,16.75,189.8,21.649998,192.85,14.25,4.75,2460728,False,9.516899
2018269N11220,2018-10-03 03:00:00+00:00,2018,EP,16.75,189.8,21.649998,192.95,11.8125,3.9375,2460729,False,9.516899
2018269N11220,2018-10-03 03:00:00+00:00,2018,EP,16.75,189.8,21.649998,193.15001,9.8125,3.2708333,2460731,False,9.7563
2018269N11220,2018-10-03 03:00:00+00:00,2018,EP,16.75,189.8,21.649998,193.25,9.875,3.2916667,2460732,False,9.7563
2018269N11220,2018-10-03 03:00:00+00:00,2018,EP,16.75,189.8,21.55,192.45,10.75,3.5833333,2464324,False,10.2351
2018269N11220,2018-10-03 03:00:00+00:00,2018,EP,16.75,189.8,21.55,192.65001,10.4375,3.4791667,2464326,False,9.995701
2018269N11220,2018-10-03 03:00:00+00:00,2018,EP,16.75,189.8,21.55,192.75,11.8125,3.9375,2464327,False,9.516899
2018269N11220,2018-10-03 03:00:00+00:00,2018,EP,16.75,189.8,21.55,192.85,14.9375,4.9791665,2464328,False,9.516899
2018269N11220,2018-10-03 03:00:00+00:00,2018,EP,16.75,189.8,21.55,192.95,12.375,4.125,2464329,False,9.516899
2018269N11220,2018-10-03 03:00:00+00:00,2018,EP,16.75,189.8,21.55,193.05,11.25,3.75,2464330,False,9.7563
2018269N11220,2018-10-03 03:00:00+00:00,2018,EP,16.75,189.8,21.55,193.15001,9.75,3.25,2464331,False,9.516899
2018269N11220,2018-10-03 03:00:00+00:00,2018,EP,16.75,189.8,21.55,193.25,10.0625,3.3541667,2464332,False,9.516899
2018269N11220,2018-10-03 03:00:00+00:00,2018,EP,16.75,189.8,21.45,191.85,9.5625,3.1875,2467918,False,9.2775
2018269N11220,2018-10-03 03:00:00+00:00,2018,EP,16.75,189.8,21.45,192.65001,10.5625,3.5208333,2467926,False,9.7563
2018269N11220,2018-10-03 03:00:00+00:00,2018,EP,16.75,189.8,21.45,192.75,11.8125,3.9375,2467927,False,9.516899
2018269N11220,2018-10-03 03:00:00+00:00,2018,EP,16.75,189.8,21.45,192.85,15.1875,5.0625,2467928,False,9.516899
2018269N11220,2018-10-03 03:00:00+00:00,2018,EP,16.75,189.8,21.45,192.95,13.5625,4.5208335,2467929,False,9.7563
2018269N11220,2018-10-03 03:00:00+00:00,2018,EP,16.75,189.8,21.45,193.05,12.5,4.1666665,2467930,False,9.7563
2018269N11220,2018-10-03 03:00:00+00:00,2018,EP,16.75,189.8,21.45,193.15001,12.3125,4.1041665,2467931,False,9.2775
2018269N11220,2018-10-03 03:00:00+00:00,2018,EP,16.75,189.8,21.45,193.25,11.25,3.75,2467932,False,9.2775
2018269N11220,2018-10-03 03:00:00+00:00,2018,EP,16.75,189.8,21.45,193.35,11.125,3.7083333,2467933,False,9.516899
2018269N11220,2018-10-03 03:00:00+00:00,2018,EP,16.75,189.8,21.350002,192.65001,9.75,3.25,2471526,False,9.516899
2018269N11220,2018-10-03 03:00:00+00:00,2018,EP,16.75,189.8,21.350002,192.75,11.0625,3.6875,2471527,False,9.7563
2018269N11220,2018-10-03 03:00:00+00:00,2018,EP,16.75,189.8,21.350002,192.85,12.0,4.0,2471528,False,9.7563
2018269N11220,2018-10-03 03:00:00+00:00,2018,EP,16.75,189.8,21.350002,192.95,12.0625,4.0208335,2471529,False,9.038099
2018269N11220,2018-10-03 03:00:00+00:00,2018,EP,16.75,189.8,21.350002,193.05,11.625,3.875,2471530,False,9.038099
2018269N11220,2018-10-03 03:00:00+00:00,2018,EP,16.75,189.8,21.350002,193.15001,12.125,4.0416665,2471531,False,9.038099
2018269N11220,2018-10-03 03:00:00+00:00,2018,EP,16.75,189.8,21.350002,193.25,11.0625,3.6875,2471532,False,9.038099
2018269N11220,2018-10-03 03:00:00+00:00,2018,EP,16.75,189.8,21.350002,193.35,12.125,4.0416665,2471533,False,9.038099
2018269N11220,2018-10-03 03:00:00+00:00,2018,EP,16.75,189.8,21.350002,193.45,9.5625,3.1875,2471534,False,9.038099
2018269N11220,2018-10-03 03:00:00+00:00,2018,EP,16.75,189.8,21.350002,193.55,9.0625,3.0208333,2471535,False,9.038099
2018269N11220,2018-10-03 03:00:00+00:00,2018,EP,16.75,189.8,21.249996,192.75,9.625,3.2083333,2475127,False,9.516899
2018269N11220,2018-10-03 03:00:00+00:00,2018,EP,16.75,189.8,21.249996,192.95,11.375,3.7916667,2475129,False,9.038099
2018269N11220,2018-10-03 03:00:00+00:00,2018,EP,16.75,189.8,21.249996,193.05,9.5625,3.1875,2475130,False,9.038099
2018269N11220,2018-10-03 03:00:00+00:00,2018,EP,16.75,189.8,21.249996,193.15001,11.1875,3.7291667,2475131,False,9.2775
2018269N11220,2018-10-03 03:00:00+00:00,2018,EP,16.75,189.8,21.249996,193.25,10.4375,3.4791667,2475132,False,9.038099
2018269N11220,2018-10-03 03:00:00+00:00,2018,EP,16.75,189.8,21.249996,193.35,11.3125,3.7708333,2475133,False,8.7987
2018269N11220,2018-10-03 03:00:00+00:00,2018,EP,16.75,189.8,21.249996,193.45,9.1875,3.0625,2475134,False,8.7987
2018269N11220,2018-10-03 03:00:00+00:00,2018,EP,16.75,189.8,21.149998,192.95,9.375,3.125,2478729,False,8.7987
2018269N11220,2018-10-03 03:00:00+00:00,2018,EP,16.75,189.8,21.149998,193.15001,9.1875,3.0625,2478731,False,8.7987
2018269N11220,2018-10-03 03:00:00+00:00,2018,EP,16.75,189.8,21.149998,193.35,9.75,3.25,2478733,False,9.038099
2018269N11220,2018-10-03 03:00:00+00:00,2018,EP,16.75,189.8,19.95,190.85,8.25,2.75,2521908,False,7.3623
2018269N11220,2018-10-03 03:00:00+00:00,2018,EP,16.75,189.8,19.850002,190.85,8.875,2.9583333,2525508,False,6.8835
2018269N11220,2018-10-03 03:00:00+00:00,2018,EP,16.75,189.8,19.850002,191.05,7.5625,2.5208333,2525510,False,7.1229
2018269N11220,2018-10-03 03:00:00+00:00,2018,EP,16.75,189.8,19.850002,191.15001,7.5,2.5,2525511,False,7.1229
2018269N11220,2018-10-03 03:00:00+00:00,2018,EP,16.75,189.8,19.850002,191.35,8.4375,2.8125,2525513,False,7.1229
2018269N11220,2018-10-03 03:00:00+00:00,2018,EP,16.75,189.8,19.749996,190.45,7.5625,2.5208333,2529104,False,7.1229
2018269N11220,2018-10-03 03:00:00+00:00,2018,EP,16.75,189.8,19.749996,190.65001,7.375,2.4583333,2529106,False,7.3623
2018269N11220,2018-10-03 03:00:00+00:00,2018,EP,16.75,189.8,19.749996,190.75,6.9375,2.3125,2529107,False,6.8835
2018269N11220,2018-10-03 03:00:00+00:00,2018,EP,16.75,189.8,19.749996,190.85,10.125,3.375,2529108,False,7.1229
2018269N11220,2018-10-03 03:00:00+00:00,2018,EP,16.75,189.8,19.749996,191.35,8.8125,2.9375,2529113,False,7.3623
2018269N11220,2018-10-03 03:00:00+00:00,2018,EP,16.75,189.8,19.649998,190.45,7.25,2.4166667,2532704,False,7.1229
2018269N11220,2018-10-03 03:00:00+00:00,2018,EP,16.75,189.8,19.649998,190.75,9.375,3.125,2532707,False,7.3623
2018269N11220,2018-10-03 03:00:00+00:00,2018,EP,16.75,189.8,19.649998,190.85,10.0625,3.3541667,2532708,False,7.3623
2018269N11220,2018-10-03 03:00:00+00:00,2018,EP,16.75,189.8,19.55,189.25,7.375,2.4583333,2536292,False,7.3623
2018269N11220,2018-10-03 03:00:00+00:00,2018,EP,16.75,189.8,19.55,190.45,7.0,2.3333333,2536304,False,6.8835
2018269N11220,2018-10-03 03:00:00+00:00,2018,EP,16.75,189.8,19.55,190.65001,9.125,3.0416667,2536306,False,7.3623
2018269N11220,2018-10-03 03:00:00+00:00,2018,EP,16.75,189.8,19.55,190.75,8.9375,2.9791667,2536307,False,7.3623
2018269N11220,2018-10-03 03:00:00+00:00,2018,EP,16.75,189.8,19.55,190.85,9.0625,3.0208333,2536308,False,7.3623
2018269N11220,2018-10-03 03:00:00+00:00,2018,EP,16.75,189.8,19.55,191.15001,7.8125,2.6041667,2536311,False,7.3623
2018269N11220,2018-10-03 03:00:00+00:00,2018,EP,16.75,189.8,19.55,191.35,8.75,2.9166667,2536313,False,7.3623
2018269N11220,2018-10-03 03:00:00+00:00,2018,EP,16.75,189.8,19.45,189.15001,7.875,2.625,2539891,False,7.6017
2018269N11220,2018-10-03 03:00:00+00:00,2018,EP,16.75,189.8,19.45,190.05,7.125,2.375,2539900,False,6.8835
2018269N11220,2018-10-03 03:00:00+00:00,2018,EP,16.75,189.8,19.45,190.15001,7.9375,2.6458333,2539901,False,6.8835
2018269N11220,2018-10-03 03:00:00+00:00,2018,EP,16.75,189.8,19.45,190.25,7.25,2.4166667,2539902,False,7.1229
2018269N11220,2018-10-03 03:00:00+00:00,2018,EP,16.75,189.8,19.45,190.35,7.8125,2.6041667,2539903,False,6.8835
2018269N11220,2018-10-03 03:00:00+00:00,2018,EP,16.75,189.8,19.45,190.45,8.125,2.7083333,2539904,False,6.8835
2018269N11220,2018-10-03 03:00:00+00:00,2018,EP,16.75,189.8,19.45,190.55,8.75,2.9166667,2539905,False,7.1229
2018269N11220,2018-10-03 03:00:00+00:00,2018,EP,16.75,189.8,19.45,190.65001,10.1875,3.3958333,2539906,False,7.3623
2018269N11220,2018-10-03 03:00:00+00:00,2018,EP,16.75,189.8,19.45,190.75,9.0625,3.0208333,2539907,False,7.3623
2018269N11220,2018-10-03 03:00:00+00:00,2018,EP,16.75,189.8,19.45,190.85,9.3125,3.1041667,2539908,False,7.3623
2018269N11220,2018-10-03 03:00:00+00:00,2018,EP,16.75,189.8,19.45,190.95,8.75,2.9166667,2539909,False,7.3623
2018269N11220,2018-10-03 03:00:00+00:00,2018,EP,16.75,189.8,19.45,191.15001,8.0,2.6666667,2539911,False,7.1229
2018269N11220,2018-10-03 03:00:00+00:00,2018,EP,16.75,189.8,19.45,191.35,9.0,3.0,2539913,False,7.3623
2018269N11220,2018-10-03 03:00:00+00:00,2018,EP,16.75,189.8,19.45,191.65001,8.3125,2.7708333,2539916,False,7.1229
2018269N11220,2018-10-03 03:00:00+00:00,2018,EP,16.75,189.8,19.350002,189.05,7.875,2.625,2543490,False,7.1229
2018269N11220,2018-10-03 03:00:00+00:00,2018,EP,16.75,189.8,19.350002,189.15001,9.75,3.25,2543491,False,7.1229
2018269N11220,2018-10-03 03:00:00+00:00,2018,EP,16.75,189.8,19.350002,189.25,7.9375,2.6458333,2543492,False,7.1229
2018269N11220,2018-10-03 03:00:00+00:00,2018,EP,16.75,189.8,19.350002,189.35,7.375,2.4583333,2543493,False,6.8835
2018269N11220,2018-10-03 03:00:00+00:00,2018,EP,16.75,189.8,19.350002,189.55,7.5625,2.5208333,2543495,False,7.1229
2018269N11220,2018-10-03 03:00:00+00:00,2018,EP,16.75,189.8,19.350002,189.65001,7.1875,2.3958333,2543496,False,7.1229
2018269N11220,2018-10-03 03:00:00+00:00,2018,EP,16.75,189.8,19.350002,189.75,7.0,2.3333333,2543497,False,6.8835
2018269N11220,2018-10-03 03:00:00+00:00,2018,EP,16.75,189.8,19.350002,189.85,7.3125,2.4375,2543498,False,7.1229
2018269N11220,2018-10-03 03:00:00+00:00,2018,EP,16.75,189.8,19.350002,189.95,8.5,2.8333333,2543499,False,6.8835
2018269N11220,2018-10-03 03:00:00+00:00,2018,EP,16.75,189.8,19.350002,190.05,10.3125,3.4375,2543500,False,6.8835
2018269N11220,2018-10-03 03:00:00+00:00,2018,EP,16.75,189.8,19.350002,190.15001,11.375,3.7916667,2543501,False,6.6441
2018269N11220,2018-10-03 03:00:00+00:00,2018,EP,16.75,189.8,19.350002,190.25,9.0,3.0,2543502,False,6.8835
2018269N11220,2018-10-03 03:00:00+00:00,2018,EP,16.75,189.8,19.350002,190.35,9.625,3.2083333,2543503,False,6.8835
2018269N11220,2018-10-03 03:00:00+00:00,2018,EP,16.75,189.8,19.350002,190.45,9.875,3.2916667,2543504,False,7.3623
2018269N11220,2018-10-03 03:00:00+00:00,2018,EP,16.75,189.8,19.350002,190.55,10.3125,3.4375,2543505,False,7.1229
2018269N11220,2018-10-03 03:00:00+00:00,2018,EP,16.75,189.8,19.350002,190.65001,11.9375,3.9791667,2543506,False,6.8835
2018269N11220,2018-10-03 03:00:00+00:00,2018,EP,16.75,189.8,19.350002,190.75,9.5625,3.1875,2543507,False,6.8835
2018269N11220,2018-10-03 03:00:00+00:00,2018,EP,16.75,189.8,19.350002,190.85,11.625,3.875,2543508,False,7.1229
2018269N11220,2018-10-03 03:00:00+00:00,2018,EP,16.75,189.8,19.350002,190.95,8.4375,2.8125,2543509,False,7.1229
2018269N11220,2018-10-03 03:00:00+00:00,2018,EP,16.75,189.8,19.350002,191.05,7.4375,2.4791667,2543510,False,7.1229
2018269N11220,2018-10-03 03:00:00+00:00,2018,EP,16.75,189.8,19.350002,191.15001,8.4375,2.8125,2543511,False,7.1229
2018269N11220,2018-10-03 03:00:00+00:00,2018,EP,16.75,189.8,19.350002,191.25,7.1875,2.3958333,2543512,False,7.1229
2018269N11220,2018-10-03 03:00:00+00:00,2018,EP,16.75,189.8,19.350002,191.35,7.75,2.5833333,2543513,False,6.8835
2018269N11220,2018-10-03 03:00:00+00:00,2018,EP,16.75,189.8,19.350002,191.45,7.625,2.5416667,2543514,False,6.8835
2018269N11220,2018-10-03 03:00:00+00:00,2018,EP,16.75,189.8,19.350002,191.55,8.0625,2.6875,2543515,False,6.6441
2018269N11220,2018-10-03 03:00:00+00:00,2018,EP,16.75,189.8,19.350002,191.65001,11.125,3.7083333,2543516,False,6.8835
2018269N11220,2018-10-03 03:00:00+00:00,2018,EP,16.75,189.8,19.249996,188.95,8.5,2.8333333,2547089,False,6.8835
2018269N11220,2018-10-03 03:00:00+00:00,2018,EP,16.75,189.8,19.249996,189.05,9.75,3.25,2547090,False,7.1229
2018269N11220,2018-10-03 03:00:00+00:00,2018,EP,16.75,189.8,19.249996,189.15001,9.3125,3.1041667,2547091,False,7.1229
2018269N11220,2018-10-03 03:00:00+00:00,2018,EP,16.75,189.8,19.249996,189.25,7.5,2.5,2547092,False,6.8835
2018269N11220,2018-10-03 03:00:00+00:00,2018,EP,16.75,189.8,19.249996,189.35,8.5,2.8333333,2547093,False,7.3623
2018269N11220,2018-10-03 03:00:00+00:00,2018,EP,16.75,189.8,19.249996,189.45,7.5625,2.5208333,2547094,False,6.8835
2018269N11220,2018-10-03 03:00:00+00:00,2018,EP,16.75,189.8,19.249996,189.55,7.8125,2.6041667,2547095,False,7.1229
2018269N11220,2018-10-03 03:00:00+00:00,2018,EP,16.75,189.8,19.249996,189.65001,7.5625,2.5208333,2547096,False,6.8835
2018269N11220,2018-10-03 03:00:00+00:00,2018,EP,16.75,189.8,19.249996,189.75,8.3125,2.7708333,2547097,False,7.3623
2018269N11220,2018-10-03 03:00:00+00:00,2018,EP,16.75,189.8,19.249996,189.85,9.1875,3.0625,2547098,False,7.3623
2018269N11220,2018-10-03 03:00:00+00:00,2018,EP,16.75,189.8,19.249996,189.95,11.4375,3.8125,2547099,False,6.8835
2018269N11220,2018-10-03 03:00:00+00:00,2018,EP,16.75,189.8,19.249996,190.05,10.875,3.625,2547100,False,7.1229
2018269N11220,2018-10-03 03:00:00+00:00,2018,EP,16.75,189.8,19.249996,190.15001,12.0625,4.0208335,2547101,False,6.6441
2018269N11220,2018-10-03 03:00:00+00:00,2018,EP,16.75,189.8,19.249996,190.25,11.1875,3.7291667,2547102,False,6.8835
2018269N11220,2018-10-03 03:00:00+00:00,2018,EP,16.75,189.8,19.249996,190.35,10.8125,3.6041667,2547103,False,6.8835
2018269N11220,2018-10-03 03:00:00+00:00,2018,EP,16.75,189.8,19.249996,190.45,11.5,3.8333333,2547104,False,7.1229
2018269N11220,2018-10-03 03:00:00+00:00,2018,EP,16.75,189.8,19.249996,190.55,11.75,3.9166667,2547105,False,6.8835
2018269N11220,2018-10-03 03:00:00+00:00,2018,EP,16.75,189.8,19.249996,190.65001,13.6875,4.5625,2547106,False,6.8835
2018269N11220,2018-10-03 03:00:00+00:00,2018,EP,16.75,189.8,19.249996,190.75,9.9375,3.3125,2547107,False,6.8835
2018269N11220,2018-10-03 03:00:00+00:00,2018,EP,16.75,189.8,19.249996,190.85,11.75,3.9166667,2547108,False,7.1229
2018269N11220,2018-10-03 03:00:00+00:00,2018,EP,16.75,189.8,19.249996,190.95,9.0,3.0,2547109,False,6.8835
2018269N11220,2018-10-03 03:00:00+00:00,2018,EP,16.75,189.8,19.249996,191.05,8.4375,2.8125,2547110,False,6.8835
2018269N11220,2018-10-03 03:00:00+00:00,2018,EP,16.75,189.8,19.249996,191.15001,8.1875,2.7291667,2547111,False,7.1229
2018269N11220,2018-10-03 03:00:00+00:00,2018,EP,16.75,189.8,19.249996,191.25,7.125,2.375,2547112,False,7.1229
2018269N11220,2018-10-03 03:00:00+00:00,2018,EP,16.75,189.8,19.249996,191.35,7.875,2.625,2547113,False,6.8835
2018269N11220,2018-10-03 03:00:00+00:00,2018,EP,16.75,189.8,19.249996,191.45,8.125,2.7083333,2547114,False,6.6441
2018269N11220,2018-10-03 03:00:00+00:00,2018,EP,16.75,189.8,19.249996,191.55,9.4375,3.1458333,2547115,False,6.6441
2018269N11220,2018-10-03 03:00:00+00:00,2018,EP,16.75,189.8,19.249996,191.65001,9.1875,3.0625,2547116,False,6.8835
2018269N11220,2018-10-03 03:00:00+00:00,2018,EP,16.75,189.8,19.249996,191.75,8.4375,2.8125,2547117,False,6.8835
2018269N11220,2018-10-03 03:00:00+00:00,2018,EP,16.75,189.8,19.149998,188.85,7.8125,2.6041667,2550688,False,7.1229
2018269N11220,2018-10-03 03:00:00+00:00,2018,EP,16.75,189.8,19.149998,188.95,10.0625,3.3541667,2550689,False,7.1229
2018269N11220,2018-10-03 03:00:00+00:00,2018,EP,16.75,189.8,19.149998,189.05,8.6875,2.8958333,2550690,False,7.1229
2018269N11220,2018-10-03 03:00:00+00:00,2018,EP,16.75,189.8,19.149998,189.15001,9.375,3.125,2550691,False,7.1229
2018269N11220,2018-10-03 03:00:00+00:00,2018,EP,16.75,189.8,19.149998,189.25,7.5,2.5,2550692,False,7.1229
2018269N11220,2018-10-03 03:00:00+00:00,2018,EP,16.75,189.8,19.149998,189.35,9.0625,3.0208333,2550693,False,6.8835
2018269N11220,2018-10-03 03:00:00+00:00,2018,EP,16.75,189.8,19.149998,189.45,7.8125,2.6041667,2550694,False,6.8835
2018269N11220,2018-10-03 03:00:00+00:00,2018,EP,16.75,189.8,19.149998,189.55,8.5625,2.8541667,2550695,False,6.8835
2018269N11220,2018-10-03 03:00:00+00:00,2018,EP,16.75,189.8,19.149998,189.65001,8.5,2.8333333,2550696,False,7.1229
2018269N11220,2018-10-03 03:00:00+00:00,2018,EP,16.75,189.8,19.149998,189.75,10.6875,3.5625,2550697,False,7.3623
2018269N11220,2018-10-03 03:00:00+00:00,2018,EP,16.75,189.8,19.149998,189.85,9.6875,3.2291667,2550698,False,7.1229
2018269N11220,2018-10-03 03:00:00+00:00,2018,EP,16.75,189.8,19.149998,189.95,13.3125,4.4375,2550699,False,6.8835
2018269N11220,2018-10-03 03:00:00+00:00,2018,EP,16.75,189.8,19.149998,190.05,13.5,4.5,2550700,False,6.8835
2018269N11220,2018-10-03 03:00:00+00:00,2018,EP,16.75,189.8,19.149998,190.15001,14.375,4.7916665,2550701,False,6.8835
2018269N11220,2018-10-03 03:00:00+00:00,2018,EP,16.75,189.8,19.149998,190.25,11.125,3.7083333,2550702,False,6.8835
2018269N11220,2018-10-03 03:00:00+00:00,2018,EP,16.75,189.8,19.149998,190.35,11.5625,3.8541667,2550703,False,7.1229
2018269N11220,2018-10-03 03:00:00+00:00,2018,EP,16.75,189.8,19.149998,190.45,12.625,4.2083335,2550704,False,7.1229
2018269N11220,2018-10-03 03:00:00+00:00,2018,EP,16.75,189.8,19.149998,190.55,12.25,4.0833335,2550705,False,7.1229
2018269N11220,2018-10-03 03:00:00+00:00,2018,EP,16.75,189.8,19.149998,190.65001,12.375,4.125,2550706,False,7.1229
2018269N11220,2018-10-03 03:00:00+00:00,2018,EP,16.75,189.8,19.149998,190.75,10.75,3.5833333,2550707,False,7.3623
2018269N11220,2018-10-03 03:00:00+00:00,2018,EP,16.75,189.8,19.149998,190.85,10.25,3.4166667,2550708,False,7.1229
2018269N11220,2018-10-03 03:00:00+00:00,2018,EP,16.75,189.8,19.149998,190.95,8.875,2.9583333,2550709,False,7.1229
2018269N11220,2018-10-03 03:00:00+00:00,2018,EP,16.75,189.8,19.149998,191.05,7.25,2.4166667,2550710,False,7.1229
2018269N11220,2018-10-03 03:00:00+00:00,2018,EP,16.75,189.8,19.149998,191.15001,7.6875,2.5625,2550711,False,6.8835
2018269N11220,2018-10-03 03:00:00+00:00,2018,EP,16.75,189.8,19.149998,191.25,7.4375,2.4791667,2550712,False,6.8835
2018269N11220,2018-10-03 03:00:00+00:00,2018,EP,16.75,189.8,19.149998,191.35,7.3125,2.4375,2550713,False,7.1229
2018269N11220,2018-10-03 03:00:00+00:00,2018,EP,16.75,189.8,19.149998,191.45,7.1875,2.3958333,2550714,False,6.6441
2018269N11220,2018-10-03 03:00:00+00:00,2018,EP,16.75,189.8,19.149998,191.55,7.4375,2.4791667,2550715,False,6.6441
2018269N11220,2018-10-03 03:00:00+00:00,2018,EP,16.75,189.8,19.149998,191.65001,7.9375,2.6458333,2550716,False,6.8835
2018269N11220,2018-10-03 03:00:00+00:00,2018,EP,16.75,189.8,19.149998,191.75,7.375,2.4583333,2550717,False,6.8835
2018269N11220,2018-10-03 03:00:00+00:00,2018,EP,16.75,189.8,19.149998,191.85,6.9375,2.3125,2550718,False,6.8835
2018269N11220,2018-10-03 03:00:00+00:00,2018,EP,16.75,189.8,19.05,188.75,7.25,2.4166667,2554287,False,6.6441
2018269N11220,2018-10-03 03:00:00+00:00,2018,EP,16.75,189.8,19.05,188.85,11.0,3.6666667,2554288,False,7.3623
2018269N11220,2018-10-03 03:00:00+00:00,2018,EP,16.75,189.8,19.05,188.95,10.5,3.5,2554289,False,7.1229
2018269N11220,2018-10-03 03:00:00+00:00,2018,EP,16.75,189.8,19.05,189.05,9.6875,3.2291667,2554290,False,7.3623
2018269N11220,2018-10-03 03:00:00+00:00,2018,EP,16.75,189.8,19.05,189.15001,8.8125,2.9375,2554291,False,6.8835
2018269N11220,2018-10-03 03:00:00+00:00,2018,EP,16.75,189.8,19.05,189.25,8.6875,2.8958333,2554292,False,6.6441
2018269N11220,2018-10-03 03:00:00+00:00,2018,EP,16.75,189.8,19.05,189.35,9.0,3.0,2554293,False,6.8835
2018269N11220,2018-10-03 03:00:00+00:00,2018,EP,16.75,189.8,19.05,189.45,8.875,2.9583333,2554294,False,6.6441
2018269N11220,2018-10-03 03:00:00+00:00,2018,EP,16.75,189.8,19.05,189.55,9.9375,3.3125,2554295,False,6.6441
2018269N11220,2018-10-03 03:00:00+00:00,2018,EP,16.75,189.8,19.05,189.65001,11.875,3.9583333,2554296,False,6.8835
2018269N11220,2018-10-03 03:00:00+00:00,2018,EP,16.75,189.8,19.05,189.75,13.0625,4.3541665,2554297,False,6.8835
2018269N11220,2018-10-03 03:00:00+00:00,2018,EP,16.75,189.8,19.05,189.85,15.0625,5.0208335,2554298,False,6.8835
2018269N11220,2018-10-03 03:00:00+00:00,2018,EP,16.75,189.8,19.05,189.95,16.1875,5.3958335,2554299,False,6.6441
2018269N11220,2018-10-03 03:00:00+00:00,2018,EP,16.75,189.8,19.05,190.05,14.875,4.9583335,2554300,False,6.8835
2018269N11220,2018-10-03 03:00:00+00:00,2018,EP,16.75,189.8,19.05,190.15001,14.125,4.7083335,2554301,False,6.6441
2018269N11220,2018-10-03 03:00:00+00:00,2018,EP,16.75,189.8,19.05,190.25,11.1875,3.7291667,2554302,False,6.6441
2018269N11220,2018-10-03 03:00:00+00:00,2018,EP,16.75,189.8,19.05,190.35,11.5625,3.8541667,2554303,False,6.6441
2018269N11220,2018-10-03 03:00:00+00:00,2018,EP,16.75,189.8,19.05,190.45,11.4375,3.8125,2554304,False,6.8835
2018269N11220,2018-10-03 03:00:00+00:00,2018,EP,16.75,189.8,19.05,190.55,12.0,4.0,2554305,False,7.1229
2018269N11220,2018-10-03 03:00:00+00:00,2018,EP,16.75,189.8,19.05,190.65001,11.375,3.7916667,2554306,False,6.8835
2018269N11220,2018-10-03 03:00:00+00:00,2018,EP,16.75,189.8,19.05,190.75,11.3125,3.7708333,2554307,False,7.1229
2018269N11220,2018-10-03 03:00:00+00:00,2018,EP,16.75,189.8,19.05,190.85,11.6875,3.8958333,2554308,False,7.1229
2018269N11220,2018-10-03 03:00:00+00:00,2018,EP,16.75,189.8,19.05,190.95,12.875,4.2916665,2554309,False,7.1229
2018269N11220,2018-10-03 03:00:00+00:00,2018,EP,16.75,189.8,19.05,191.05,12.0625,4.0208335,2554310,False,7.1229
2018269N11220,2018-10-03 03:00:00+00:00,2018,EP,16.75,189.8,19.05,191.15001,10.0,3.3333333,2554311,False,7.1229
2018269N11220,2018-10-03 03:00:00+00:00,2018,EP,16.75,189.8,19.05,191.25,7.9375,2.6458333,2554312,False,7.1229
2018269N11220,2018-10-03 03:00:00+00:00,2018,EP,16.75,189.8,19.05,191.35,9.875,3.2916667,2554313,False,6.8835
2018269N11220,2018-10-03 03:00:00+00:00,2018,EP,16.75,189.8,19.05,191.45,9.375,3.125,2554314,False,6.8835
2018269N11220,2018-10-03 03:00:00+00:00,2018,EP,16.75,189.8,19.05,191.55,8.6875,2.8958333,2554315,False,6.8835
2018269N11220,2018-10-03 03:00:00+00:00,2018,EP,16.75,189.8,19.05,191.65001,8.8125,2.9375,2554316,False,6.8835
2018269N11220,2018-10-03 03:00:00+00:00,2018,EP,16.75,189.8,19.05,191.75,7.75,2.5833333,2554317,False,6.8835
2018269N11220,2018-10-03 03:00:00+00:00,2018,EP,16.75,189.8,19.05,191.85,7.75,2.5833333,2554318,False,6.8835
2018269N11220,2018-10-03 03:00:00+00:00,2018,EP,16.75,189.8,19.05,191.95,7.25,2.4166667,2554319,False,7.1229
2018269N11220,2018-10-03 03:00:00+00:00,2018,EP,16.75,189.8,19.05,192.15001,7.5,2.5,2554321,False,7.3623
2018269N11220,2018-10-03 03:00:00+00:00,2018,EP,16.75,189.8,18.95,188.65001,8.25,2.75,2557886,False,6.8835
2018269N11220,2018-10-03 03:00:00+00:00,2018,EP,16.75,189.8,18.95,188.75,8.1875,2.7291667,2557887,False,7.1229
2018269N11220,2018-10-03 03:00:00+00:00,2018,EP,16.75,189.8,18.95,188.85,11.0625,3.6875,2557888,False,6.6441
2018269N11220,2018-10-03 03:00:00+00:00,2018,EP,16.75,189.8,18.95,188.95,9.75,3.25,2557889,False,7.1229
2018269N11220,2018-10-03 03:00:00+00:00,2018,EP,16.75,189.8,18.95,189.05,9.25,3.0833333,2557890,False,7.1229
2018269N11220,2018-10-03 03:00:00+00:00,2018,EP,16.75,189.8,18.95,189.15001,8.9375,2.9791667,2557891,False,6.8835
2018269N11220,2018-10-03 03:00:00+00:00,2018,EP,16.75,189.8,18.95,189.25,11.125,3.7083333,2557892,False,6.8835
2018269N11220,2018-10-03 03:00:00+00:00,2018,EP,16.75,189.8,18.95,189.35,11.1875,3.7291667,2557893,False,6.8835
2018269N11220,2018-10-03 03:00:00+00:00,2018,EP,16.75,189.8,18.95,189.45,11.75,3.9166667,2557894,False,6.8835
2018269N11220,2018-10-03 03:00:00+00:00,2018,EP,16.75,189.8,18.95,189.55,11.1875,3.7291667,2557895,False,6.6441
2018269N11220,2018-10-03 03:00:00+00:00,2018,EP,16.75,189.8,18.95,189.65001,14.8125,4.9375,2557896,False,6.6441
2018269N11220,2018-10-03 03:00:00+00:00,2018,EP,16.75,189.8,18.95,189.75,12.75,4.25,2557897,False,6.8835
2018269N11220,2018-10-03 03:00:00+00:00,2018,EP,16.75,189.8,18.95,189.85,16.5625,5.5208335,2557898,False,6.8835
2018269N11220,2018-10-03 03:00:00+00:00,2018,EP,16.75,189.8,18.95,189.95,17.5,5.8333335,2557899,False,6.8835
2018269N11220,2018-10-03 03:00:00+00:00,2018,EP,16.75,189.8,18.95,190.05,14.9375,4.9791665,2557900,False,6.8835
2018269N11220,2018-10-03 03:00:00+00:00,2018,EP,16.75,189.8,18.95,190.15001,16.4375,5.4791665,2557901,False,6.6441
2018269N11220,2018-10-03 03:00:00+00:00,2018,EP,16.75,189.8,18.95,190.25,14.25,4.75,2557902,False,6.6441
2018269N11220,2018-10-03 03:00:00+00:00,2018,EP,16.75,189.8,18.95,190.35,12.75,4.25,2557903,False,6.6441
2018269N11220,2018-10-03 03:00:00+00:00,2018,EP,16.75,189.8,18.95,190.45,12.0625,4.0208335,2557904,False,7.1229
2018269N11220,2018-10-03 03:00:00+00:00,2018,EP,16.75,189.8,18.95,190.55,12.0625,4.0208335,2557905,False,6.8835
2018269N11220,2018-10-03 03:00:00+00:00,2018,EP,16.75,189.8,18.95,190.65001,10.8125,3.6041667,2557906,False,7.1229
2018269N11220,2018-10-03 03:00:00+00:00,2018,EP,16.75,189.8,18.95,190.75,13.6875,4.5625,2557907,False,6.8835
2018269N11220,2018-10-03 03:00:00+00:00,2018,EP,16.75,189.8,18.95,190.85,11.625,3.875,2557908,False,7.1229
2018269N11220,2018-10-03 03:00:00+00:00,2018,EP,16.75,189.8,18.95,190.95,11.6875,3.8958333,2557909,False,7.1229
2018269N11220,2018-10-03 03:00:00+00:00,2018,EP,16.75,189.8,18.95,191.05,12.8125,4.2708335,2557910,False,7.1229
2018269N11220,2018-10-03 03:00:00+00:00,2018,EP,16.75,189.8,18.95,191.15001,10.0625,3.3541667,2557911,False,6.8835
2018269N11220,2018-10-03 03:00:00+00:00,2018,EP,16.75,189.8,18.95,191.25,9.1875,3.0625,2557912,False,6.8835
2018269N11220,2018-10-03 03:00:00+00:00,2018,EP,16.75,189.8,18.95,191.35,12.0625,4.0208335,2557913,False,6.8835
2018269N11220,2018-10-03 03:00:00+00:00,2018,EP,16.75,189.8,18.95,191.45,10.4375,3.4791667,2557914,False,6.8835
2018269N11220,2018-10-03 03:00:00+00:00,2018,EP,16.75,189.8,18.95,191.55,9.8125,3.2708333,2557915,False,6.8835
2018269N11220,2018-10-03 03:00:00+00:00,2018,EP,16.75,189.8,18.95,191.65001,10.125,3.375,2557916,False,6.8835
2018269N11220,2018-10-03 03:00:00+00:00,2018,EP,16.75,189.8,18.95,191.75,9.9375,3.3125,2557917,False,6.8835
2018269N11220,2018-10-03 03:00:00+00:00,2018,EP,16.75,189.8,18.95,191.85,8.625,2.875,2557918,False,7.1229
2018269N11220,2018-10-03 03:00:00+00:00,2018,EP,16.75,189.8,18.95,191.95,8.6875,2.8958333,2557919,False,7.1229
2018269N11220,2018-10-03 03:00:00+00:00,2018,EP,16.75,189.8,18.95,192.05,7.25,2.4166667,2557920,False,7.1229
2018269N11220,2018-10-03 03:00:00+00:00,2018,EP,16.75,189.8,18.850002,188.65001,8.5625,2.8541667,2561486,False,7.1229
2018269N11220,2018-10-03 03:00:00+00:00,2018,EP,16.75,189.8,18.850002,188.75,10.3125,3.4375,2561487,False,6.8835
2018269N11220,2018-10-03 03:00:00+00:00,2018,EP,16.75,189.8,18.850002,188.85,10.4375,3.4791667,2561488,False,6.8835
2018269N11220,2018-10-03 03:00:00+00:00,2018,EP,16.75,189.8,18.850002,188.95,9.375,3.125,2561489,False,6.6441
2018269N11220,2018-10-03 03:00:00+00:00,2018,EP,16.75,189.8,18.850002,189.05,8.9375,2.9791667,2561490,False,6.8835
2018269N11220,2018-10-03 03:00:00+00:00,2018,EP,16.75,189.8,18.850002,189.15001,9.375,3.125,2561491,False,6.6441
2018269N11220,2018-10-03 03:00:00+00:00,2018,EP,16.75,189.8,18.850002,189.25,11.75,3.9166667,2561492,False,6.6441
2018269N11220,2018-10-03 03:00:00+00:00,2018,EP,16.75,189.8,18.850002,189.35,12.6875,4.2291665,2561493,False,6.8835
2018269N11220,2018-10-03 03:00:00+00:00,2018,EP,16.75,189.8,18.850002,189.45,13.0,4.3333335,2561494,False,6.4047003
2018269N11220,2018-10-03 03:00:00+00:00,2018,EP,16.75,189.8,18.850002,189.55,15.6875,5.2291665,2561495,False,6.6441
2018269N11220,2018-10-03 03:00:00+00:00,2018,EP,16.75,189.8,18.850002,189.65001,13.125,4.375,2561496,False,6.4047003
2018269N11220,2018-10-03 03:00:00+00:00,2018,EP,16.75,189.8,18.850002,189.75,15.75,5.25,2561497,False,6.6441
2018269N11220,2018-10-03 03:00:00+00:00,2018,EP,16.75,189.8,18.850002,189.85,19.625,6.5416665,2561498,False,6.6441
2018269N11220,2018-10-03 03:00:00+00:00,2018,EP,16.75,189.8,18.850002,189.95,19.25,6.4166665,2561499,False,6.4047003
2018269N11220,2018-10-03 03:00:00+00:00,2018,EP,16.75,189.8,18.850002,190.05,13.6875,4.5625,2561500,False,6.8835
2018269N11220,2018-10-03 03:00:00+00:00,2018,EP,16.75,189.8,18.850002,190.15001,15.375,5.125,2561501,False,6.6441
2018269N11220,2018-10-03 03:00:00+00:00,2018,EP,16.75,189.8,18.850002,190.25,14.3125,4.7708335,2561502,False,6.8835
2018269N11220,2018-10-03 03:00:00+00:00,2018,EP,16.75,189.8,18.850002,190.35,13.375,4.4583335,2561503,False,6.8835
2018269N11220,2018-10-03 03:00:00+00:00,2018,EP,16.75,189.8,18.850002,190.45,12.625,4.2083335,2561504,False,7.3623
2018269N11220,2018-10-03 03:00:00+00:00,2018,EP,16.75,189.8,18.850002,190.55,12.5,4.1666665,2561505,False,7.3623
2018269N11220,2018-10-03 03:00:00+00:00,2018,EP,16.75,189.8,18.850002,190.65001,15.0,5.0,2561506,False,6.8835
2018269N11220,2018-10-03 03:00:00+00:00,2018,EP,16.75,189.8,18.850002,190.75,16.8125,5.6041665,2561507,False,6.8835
2018269N11220,2018-10-03 03:00:00+00:00,2018,EP,16.75,189.8,18.850002,190.85,15.8125,5.2708335,2561508,False,6.8835
2018269N11220,2018-10-03 03:00:00+00:00,2018,EP,16.75,189.8,18.850002,190.95,13.0,4.3333335,2561509,False,6.8835
2018269N11220,2018-10-03 03:00:00+00:00,2018,EP,16.75,189.8,18.850002,191.05,12.9375,4.3125,2561510,False,7.1229
2018269N11220,2018-10-03 03:00:00+00:00,2018,EP,16.75,189.8,18.850002,191.15001,12.0,4.0,2561511,False,7.1229
2018269N11220,2018-10-03 03:00:00+00:00,2018,EP,16.75,189.8,18.850002,191.25,13.0,4.3333335,2561512,False,7.1229
2018269N11220,2018-10-03 03:00:00+00:00,2018,EP,16.75,189.8,18.850002,191.35,13.0,4.3333335,2561513,False,6.8835
2018269N11220,2018-10-03 03:00:00+00:00,2018,EP,16.75,189.8,18.850002,191.45,12.25,4.0833335,2561514,False,6.6441
2018269N11220,2018-10-03 03:00:00+00:00,2018,EP,16.75,189.8,18.850002,191.55,11.6875,3.8958333,2561515,False,6.8835
2018269N11220,2018-10-03 03:00:00+00:00,2018,EP,16.75,189.8,18.850002,191.65001,12.875,4.2916665,2561516,False,6.6441
2018269N11220,2018-10-03 03:00:00+00:00,2018,EP,16.75,189.8,18.850002,191.75,12.1875,4.0625,2561517,False,6.6441
2018269N11220,2018-10-03 03:00:00+00:00,2018,EP,16.75,189.8,18.850002,191.85,9.9375,3.3125,2561518,False,6.8835
2018269N11220,2018-10-03 03:00:00+00:00,2018,EP,16.75,189.8,18.850002,191.95,9.0,3.0,2561519,False,6.8835
2018269N11220,2018-10-03 03:00:00+00:00,2018,EP,16.75,189.8,18.850002,192.05,7.125,2.375,2561520,False,7.1229
2018269N11220,2018-10-03 03:00:00+00:00,2018,EP,16.75,189.8,18.749996,188.65001,11.625,3.875,2565086,False,6.8835
2018269N11220,2018-10-03 03:00:00+00:00,2018,EP,16.75,189.8,18.749996,188.75,10.125,3.375,2565087,False,6.8835
2018269N11220,2018-10-03 03:00:00+00:00,2018,EP,16.75,189.8,18.749996,188.85,10.25,3.4166667,2565088,False,6.8835
2018269N11220,2018-10-03 03:00:00+00:00,2018,EP,16.75,189.8,18.749996,188.95,9.625,3.2083333,2565089,False,7.1229
2018269N11220,2018-10-03 03:00:00+00:00,2018,EP,16.75,189.8,18.749996,189.05,11.75,3.9166667,2565090,False,6.8835
2018269N11220,2018-10-03 03:00:00+00:00,2018,EP,16.75,189.8,18.749996,189.15001,11.0625,3.6875,2565091,False,6.6441
2018269N11220,2018-10-03 03:00:00+00:00,2018,EP,16.75,189.8,18.749996,189.25,12.1875,4.0625,2565092,False,6.4047003
2018269N11220,2018-10-03 03:00:00+00:00,2018,EP,16.75,189.8,18.749996,189.35,17.8125,5.9375,2565093,False,6.6441
2018269N11220,2018-10-03 03:00:00+00:00,2018,EP,16.75,189.8,18.749996,189.45,10.0,3.3333333,2565094,False,6.4047003
2018269N11220,2018-10-03 03:00:00+00:00,2018,EP,16.75,189.8,18.749996,189.55,12.625,4.2083335,2565095,False,6.6441
2018269N11220,2018-10-03 03:00:00+00:00,2018,EP,16.75,189.8,18.749996,189.65001,15.75,5.25,2565096,False,6.6441
2018269N11220,2018-10-03 03:00:00+00:00,2018,EP,16.75,189.8,18.749996,189.75,17.625,5.875,2565097,False,6.4047003
2018269N11220,2018-10-03 03:00:00+00:00,2018,EP,16.75,189.8,18.749996,189.85,16.4375,5.4791665,2565098,False,6.6441
2018269N11220,2018-10-03 03:00:00+00:00,2018,EP,16.75,189.8,18.749996,189.95,19.0,6.3333335,2565099,False,6.6441
2018269N11220,2018-10-03 03:00:00+00:00,2018,EP,16.75,189.8,18.749996,190.05,12.8125,4.2708335,2565100,False,6.8835
2018269N11220,2018-10-03 03:00:00+00:00,2018,EP,16.75,189.8,18.749996,190.15001,11.75,3.9166667,2565101,False,6.8835
2018269N11220,2018-10-03 03:00:00+00:00,2018,EP,16.75,189.8,18.749996,190.25,14.875,4.9583335,2565102,False,7.1229
2018269N11220,2018-10-03 03:00:00+00:00,2018,EP,16.75,189.8,18.749996,190.35,12.8125,4.2708335,2565103,False,6.6441
2018269N11220,2018-10-03 03:00:00+00:00,2018,EP,16.75,189.8,18.749996,190.45,15.5625,5.1875,2565104,False,7.1229
2018269N11220,2018-10-03 03:00:00+00:00,2018,EP,16.75,189.8,18.749996,190.55,17.125,5.7083335,2565105,False,7.3623
2018269N11220,2018-10-03 03:00:00+00:00,2018,EP,16.75,189.8,18.749996,190.65001,16.8125,5.6041665,2565106,False,6.8835
2018269N11220,2018-10-03 03:00:00+00:00,2018,EP,16.75,189.8,18.749996,190.75,15.4375,5.1458335,2565107,False,6.8835
2018269N11220,2018-10-03 03:00:00+00:00,2018,EP,16.75,189.8,18.749996,190.85,13.6875,4.5625,2565108,False,7.1229
2018269N11220,2018-10-03 03:00:00+00:00,2018,EP,16.75,189.8,18.749996,190.95,13.375,4.4583335,2565109,False,7.1229
2018269N11220,2018-10-03 03:00:00+00:00,2018,EP,16.75,189.8,18.749996,191.05,13.875,4.625,2565110,False,6.8835
2018269N11220,2018-10-03 03:00:00+00:00,2018,EP,16.75,189.8,18.749996,191.15001,12.25,4.0833335,2565111,False,6.8835
2018269N11220,2018-10-03 03:00:00+00:00,2018,EP,16.75,189.8,18.749996,191.25,13.5625,4.5208335,2565112,False,7.1229
2018269N11220,2018-10-03 03:00:00+00:00,2018,EP,16.75,189.8,18.749996,191.35,14.0625,4.6875,2565113,False,6.8835
2018269N11220,2018-10-03 03:00:00+00:00,2018,EP,16.75,189.8,18.749996,191.45,12.75,4.25,2565114,False,6.6441
2018269N11220,2018-10-03 03:00:00+00:00,2018,EP,16.75,189.8,18.749996,191.55,12.0,4.0,2565115,False,6.8835
2018269N11220,2018-10-03 03:00:00+00:00,2018,EP,16.75,189.8,18.749996,191.65001,13.625,4.5416665,2565116,False,6.8835
2018269N11220,2018-10-03 03:00:00+00:00,2018,EP,16.75,189.8,18.749996,191.75,12.6875,4.2291665,2565117,False,6.8835
2018269N11220,2018-10-03 03:00:00+00:00,2018,EP,16.75,189.8,18.749996,191.85,11.5625,3.8541667,2565118,False,6.8835
2018269N11220,2018-10-03 03:00:00+00:00,2018,EP,16.75,189.8,18.749996,191.95,10.3125,3.4375,2565119,False,6.8835
2018269N11220,2018-10-03 03:00:00+00:00,2018,EP,16.75,189.8,18.749996,192.05,8.0625,2.6875,2565120,False,7.1229
2018269N11220,2018-10-03 03:00:00+00:00,2018,EP,16.75,189.8,18.749996,192.15001,7.5,2.5,2565121,False,7.1229
2018269N11220,2018-10-03 03:00:00+00:00,2018,EP,16.75,189.8,18.749996,192.25,7.625,2.5416667,2565122,False,7.1229
2018269N11220,2018-10-03 03:00:00+00:00,2018,EP,16.75,189.8,18.649998,188.45,9.125,3.0416667,2568684,False,7.3623
2018269N11220,2018-10-03 03:00:00+00:00,2018,EP,16.75,189.8,18.649998,188.65001,12.5,4.1666665,2568686,False,7.1229
2018269N11220,2018-10-03 03:00:00+00:00,2018,EP,16.75,189.8,18.649998,188.75,10.8125,3.6041667,2568687,False,6.8835
2018269N11220,2018-10-03 03:00:00+00:00,2018,EP,16.75,189.8,18.649998,188.85,10.5,3.5,2568688,False,7.1229
2018269N11220,2018-10-03 03:00:00+00:00,2018,EP,16.75,189.8,18.649998,188.95,9.0,3.0,2568689,False,6.8835
2018269N11220,2018-10-03 03:00:00+00:00,2018,EP,16.75,189.8,18.649998,189.05,12.1875,4.0625,2568690,False,6.8835
2018269N11220,2018-10-03 03:00:00+00:00,2018,EP,16.75,189.8,18.649998,189.15001,11.5625,3.8541667,2568691,False,6.4047003
2018269N11220,2018-10-03 03:00:00+00:00,2018,EP,16.75,189.8,18.649998,189.25,19.0,6.3333335,2568692,False,6.6441
2018269N11220,2018-10-03 03:00:00+00:00,2018,EP,16.75,189.8,18.649998,189.35,14.9375,4.9791665,2568693,False,6.6441
2018269N11220,2018-10-03 03:00:00+00:00,2018,EP,16.75,189.8,18.649998,189.45,12.375,4.125,2568694,False,6.6441
2018269N11220,2018-10-03 03:00:00+00:00,2018,EP,16.75,189.8,18.649998,189.55,18.375,6.125,2568695,False,6.6441
2018269N11220,2018-10-03 03:00:00+00:00,2018,EP,16.75,189.8,18.649998,189.65001,14.4375,4.8125,2568696,False,6.6441
2018269N11220,2018-10-03 03:00:00+00:00,2018,EP,16.75,189.8,18.649998,189.75,17.0,5.6666665,2568697,False,6.4047003
2018269N11220,2018-10-03 03:00:00+00:00,2018,EP,16.75,189.8,18.649998,189.85,14.0625,4.6875,2568698,False,6.6441
2018269N11220,2018-10-03 03:00:00+00:00,2018,EP,16.75,189.8,18.649998,189.95,15.625,5.2083335,2568699,False,6.6441
2018269N11220,2018-10-03 03:00:00+00:00,2018,EP,16.75,189.8,18.649998,190.05,13.375,4.4583335,2568700,False,6.6441
2018269N11220,2018-10-03 03:00:00+00:00,2018,EP,16.75,189.8,18.649998,190.15001,12.25,4.0833335,2568701,False,6.8835
2018269N11220,2018-10-03 03:00:00+00:00,2018,EP,16.75,189.8,18.649998,190.25,13.8125,4.6041665,2568702,False,6.8835
2018269N11220,2018-10-03 03:00:00+00:00,2018,EP,16.75,189.8,18.649998,190.35,20.375,6.7916665,2568703,False,6.6441
2018269N11220,2018-10-03 03:00:00+00:00,2018,EP,16.75,189.8,18.649998,190.45,16.125,5.375,2568704,False,7.3623
2018269N11220,2018-10-03 03:00:00+00:00,2018,EP,16.75,189.8,18.649998,190.55,15.125,5.0416665,2568705,False,7.3623
2018269N11220,2018-10-03 03:00:00+00:00,2018,EP,16.75,189.8,18.649998,190.65001,15.8125,5.2708335,2568706,False,6.8835
2018269N11220,2018-10-03 03:00:00+00:00,2018,EP,16.75,189.8,18.649998,190.75,13.0,4.3333335,2568707,False,6.8835
2018269N11220,2018-10-03 03:00:00+00:00,2018,EP,16.75,189.8,18.649998,190.85,13.5625,4.5208335,2568708,False,6.8835
2018269N11220,2018-10-03 03:00:00+00:00,2018,EP,16.75,189.8,18.649998,190.95,12.875,4.2916665,2568709,False,6.8835
2018269N11220,2018-10-03 03:00:00+00:00,2018,EP,16.75,189.8,18.649998,191.05,12.75,4.25,2568710,False,6.8835
2018269N11220,2018-10-03 03:00:00+00:00,2018,EP,16.75,189.8,18.649998,191.15001,13.25,4.4166665,2568711,False,6.8835
2018269N11220,2018-10-03 03:00:00+00:00,2018,EP,16.75,189.8,18.649998,191.25,14.0,4.6666665,2568712,False,6.8835
2018269N11220,2018-10-03 03:00:00+00:00,2018,EP,16.75,189.8,18.649998,191.35,14.625,4.875,2568713,False,6.8835
2018269N11220,2018-10-03 03:00:00+00:00,2018,EP,16.75,189.8,18.649998,191.45,11.9375,3.9791667,2568714,False,6.6441
2018269N11220,2018-10-03 03:00:00+00:00,2018,EP,16.75,189.8,18.649998,191.55,12.125,4.0416665,2568715,False,6.8835
2018269N11220,2018-10-03 03:00:00+00:00,2018,EP,16.75,189.8,18.649998,191.65001,13.3125,4.4375,2568716,False,6.8835
2018269N11220,2018-10-03 03:00:00+00:00,2018,EP,16.75,189.8,18.649998,191.75,12.9375,4.3125,2568717,False,6.8835
2018269N11220,2018-10-03 03:00:00+00:00,2018,EP,16.75,189.8,18.649998,191.85,11.0,3.6666667,2568718,False,6.8835
2018269N11220,2018-10-03 03:00:00+00:00,2018,EP,16.75,189.8,18.649998,191.95,10.25,3.4166667,2568719,False,6.8835
2018269N11220,2018-10-03 03:00:00+00:00,2018,EP,16.75,189.8,18.649998,192.05,9.125,3.0416667,2568720,False,7.1229
2018269N11220,2018-10-03 03:00:00+00:00,2018,EP,16.75,189.8,18.649998,192.15001,9.5,3.1666667,2568721,False,7.1229
2018269N11220,2018-10-03 03:00:00+00:00,2018,EP,16.75,189.8,18.649998,192.25,8.3125,2.7708333,2568722,False,7.1229
2018269N11220,2018-10-03 03:00:00+00:00,2018,EP,16.75,189.8,18.55,188.45,8.0625,2.6875,2572284,False,6.8835
2018269N11220,2018-10-03 03:00:00+00:00,2018,EP,16.75,189.8,18.55,188.65001,12.25,4.0833335,2572286,False,6.8835
2018269N11220,2018-10-03 03:00:00+00:00,2018,EP,16.75,189.8,18.55,188.75,10.5625,3.5208333,2572287,False,6.8835
2018269N11220,2018-10-03 03:00:00+00:00,2018,EP,16.75,189.8,18.55,188.85,10.4375,3.4791667,2572288,False,6.8835
2018269N11220,2018-10-03 03:00:00+00:00,2018,EP,16.75,189.8,18.55,188.95,11.6875,3.8958333,2572289,False,6.6441
2018269N11220,2018-10-03 03:00:00+00:00,2018,EP,16.75,189.8,18.55,189.05,10.125,3.375,2572290,False,6.6441
2018269N11220,2018-10-03 03:00:00+00:00,2018,EP,16.75,189.8,18.55,189.15001,14.25,4.75,2572291,False,6.6441
2018269N11220,2018-10-03 03:00:00+00:00,2018,EP,16.75,189.8,18.55,189.25,15.75,5.25,2572292,False,6.4047003
2018269N11220,2018-10-03 03:00:00+00:00,2018,EP,16.75,189.8,18.55,189.35,17.5625,5.8541665,2572293,False,6.6441
2018269N11220,2018-10-03 03:00:00+00:00,2018,EP,16.75,189.8,18.55,189.45,17.0,5.6666665,2572294,False,6.4047003
2018269N11220,2018-10-03 03:00:00+00:00,2018,EP,16.75,189.8,18.55,189.55,18.75,6.25,2572295,False,6.8835
2018269N11220,2018-10-03 03:00:00+00:00,2018,EP,16.75,189.8,18.55,189.65001,15.0625,5.0208335,2572296,False,6.4047003
2018269N11220,2018-10-03 03:00:00+00:00,2018,EP,16.75,189.8,18.55,189.75,14.1875,4.7291665,2572297,False,6.6441
2018269N11220,2018-10-03 03:00:00+00:00,2018,EP,16.75,189.8,18.55,189.85,15.3125,5.1041665,2572298,False,6.8835
2018269N11220,2018-10-03 03:00:00+00:00,2018,EP,16.75,189.8,18.55,189.95,13.0625,4.3541665,2572299,False,6.8835
2018269N11220,2018-10-03 03:00:00+00:00,2018,EP,16.75,189.8,18.55,190.05,11.75,3.9166667,2572300,False,6.8835
2018269N11220,2018-10-03 03:00:00+00:00,2018,EP,16.75,189.8,18.55,190.15001,11.5625,3.8541667,2572301,False,7.1229
2018269N11220,2018-10-03 03:00:00+00:00,2018,EP,16.75,189.8,18.55,190.25,12.8125,4.2708335,2572302,False,7.1229
2018269N11220,2018-10-03 03:00:00+00:00,2018,EP,16.75,189.8,18.55,190.35,20.5625,6.8541665,2572303,False,7.1229
2018269N11220,2018-10-03 03:00:00+00:00,2018,EP,16.75,189.8,18.55,190.45,13.4375,4.4791665,2572304,False,7.3623
2018269N11220,2018-10-03 03:00:00+00:00,2018,EP,16.75,189.8,18.55,190.55,13.3125,4.4375,2572305,False,7.1229
2018269N11220,2018-10-03 03:00:00+00:00,2018,EP,16.75,189.8,18.55,190.65001,13.5,4.5,2572306,False,7.1229
2018269N11220,2018-10-03 03:00:00+00:00,2018,EP,16.75,189.8,18.55,190.75,11.6875,3.8958333,2572307,False,7.1229
2018269N11220,2018-10-03 03:00:00+00:00,2018,EP,16.75,189.8,18.55,190.85,12.25,4.0833335,2572308,False,7.1229
2018269N11220,2018-10-03 03:00:00+00:00,2018,EP,16.75,189.8,18.55,190.95,12.375,4.125,2572309,False,7.1229
2018269N11220,2018-10-03 03:00:00+00:00,2018,EP,16.75,189.8,18.55,191.05,13.125,4.375,2572310,False,7.1229
2018269N11220,2018-10-03 03:00:00+00:00,2018,EP,16.75,189.8,18.55,191.15001,16.125,5.375,2572311,False,6.6441
2018269N11220,2018-10-03 03:00:00+00:00,2018,EP,16.75,189.8,18.55,191.25,14.3125,4.7708335,2572312,False,6.8835
2018269N11220,2018-10-03 03:00:00+00:00,2018,EP,16.75,189.8,18.55,191.35,14.5625,4.8541665,2572313,False,6.8835
2018269N11220,2018-10-03 03:00:00+00:00,2018,EP,16.75,189.8,18.55,191.45,15.25,5.0833335,2572314,False,7.1229
2018269N11220,2018-10-03 03:00:00+00:00,2018,EP,16.75,189.8,18.55,191.55,14.0,4.6666665,2572315,False,7.1229
2018269N11220,2018-10-03 03:00:00+00:00,2018,EP,16.75,189.8,18.55,191.65001,16.4375,5.4791665,2572316,False,6.8835
2018269N11220,2018-10-03 03:00:00+00:00,2018,EP,16.75,189.8,18.55,191.75,12.75,4.25,2572317,False,6.8835
2018269N11220,2018-10-03 03:00:00+00:00,2018,EP,16.75,189.8,18.55,191.85,9.9375,3.3125,2572318,False,6.8835
2018269N11220,2018-10-03 03:00:00+00:00,2018,EP,16.75,189.8,18.55,191.95,9.4375,3.1458333,2572319,False,6.6441
2018269N11220,2018-10-03 03:00:00+00:00,2018,EP,16.75,189.8,18.55,192.05,8.3125,2.7708333,2572320,False,6.6441
2018269N11220,2018-10-03 03:00:00+00:00,2018,EP,16.75,189.8,18.55,192.15001,7.5625,2.5208333,2572321,False,6.8835
2018269N11220,2018-10-03 03:00:00+00:00,2018,EP,16.75,189.8,18.55,192.25,7.5625,2.5208333,2572322,False,6.8835
2018269N11220,2018-10-03 03:00:00+00:00,2018,EP,16.75,189.8,18.45,188.45,7.9375,2.6458333,2575884,False,6.8835
2018269N11220,2018-10-03 03:00:00+00:00,2018,EP,16.75,189.8,18.45,188.55,10.125,3.375,2575885,False,6.8835
2018269N11220,2018-10-03 03:00:00+00:00,2018,EP,16.75,189.8,18.45,188.65001,13.0,4.3333335,2575886,False,6.8835
2018269N11220,2018-10-03 03:00:00+00:00,2018,EP,16.75,189.8,18.45,188.75,11.375,3.7916667,2575887,False,6.8835
2018269N11220,2018-10-03 03:00:00+00:00,2018,EP,16.75,189.8,18.45,188.85,12.8125,4.2708335,2575888,False,7.1229
2018269N11220,2018-10-03 03:00:00+00:00,2018,EP,16.75,189.8,18.45,188.95,16.8125,5.6041665,2575889,False,6.6441
2018269N11220,2018-10-03 03:00:00+00:00,2018,EP,16.75,189.8,18.45,189.05,10.4375,3.4791667,2575890,False,6.6441
2018269N11220,2018-10-03 03:00:00+00:00,2018,EP,16.75,189.8,18.45,189.15001,11.25,3.75,2575891,False,6.4047003
2018269N11220,2018-10-03 03:00:00+00:00,2018,EP,16.75,189.8,18.45,189.25,16.8125,5.6041665,2575892,False,6.4047003
2018269N11220,2018-10-03 03:00:00+00:00,2018,EP,16.75,189.8,18.45,189.35,18.9375,6.3125,2575893,False,6.4047003
2018269N11220,2018-10-03 03:00:00+00:00,2018,EP,16.75,189.8,18.45,189.45,15.625,5.2083335,2575894,False,6.8835
2018269N11220,2018-10-03 03:00:00+00:00,2018,EP,16.75,189.8,18.45,189.55,16.875,5.625,2575895,False,6.4047003
2018269N11220,2018-10-03 03:00:00+00:00,2018,EP,16.75,189.8,18.45,189.65001,11.6875,3.8958333,2575896,False,6.6441
2018269N11220,2018-10-03 03:00:00+00:00,2018,EP,16.75,189.8,18.45,189.75,13.0625,4.3541665,2575897,False,6.6441
2018269N11220,2018-10-03 03:00:00+00:00,2018,EP,16.75,189.8,18.45,189.85,12.875,4.2916665,2575898,False,6.6441
2018269N11220,2018-10-03 03:00:00+00:00,2018,EP,16.75,189.8,18.45,189.95,11.125,3.7083333,2575899,False,6.8835
2018269N11220,2018-10-03 03:00:00+00:00,2018,EP,16.75,189.8,18.45,190.05,11.0,3.6666667,2575900,False,6.8835
2018269N11220,2018-10-03 03:00:00+00:00,2018,EP,16.75,189.8,18.45,190.15001,11.0625,3.6875,2575901,False,7.1229
2018269N11220,2018-10-03 03:00:00+00:00,2018,EP,16.75,189.8,18.45,190.25,12.5625,4.1875,2575902,False,7.1229
2018269N11220,2018-10-03 03:00:00+00:00,2018,EP,16.75,189.8,18.45,190.35,15.9375,5.3125,2575903,False,7.3623
2018269N11220,2018-10-03 03:00:00+00:00,2018,EP,16.75,189.8,18.45,190.45,12.125,4.0416665,2575904,False,7.1229
2018269N11220,2018-10-03 03:00:00+00:00,2018,EP,16.75,189.8,18.45,190.55,11.75,3.9166667,2575905,False,7.1229
2018269N11220,2018-10-03 03:00:00+00:00,2018,EP,16.75,189.8,18.45,190.65001,11.3125,3.7708333,2575906,False,6.8835
2018269N11220,2018-10-03 03:00:00+00:00,2018,EP,16.75,189.8,18.45,190.75,9.9375,3.3125,2575907,False,6.8835
2018269N11220,2018-10-03 03:00:00+00:00,2018,EP,16.75,189.8,18.45,190.85,11.0,3.6666667,2575908,False,7.1229
2018269N11220,2018-10-03 03:00:00+00:00,2018,EP,16.75,189.8,18.45,190.95,11.9375,3.9791667,2575909,False,6.8835
2018269N11220,2018-10-03 03:00:00+00:00,2018,EP,16.75,189.8,18.45,191.05,12.25,4.0833335,2575910,False,7.1229
2018269N11220,2018-10-03 03:00:00+00:00,2018,EP,16.75,189.8,18.45,191.15001,17.25,5.75,2575911,False,6.8835
2018269N11220,2018-10-03 03:00:00+00:00,2018,EP,16.75,189.8,18.45,191.25,14.375,4.7916665,2575912,False,6.8835
2018269N11220,2018-10-03 03:00:00+00:00,2018,EP,16.75,189.8,18.45,191.35,14.875,4.9583335,2575913,False,6.8835
2018269N11220,2018-10-03 03:00:00+00:00,2018,EP,16.75,189.8,18.45,191.45,15.8125,5.2708335,2575914,False,7.1229
2018269N11220,2018-10-03 03:00:00+00:00,2018,EP,16.75,189.8,18.45,191.55,14.375,4.7916665,2575915,False,7.1229
2018269N11220,2018-10-03 03:00:00+00:00,2018,EP,16.75,189.8,18.45,191.65001,12.625,4.2083335,2575916,False,6.8835
2018269N11220,2018-10-03 03:00:00+00:00,2018,EP,16.75,189.8,18.45,191.75,11.5625,3.8541667,2575917,False,6.8835
2018269N11220,2018-10-03 03:00:00+00:00,2018,EP,16.75,189.8,18.45,191.85,9.5,3.1666667,2575918,False,7.1229
2018269N11220,2018-10-03 03:00:00+00:00,2018,EP,16.75,189.8,18.45,191.95,8.375,2.7916667,2575919,False,6.6441
2018269N11220,2018-10-03 03:00:00+00:00,2018,EP,16.75,189.8,18.45,192.05,7.6875,2.5625,2575920,False,6.6441
2018269N11220,2018-10-03 03:00:00+00:00,2018,EP,16.75,189.8,18.45,192.15001,7.375,2.4583333,2575921,False,6.8835
2018269N11220,2018-10-03 03:00:00+00:00,2018,EP,16.75,189.8,18.45,192.25,7.3125,2.4375,2575922,False,6.6441
2018269N11220,2018-10-03 03:00:00+00:00,2018,EP,16.75,189.8,18.45,192.35,7.0,2.3333333,2575923,False,6.6441
2018269N11220,2018-10-03 03:00:00+00:00,2018,EP,16.75,189.8,18.350002,188.25,7.5625,2.5208333,2579482,False,6.8835
2018269N11220,2018-10-03 03:00:00+00:00,2018,EP,16.75,189.8,18.350002,188.45,10.6875,3.5625,2579484,False,7.3623
2018269N11220,2018-10-03 03:00:00+00:00,2018,EP,16.75,189.8,18.350002,188.55,10.6875,3.5625,2579485,False,7.1229
2018269N11220,2018-10-03 03:00:00+00:00,2018,EP,16.75,189.8,18.350002,188.65001,14.0625,4.6875,2579486,False,6.8835
2018269N11220,2018-10-03 03:00:00+00:00,2018,EP,16.75,189.8,18.350002,188.75,14.375,4.7916665,2579487,False,6.8835
2018269N11220,2018-10-03 03:00:00+00:00,2018,EP,16.75,189.8,18.350002,188.85,14.0625,4.6875,2579488,False,7.3623
2018269N11220,2018-10-03 03:00:00+00:00,2018,EP,16.75,189.8,18.350002,188.95,16.8125,5.6041665,2579489,False,6.8835
2018269N11220,2018-10-03 03:00:00+00:00,2018,EP,16.75,189.8,18.350002,189.05,11.9375,3.9791667,2579490,False,6.8835
2018269N11220,2018-10-03 03:00:00+00:00,2018,EP,16.75,189.8,18.350002,189.15001,15.8125,5.2708335,2579491,False,6.6441
2018269N11220,2018-10-03 03:00:00+00:00,2018,EP,16.75,189.8,18.350002,189.25,23.0,7.6666665,2579492,False,6.6441
2018269N11220,2018-10-03 03:00:00+00:00,2018,EP,16.75,189.8,18.350002,189.35,18.125,6.0416665,2579493,False,6.6441
2018269N11220,2018-10-03 03:00:00+00:00,2018,EP,16.75,189.8,18.350002,189.45,19.0625,6.3541665,2579494,False,6.6441
2018269N11220,2018-10-03 03:00:00+00:00,2018,EP,16.75,189.8,18.350002,189.55,17.25,5.75,2579495,False,6.6441
2018269N11220,2018-10-03 03:00:00+00:00,2018,EP,16.75,189.8,18.350002,189.65001,13.0625,4.3541665,2579496,False,6.6441
2018269N11220,2018-10-03 03:00:00+00:00,2018,EP,16.75,189.8,18.350002,189.75,13.8125,4.6041665,2579497,False,7.1229
2018269N11220,2018-10-03 03:00:00+00:00,2018,EP,16.75,189.8,18.350002,189.85,12.5,4.1666665,2579498,False,7.1229
2018269N11220,2018-10-03 03:00:00+00:00,2018,EP,16.75,189.8,18.350002,189.95,13.5625,4.5208335,2579499,False,6.8835
2018269N11220,2018-10-03 03:00:00+00:00,2018,EP,16.75,189.8,18.350002,190.05,12.25,4.0833335,2579500,False,7.1229
2018269N11220,2018-10-03 03:00:00+00:00,2018,EP,16.75,189.8,18.350002,190.15001,12.5625,4.1875,2579501,False,7.3623
2018269N11220,2018-10-03 03:00:00+00:00,2018,EP,16.75,189.8,18.350002,190.25,13.375,4.4583335,2579502,False,7.6017
2018269N11220,2018-10-03 03:00:00+00:00,2018,EP,16.75,189.8,18.350002,190.35,16.4375,5.4791665,2579503,False,7.6017
2018269N11220,2018-10-03 03:00:00+00:00,2018,EP,16.75,189.8,18.350002,190.45,11.375,3.7916667,2579504,False,7.1229
2018269N11220,2018-10-03 03:00:00+00:00,2018,EP,16.75,189.8,18.350002,190.55,10.75,3.5833333,2579505,False,7.1229
2018269N11220,2018-10-03 03:00:00+00:00,2018,EP,16.75,189.8,18.350002,190.65001,10.0625,3.3541667,2579506,False,6.8835
2018269N11220,2018-10-03 03:00:00+00:00,2018,EP,16.75,189.8,18.350002,190.75,9.5,3.1666667,2579507,False,6.8835
2018269N11220,2018-10-03 03:00:00+00:00,2018,EP,16.75,189.8,18.350002,190.85,9.9375,3.3125,2579508,False,6.8835
2018269N11220,2018-10-03 03:00:00+00:00,2018,EP,16.75,189.8,18.350002,190.95,10.875,3.625,2579509,False,6.8835
2018269N11220,2018-10-03 03:00:00+00:00,2018,EP,16.75,189.8,18.350002,191.05,11.875,3.9583333,2579510,False,6.8835
2018269N11220,2018-10-03 03:00:00+00:00,2018,EP,16.75,189.8,18.350002,191.15001,15.375,5.125,2579511,False,7.3623
2018269N11220,2018-10-03 03:00:00+00:00,2018,EP,16.75,189.8,18.350002,191.25,13.625,4.5416665,2579512,False,7.1229
2018269N11220,2018-10-03 03:00:00+00:00,2018,EP,16.75,189.8,18.350002,191.35,14.75,4.9166665,2579513,False,7.1229
2018269N11220,2018-10-03 03:00:00+00:00,2018,EP,16.75,189.8,18.350002,191.45,16.1875,5.3958335,2579514,False,7.1229
2018269N11220,2018-10-03 03:00:00+00:00,2018,EP,16.75,189.8,18.350002,191.55,14.75,4.9166665,2579515,False,7.1229
2018269N11220,2018-10-03 03:00:00+00:00,2018,EP,16.75,189.8,18.350002,191.65001,10.625,3.5416667,2579516,False,7.1229
2018269N11220,2018-10-03 03:00:00+00:00,2018,EP,16.75,189.8,18.350002,191.75,10.6875,3.5625,2579517,False,6.6441
2018269N11220,2018-10-03 03:00:00+00:00,2018,EP,16.75,189.8,18.350002,191.85,9.0625,3.0208333,2579518,False,6.8835
2018269N11220,2018-10-03 03:00:00+00:00,2018,EP,16.75,189.8,18.350002,191.95,7.5625,2.5208333,2579519,False,6.8835
2018269N11220,2018-10-03 03:00:00+00:00,2018,EP,16.75,189.8,18.350002,192.05,7.75,2.5833333,2579520,False,6.6441
2018269N11220,2018-10-03 03:00:00+00:00,2018,EP,16.75,189.8,18.350002,192.15001,8.25,2.75,2579521,False,6.8835
2018269N11220,2018-10-03 03:00:00+00:00,2018,EP,16.75,189.8,18.350002,192.25,8.375,2.7916667,2579522,False,6.6441
2018269N11220,2018-10-03 03:00:00+00:00,2018,EP,16.75,189.8,18.249996,188.25,8.875,2.9583333,2583082,False,6.8835
2018269N11220,2018-10-03 03:00:00+00:00,2018,EP,16.75,189.8,18.249996,188.35,8.0,2.6666667,2583083,False,6.8835
2018269N11220,2018-10-03 03:00:00+00:00,2018,EP,16.75,189.8,18.249996,188.45,9.9375,3.3125,2583084,False,7.1229
2018269N11220,2018-10-03 03:00:00+00:00,2018,EP,16.75,189.8,18.249996,188.55,9.9375,3.3125,2583085,False,7.1229
2018269N11220,2018-10-03 03:00:00+00:00,2018,EP,16.75,189.8,18.249996,188.65001,13.75,4.5833335,2583086,False,7.1229
2018269N11220,2018-10-03 03:00:00+00:00,2018,EP,16.75,189.8,18.249996,188.75,14.4375,4.8125,2583087,False,6.8835
2018269N11220,2018-10-03 03:00:00+00:00,2018,EP,16.75,189.8,18.249996,188.85,15.25,5.0833335,2583088,False,6.8835
2018269N11220,2018-10-03 03:00:00+00:00,2018,EP,16.75,189.8,18.249996,188.95,13.9375,4.6458335,2583089,False,6.6441
2018269N11220,2018-10-03 03:00:00+00:00,2018,EP,16.75,189.8,18.249996,189.05,11.6875,3.8958333,2583090,False,6.6441
2018269N11220,2018-10-03 03:00:00+00:00,2018,EP,16.75,189.8,18.249996,189.15001,15.125,5.0416665,2583091,False,6.4047003
2018269N11220,2018-10-03 03:00:00+00:00,2018,EP,16.75,189.8,18.249996,189.25,22.4375,7.4791665,2583092,False,6.8835
2018269N11220,2018-10-03 03:00:00+00:00,2018,EP,16.75,189.8,18.249996,189.35,19.1875,6.3958335,2583093,False,6.4047003
2018269N11220,2018-10-03 03:00:00+00:00,2018,EP,16.75,189.8,18.249996,189.45,16.8125,5.6041665,2583094,False,6.8835
2018269N11220,2018-10-03 03:00:00+00:00,2018,EP,16.75,189.8,18.249996,189.55,13.1875,4.3958335,2583095,False,6.8835
2018269N11220,2018-10-03 03:00:00+00:00,2018,EP,16.75,189.8,18.249996,189.65001,12.1875,4.0625,2583096,False,7.1229
2018269N11220,2018-10-03 03:00:00+00:00,2018,EP,16.75,189.8,18.249996,189.75,13.75,4.5833335,2583097,False,6.8835
2018269N11220,2018-10-03 03:00:00+00:00,2018,EP,16.75,189.8,18.249996,189.85,12.5,4.1666665,2583098,False,6.8835
2018269N11220,2018-10-03 03:00:00+00:00,2018,EP,16.75,189.8,18.249996,189.95,13.25,4.4166665,2583099,False,7.1229
2018269N11220,2018-10-03 03:00:00+00:00,2018,EP,16.75,189.8,18.249996,190.05,12.125,4.0416665,2583100,False,7.1229
2018269N11220,2018-10-03 03:00:00+00:00,2018,EP,16.75,189.8,18.249996,190.15001,13.5,4.5,2583101,False,7.3623
2018269N11220,2018-10-03 03:00:00+00:00,2018,EP,16.75,189.8,18.249996,190.25,13.3125,4.4375,2583102,False,7.3623
2018269N11220,2018-10-03 03:00:00+00:00,2018,EP,16.75,189.8,18.249996,190.35,13.25,4.4166665,2583103,False,7.6017
2018269N11220,2018-10-03 03:00:00+00:00,2018,EP,16.75,189.8,18.249996,190.45,11.0625,3.6875,2583104,False,7.1229
2018269N11220,2018-10-03 03:00:00+00:00,2018,EP,16.75,189.8,18.249996,190.55,8.8125,2.9375,2583105,False,6.8835
2018269N11220,2018-10-03 03:00:00+00:00,2018,EP,16.75,189.8,18.249996,190.65001,9.0625,3.0208333,2583106,False,6.8835
2018269N11220,2018-10-03 03:00:00+00:00,2018,EP,16.75,189.8,18.249996,190.75,8.375,2.7916667,2583107,False,7.1229
2018269N11220,2018-10-03 03:00:00+00:00,2018,EP,16.75,189.8,18.249996,190.85,9.5625,3.1875,2583108,False,7.1229
2018269N11220,2018-10-03 03:00:00+00:00,2018,EP,16.75,189.8,18.249996,190.95,9.8125,3.2708333,2583109,False,6.8835
2018269N11220,2018-10-03 03:00:00+00:00,2018,EP,16.75,189.8,18.249996,191.05,11.5,3.8333333,2583110,False,6.8835
2018269N11220,2018-10-03 03:00:00+00:00,2018,EP,16.75,189.8,18.249996,191.15001,14.1875,4.7291665,2583111,False,7.3623
2018269N11220,2018-10-03 03:00:00+00:00,2018,EP,16.75,189.8,18.249996,191.25,12.1875,4.0625,2583112,False,7.1229
2018269N11220,2018-10-03 03:00:00+00:00,2018,EP,16.75,189.8,18.249996,191.35,13.75,4.5833335,2583113,False,7.1229
2018269N11220,2018-10-03 03:00:00+00:00,2018,EP,16.75,189.8,18.249996,191.45,16.25,5.4166665,2583114,False,7.1229
2018269N11220,2018-10-03 03:00:00+00:00,2018,EP,16.75,189.8,18.249996,191.55,15.0625,5.0208335,2583115,False,7.1229
2018269N11220,2018-10-03 03:00:00+00:00,2018,EP,16.75,189.8,18.249996,191.65001,10.875,3.625,2583116,False,6.8835
2018269N11220,2018-10-03 03:00:00+00:00,2018,EP,16.75,189.8,18.249996,191.75,10.25,3.4166667,2583117,False,6.8835
2018269N11220,2018-10-03 03:00:00+00:00,2018,EP,16.75,189.8,18.249996,191.85,9.375,3.125,2583118,False,6.8835
2018269N11220,2018-10-03 03:00:00+00:00,2018,EP,16.75,189.8,18.249996,191.95,7.4375,2.4791667,2583119,False,6.6441
2018269N11220,2018-10-03 03:00:00+00:00,2018,EP,16.75,189.8,18.249996,192.05,7.25,2.4166667,2583120,False,6.6441
2018269N11220,2018-10-03 03:00:00+00:00,2018,EP,16.75,189.8,18.249996,192.15001,6.8125,2.2708333,2583121,False,6.6441
2018269N11220,2018-10-03 03:00:00+00:00,2018,EP,16.75,189.8,18.249996,192.25,7.0625,2.3541667,2583122,False,6.8835
2018269N11220,2018-10-03 03:00:00+00:00,2018,EP,16.75,189.8,18.149998,188.25,8.375,2.7916667,2586682,False,6.8835
2018269N11220,2018-10-03 03:00:00+00:00,2018,EP,16.75,189.8,18.149998,188.35,9.6875,3.2291667,2586683,False,6.6441
2018269N11220,2018-10-03 03:00:00+00:00,2018,EP,16.75,189.8,18.149998,188.45,8.0,2.6666667,2586684,False,6.8835
2018269N11220,2018-10-03 03:00:00+00:00,2018,EP,16.75,189.8,18.149998,188.55,11.5625,3.8541667,2586685,False,7.1229
2018269N11220,2018-10-03 03:00:00+00:00,2018,EP,16.75,189.8,18.149998,188.65001,11.625,3.875,2586686,False,6.8835
2018269N11220,2018-10-03 03:00:00+00:00,2018,EP,16.75,189.8,18.149998,188.75,15.5,5.1666665,2586687,False,7.1229
2018269N11220,2018-10-03 03:00:00+00:00,2018,EP,16.75,189.8,18.149998,188.85,12.3125,4.1041665,2586688,False,7.1229
2018269N11220,2018-10-03 03:00:00+00:00,2018,EP,16.75,189.8,18.149998,188.95,13.125,4.375,2586689,False,6.8835
2018269N11220,2018-10-03 03:00:00+00:00,2018,EP,16.75,189.8,18.149998,189.05,13.0625,4.3541665,2586690,False,6.6441
2018269N11220,2018-10-03 03:00:00+00:00,2018,EP,16.75,189.8,18.149998,189.15001,14.25,4.75,2586691,False,6.6441
2018269N11220,2018-10-03 03:00:00+00:00,2018,EP,16.75,189.8,18.149998,189.25,20.375,6.7916665,2586692,False,6.6441
2018269N11220,2018-10-03 03:00:00+00:00,2018,EP,16.75,189.8,18.149998,189.35,13.0,4.3333335,2586693,False,6.6441
2018269N11220,2018-10-03 03:00:00+00:00,2018,EP,16.75,189.8,18.149998,189.45,14.0625,4.6875,2586694,False,6.8835
2018269N11220,2018-10-03 03:00:00+00:00,2018,EP,16.75,189.8,18.149998,189.55,12.5625,4.1875,2586695,False,7.1229
2018269N11220,2018-10-03 03:00:00+00:00,2018,EP,16.75,189.8,18.149998,189.65001,13.4375,4.4791665,2586696,False,6.6441
2018269N11220,2018-10-03 03:00:00+00:00,2018,EP,16.75,189.8,18.149998,189.75,15.625,5.2083335,2586697,False,7.1229
2018269N11220,2018-10-03 03:00:00+00:00,2018,EP,16.75,189.8,18.149998,189.85,14.625,4.875,2586698,False,7.1229
2018269N11220,2018-10-03 03:00:00+00:00,2018,EP,16.75,189.8,18.149998,189.95,13.75,4.5833335,2586699,False,7.1229
2018269N11220,2018-10-03 03:00:00+00:00,2018,EP,16.75,189.8,18.149998,190.05,15.25,5.0833335,2586700,False,7.3623
2018269N11220,2018-10-03 03:00:00+00:00,2018,EP,16.75,189.8,18.149998,190.15001,15.0625,5.0208335,2586701,False,7.3623
2018269N11220,2018-10-03 03:00:00+00:00,2018,EP,16.75,189.8,18.149998,190.25,13.875,4.625,2586702,False,7.6017
2018269N11220,2018-10-03 03:00:00+00:00,2018,EP,16.75,189.8,18.149998,190.35,13.3125,4.4375,2586703,False,7.3623
2018269N11220,2018-10-03 03:00:00+00:00,2018,EP,16.75,189.8,18.149998,190.45,12.0,4.0,2586704,False,7.1229
2018269N11220,2018-10-03 03:00:00+00:00,2018,EP,16.75,189.8,18.149998,190.55,8.4375,2.8125,2586705,False,7.1229
2018269N11220,2018-10-03 03:00:00+00:00,2018,EP,16.75,189.8,18.149998,190.65001,8.5,2.8333333,2586706,False,7.1229
2018269N11220,2018-10-03 03:00:00+00:00,2018,EP,16.75,189.8,18.149998,190.75,8.0,2.6666667,2586707,False,7.1229
2018269N11220,2018-10-03 03:00:00+00:00,2018,EP,16.75,189.8,18.149998,190.85,8.25,2.75,2586708,False,6.8835
2018269N11220,2018-10-03 03:00:00+00:00,2018,EP,16.75,189.8,18.149998,190.95,8.5625,2.8541667,2586709,False,6.8835
2018269N11220,2018-10-03 03:00:00+00:00,2018,EP,16.75,189.8,18.149998,191.05,10.0625,3.3541667,2586710,False,7.1229
2018269N11220,2018-10-03 03:00:00+00:00,2018,EP,16.75,189.8,18.149998,191.15001,12.0625,4.0208335,2586711,False,7.3623
2018269N11220,2018-10-03 03:00:00+00:00,2018,EP,16.75,189.8,18.149998,191.25,11.0625,3.6875,2586712,False,7.3623
2018269N11220,2018-10-03 03:00:00+00:00,2018,EP,16.75,189.8,18.149998,191.35,11.125,3.7083333,2586713,False,7.1229
2018269N11220,2018-10-03 03:00:00+00:00,2018,EP,16.75,189.8,18.149998,191.45,12.875,4.2916665,2586714,False,6.8835
2018269N11220,2018-10-03 03:00:00+00:00,2018,EP,16.75,189.8,18.149998,191.55,15.3125,5.1041665,2586715,False,7.1229
2018269N11220,2018-10-03 03:00:00+00:00,2018,EP,16.75,189.8,18.149998,191.65001,11.125,3.7083333,2586716,False,6.8835
2018269N11220,2018-10-03 03:00:00+00:00,2018,EP,16.75,189.8,18.149998,191.75,10.0,3.3333333,2586717,False,6.8835
2018269N11220,2018-10-03 03:00:00+00:00,2018,EP,16.75,189.8,18.149998,191.85,10.375,3.4583333,2586718,False,6.8835
2018269N11220,2018-10-03 03:00:00+00:00,2018,EP,16.75,189.8,18.149998,191.95,7.0625,2.3541667,2586719,False,6.6441
2018269N11220,2018-10-03 03:00:00+00:00,2018,EP,16.75,189.8,18.149998,192.05,6.9375,2.3125,2586720,False,6.6441
2018269N11220,2018-10-03 03:00:00+00:00,2018,EP,16.75,189.8,18.149998,192.15001,6.9375,2.3125,2586721,False,6.6441
2018269N11220,2018-10-03 03:00:00+00:00,2018,EP,16.75,189.8,18.05,188.25,9.4375,3.1458333,2590282,False,6.4047003
2018269N11220,2018-10-03 03:00:00+00:00,2018,EP,16.75,189.8,18.05,188.35,7.1875,2.3958333,2590283,False,6.4047003
2018269N11220,2018-10-03 03:00:00+00:00,2018,EP,16.75,189.8,18.05,188.45,6.8125,2.2708333,2590284,False,6.6441
2018269N11220,2018-10-03 03:00:00+00:00,2018,EP,16.75,189.8,18.05,188.55,11.8125,3.9375,2590285,False,6.8835
2018269N11220,2018-10-03 03:00:00+00:00,2018,EP,16.75,189.8,18.05,188.65001,13.5,4.5,2590286,False,6.6441
2018269N11220,2018-10-03 03:00:00+00:00,2018,EP,16.75,189.8,18.05,188.75,18.25,6.0833335,2590287,False,6.6441
2018269N11220,2018-10-03 03:00:00+00:00,2018,EP,16.75,189.8,18.05,188.85,13.8125,4.6041665,2590288,False,6.8835
2018269N11220,2018-10-03 03:00:00+00:00,2018,EP,16.75,189.8,18.05,188.95,14.25,4.75,2590289,False,6.8835
2018269N11220,2018-10-03 03:00:00+00:00,2018,EP,16.75,189.8,18.05,189.05,15.4375,5.1458335,2590290,False,6.8835
2018269N11220,2018-10-03 03:00:00+00:00,2018,EP,16.75,189.8,18.05,189.15001,19.3125,6.4375,2590291,False,6.8835
2018269N11220,2018-10-03 03:00:00+00:00,2018,EP,16.75,189.8,18.05,189.25,20.5,6.8333335,2590292,False,6.6441
2018269N11220,2018-10-03 03:00:00+00:00,2018,EP,16.75,189.8,18.05,189.35,21.375,7.125,2590293,False,6.8835
2018269N11220,2018-10-03 03:00:00+00:00,2018,EP,16.75,189.8,18.05,189.45,18.0,6.0,2590294,False,6.8835
2018269N11220,2018-10-03 03:00:00+00:00,2018,EP,16.75,189.8,18.05,189.55,15.9375,5.3125,2590295,False,7.1229
2018269N11220,2018-10-03 03:00:00+00:00,2018,EP,16.75,189.8,18.05,189.65001,17.0,5.6666665,2590296,False,7.1229
2018269N11220,2018-10-03 03:00:00+00:00,2018,EP,16.75,189.8,18.05,189.75,18.0625,6.0208335,2590297,False,7.1229
2018269N11220,2018-10-03 03:00:00+00:00,2018,EP,16.75,189.8,18.05,189.85,17.4375,5.8125,2590298,False,7.3623
2018269N11220,2018-10-03 03:00:00+00:00,2018,EP,16.75,189.8,18.05,189.95,16.6875,5.5625,2590299,False,7.3623
2018269N11220,2018-10-03 03:00:00+00:00,2018,EP,16.75,189.8,18.05,190.05,16.4375,5.4791665,2590300,False,7.6017
2018269N11220,2018-10-03 03:00:00+00:00,2018,EP,16.75,189.8,18.05,190.15001,15.1875,5.0625,2590301,False,7.8410997
2018269N11220,2018-10-03 03:00:00+00:00,2018,EP,16.75,189.8,18.05,190.25,14.1875,4.7291665,2590302,False,7.8410997
2018269N11220,2018-10-03 03:00:00+00:00,2018,EP,16.75,189.8,18.05,190.35,15.25,5.0833335,2590303,False,7.6017
2018269N11220,2018-10-03 03:00:00+00:00,2018,EP,16.75,189.8,18.05,190.45,12.25,4.0833335,2590304,False,6.8835
2018269N11220,2018-10-03 03:00:00+00:00,2018,EP,16.75,189.8,18.05,190.55,10.5625,3.5208333,2590305,False,7.1229
2018269N11220,2018-10-03 03:00:00+00:00,2018,EP,16.75,189.8,18.05,190.65001,8.75,2.9166667,2590306,False,6.8835
2018269N11220,2018-10-03 03:00:00+00:00,2018,EP,16.75,189.8,18.05,190.75,8.75,2.9166667,2590307,False,7.1229
2018269N11220,2018-10-03 03:00:00+00:00,2018,EP,16.75,189.8,18.05,190.85,8.6875,2.8958333,2590308,False,7.1229
2018269N11220,2018-10-03 03:00:00+00:00,2018,EP,16.75,189.8,18.05,190.95,9.0625,3.0208333,2590309,False,6.8835
2018269N11220,2018-10-03 03:00:00+00:00,2018,EP,16.75,189.8,18.05,191.05,8.25,2.75,2590310,False,6.8835
2018269N11220,2018-10-03 03:00:00+00:00,2018,EP,16.75,189.8,18.05,191.15001,11.0625,3.6875,2590311,False,6.8835
2018269N11220,2018-10-03 03:00:00+00:00,2018,EP,16.75,189.8,18.05,191.25,10.875,3.625,2590312,False,6.6441
2018269N11220,2018-10-03 03:00:00+00:00,2018,EP,16.75,189.8,18.05,191.35,10.1875,3.3958333,2590313,False,6.8835
2018269N11220,2018-10-03 03:00:00+00:00,2018,EP,16.75,189.8,18.05,191.45,9.8125,3.2708333,2590314,False,6.8835
2018269N11220,2018-10-03 03:00:00+00:00,2018,EP,16.75,189.8,18.05,191.55,13.8125,4.6041665,2590315,False,7.1229
2018269N11220,2018-10-03 03:00:00+00:00,2018,EP,16.75,189.8,18.05,191.65001,12.4375,4.1458335,2590316,False,6.6441
2018269N11220,2018-10-03 03:00:00+00:00,2018,EP,16.75,189.8,18.05,191.75,11.5,3.8333333,2590317,False,6.6441
2018269N11220,2018-10-03 03:00:00+00:00,2018,EP,16.75,189.8,18.05,191.85,10.875,3.625,2590318,False,6.6441
2018269N11220,2018-10-03 03:00:00+00:00,2018,EP,16.75,189.8,18.05,191.95,7.8125,2.6041667,2590319,False,6.6441
2018269N11220,2018-10-03 03:00:00+00:00,2018,EP,16.75,189.8,18.05,192.05,8.1875,2.7291667,2590320,False,6.6441
2018269N11220,2018-10-03 03:00:00+00:00,2018,EP,16.75,189.8,18.05,192.15001,7.3125,2.4375,2590321,False,6.6441
2018269N11220,2018-10-03 03:00:00+00:00,2018,EP,16.75,189.8,18.05,192.35,8.0,2.6666667,2590323,False,6.6441
2018269N11220,2018-10-03 03:00:00+00:00,2018,EP,16.75,189.8,18.05,192.45,7.0625,2.3541667,2590324,False,6.8835
2018269N11220,2018-10-03 03:00:00+00:00,2018,EP,16.75,189.8,17.95,188.15001,7.25,2.4166667,2593881,False,6.6441
2018269N11220,2018-10-03 03:00:00+00:00,2018,EP,16.75,189.8,17.95,188.25,6.5625,2.1875,2593882,False,6.4047003
2018269N11220,2018-10-03 03:00:00+00:00,2018,EP,16.75,189.8,17.95,188.35,6.75,2.25,2593883,False,6.6441
2018269N11220,2018-10-03 03:00:00+00:00,2018,EP,16.75,189.8,17.95,188.55,9.0,3.0,2593885,False,6.6441
2018269N11220,2018-10-03 03:00:00+00:00,2018,EP,16.75,189.8,17.95,188.65001,12.0,4.0,2593886,False,6.6441
2018269N11220,2018-10-03 03:00:00+00:00,2018,EP,16.75,189.8,17.95,188.75,16.625,5.5416665,2593887,False,6.6441
2018269N11220,2018-10-03 03:00:00+00:00,2018,EP,16.75,189.8,17.95,188.85,12.8125,4.2708335,2593888,False,6.6441
2018269N11220,2018-10-03 03:00:00+00:00,2018,EP,16.75,189.8,17.95,188.95,13.375,4.4583335,2593889,False,7.1229
2018269N11220,2018-10-03 03:00:00+00:00,2018,EP,16.75,189.8,17.95,189.05,13.1875,4.3958335,2593890,False,6.8835
2018269N11220,2018-10-03 03:00:00+00:00,2018,EP,16.75,189.8,17.95,189.15001,19.9375,6.6458335,2593891,False,6.6441
2018269N11220,2018-10-03 03:00:00+00:00,2018,EP,16.75,189.8,17.95,189.25,18.75,6.25,2593892,False,6.8835
2018269N11220,2018-10-03 03:00:00+00:00,2018,EP,16.75,189.8,17.95,189.35,20.5,6.8333335,2593893,False,6.6441
2018269N11220,2018-10-03 03:00:00+00:00,2018,EP,16.75,189.8,17.95,189.45,19.0,6.3333335,2593894,False,6.8835
2018269N11220,2018-10-03 03:00:00+00:00,2018,EP,16.75,189.8,17.95,189.55,18.625,6.2083335,2593895,False,7.1229
2018269N11220,2018-10-03 03:00:00+00:00,2018,EP,16.75,189.8,17.95,189.65001,16.625,5.5416665,2593896,False,7.1229
2018269N11220,2018-10-03 03:00:00+00:00,2018,EP,16.75,189.8,17.95,189.75,18.3125,6.1041665,2593897,False,7.3623
2018269N11220,2018-10-03 03:00:00+00:00,2018,EP,16.75,189.8,17.95,189.85,16.9375,5.6458335,2593898,False,7.3623
2018269N11220,2018-10-03 03:00:00+00:00,2018,EP,16.75,189.8,17.95,189.95,23.0,7.6666665,2593899,False,7.8410997
2018269N11220,2018-10-03 03:00:00+00:00,2018,EP,16.75,189.8,17.95,190.05,19.125,6.375,2593900,False,7.8410997
2018269N11220,2018-10-03 03:00:00+00:00,2018,EP,16.75,189.8,17.95,190.15001,16.3125,5.4375,2593901,False,7.8410997
2018269N11220,2018-10-03 03:00:00+00:00,2018,EP,16.75,189.8,17.95,190.25,16.25,5.4166665,2593902,False,7.6017
2018269N11220,2018-10-03 03:00:00+00:00,2018,EP,16.75,189.8,17.95,190.35,15.75,5.25,2593903,False,7.8410997
2018269N11220,2018-10-03 03:00:00+00:00,2018,EP,16.75,189.8,17.95,190.45,12.375,4.125,2593904,False,7.3623
2018269N11220,2018-10-03 03:00:00+00:00,2018,EP,16.75,189.8,17.95,190.55,10.875,3.625,2593905,False,7.1229
2018269N11220,2018-10-03 03:00:00+00:00,2018,EP,16.75,189.8,17.95,190.65001,9.8125,3.2708333,2593906,False,7.1229
2018269N11220,2018-10-03 03:00:00+00:00,2018,EP,16.75,189.8,17.95,190.75,9.0625,3.0208333,2593907,False,6.8835
2018269N11220,2018-10-03 03:00:00+00:00,2018,EP,16.75,189.8,17.95,190.85,8.25,2.75,2593908,False,7.1229
2018269N11220,2018-10-03 03:00:00+00:00,2018,EP,16.75,189.8,17.95,190.95,8.75,2.9166667,2593909,False,7.3623
2018269N11220,2018-10-03 03:00:00+00:00,2018,EP,16.75,189.8,17.95,191.05,7.375,2.4583333,2593910,False,7.1229
2018269N11220,2018-10-03 03:00:00+00:00,2018,EP,16.75,189.8,17.95,191.15001,9.625,3.2083333,2593911,False,7.1229
2018269N11220,2018-10-03 03:00:00+00:00,2018,EP,16.75,189.8,17.95,191.25,9.125,3.0416667,2593912,False,6.8835
2018269N11220,2018-10-03 03:00:00+00:00,2018,EP,16.75,189.8,17.95,191.35,8.25,2.75,2593913,False,7.1229
2018269N11220,2018-10-03 03:00:00+00:00,2018,EP,16.75,189.8,17.95,191.45,9.5,3.1666667,2593914,False,6.8835
2018269N11220,2018-10-03 03:00:00+00:00,2018,EP,16.75,189.8,17.95,191.55,12.25,4.0833335,2593915,False,7.1229
2018269N11220,2018-10-03 03:00:00+00:00,2018,EP,16.75,189.8,17.95,191.65001,13.0625,4.3541665,2593916,False,6.8835
2018269N11220,2018-10-03 03:00:00+00:00,2018,EP,16.75,189.8,17.95,191.75,11.5,3.8333333,2593917,False,6.6441
2018269N11220,2018-10-03 03:00:00+00:00,2018,EP,16.75,189.8,17.95,191.85,11.375,3.7916667,2593918,False,6.6441
2018269N11220,2018-10-03 03:00:00+00:00,2018,EP,16.75,189.8,17.95,191.95,8.4375,2.8125,2593919,False,6.4047003
2018269N11220,2018-10-03 03:00:00+00:00,2018,EP,16.75,189.8,17.95,192.05,7.875,2.625,2593920,False,6.8835
2018269N11220,2018-10-03 03:00:00+00:00,2018,EP,16.75,189.8,17.95,192.15001,7.25,2.4166667,2593921,False,6.6441
2018269N11220,2018-10-03 03:00:00+00:00,2018,EP,16.75,189.8,17.95,192.25,6.75,2.25,2593922,False,6.6441
2018269N11220,2018-10-03 03:00:00+00:00,2018,EP,16.75,189.8,17.95,192.35,7.5,2.5,2593923,False,6.4047003
2018269N11220,2018-10-03 03:00:00+00:00,2018,EP,16.75,189.8,17.850002,188.05,6.9375,2.3125,2597480,False,6.4047003
2018269N11220,2018-10-03 03:00:00+00:00,2018,EP,16.75,189.8,17.850002,188.15001,7.5625,2.5208333,2597481,False,6.6441
2018269N11220,2018-10-03 03:00:00+00:00,2018,EP,16.75,189.8,17.850002,188.35,10.5,3.5,2597483,False,6.4047003
2018269N11220,2018-10-03 03:00:00+00:00,2018,EP,16.75,189.8,17.850002,188.45,7.3125,2.4375,2597484,False,6.6441
2018269N11220,2018-10-03 03:00:00+00:00,2018,EP,16.75,189.8,17.850002,188.55,7.5625,2.5208333,2597485,False,6.6441
2018269N11220,2018-10-03 03:00:00+00:00,2018,EP,16.75,189.8,17.850002,188.65001,15.8125,5.2708335,2597486,False,6.8835
2018269N11220,2018-10-03 03:00:00+00:00,2018,EP,16.75,189.8,17.850002,188.75,17.875,5.9583335,2597487,False,6.8835
2018269N11220,2018-10-03 03:00:00+00:00,2018,EP,16.75,189.8,17.850002,188.85,17.625,5.875,2597488,False,6.8835
2018269N11220,2018-10-03 03:00:00+00:00,2018,EP,16.75,189.8,17.850002,188.95,18.0,6.0,2597489,False,6.6441
2018269N11220,2018-10-03 03:00:00+00:00,2018,EP,16.75,189.8,17.850002,189.05,18.0625,6.0208335,2597490,False,6.8835
2018269N11220,2018-10-03 03:00:00+00:00,2018,EP,16.75,189.8,17.850002,189.15001,21.5625,7.1875,2597491,False,6.6441
2018269N11220,2018-10-03 03:00:00+00:00,2018,EP,16.75,189.8,17.850002,189.25,22.5,7.5,2597492,False,6.6441
2018269N11220,2018-10-03 03:00:00+00:00,2018,EP,16.75,189.8,17.850002,189.35,26.5,8.833333,2597493,False,6.8835
2018269N11220,2018-10-03 03:00:00+00:00,2018,EP,16.75,189.8,17.850002,189.45,36.4375,12.145833,2597494,False,6.8835
2018269N11220,2018-10-03 03:00:00+00:00,2018,EP,16.75,189.8,17.850002,189.55,31.5,10.5,2597495,False,7.1229
2018269N11220,2018-10-03 03:00:00+00:00,2018,EP,16.75,189.8,17.850002,189.65001,29.3125,9.770833,2597496,False,7.3623
2018269N11220,2018-10-03 03:00:00+00:00,2018,EP,16.75,189.8,17.850002,189.75,30.0625,10.020833,2597497,False,7.3623
2018269N11220,2018-10-03 03:00:00+00:00,2018,EP,16.75,189.8,17.850002,189.85,27.625,9.208333,2597498,False,7.6017
2018269N11220,2018-10-03 03:00:00+00:00,2018,EP,16.75,189.8,17.850002,189.95,27.1875,9.0625,2597499,False,7.6017
2018269N11220,2018-10-03 03:00:00+00:00,2018,EP,16.75,189.8,17.850002,190.05,26.0625,8.6875,2597500,False,7.6017
2018269N11220,2018-10-03 03:00:00+00:00,2018,EP,16.75,189.8,17.850002,190.15001,24.1875,8.0625,2597501,False,7.3623
2018269N11220,2018-10-03 03:00:00+00:00,2018,EP,16.75,189.8,17.850002,190.25,21.6875,7.2291665,2597502,False,7.3623
2018269N11220,2018-10-03 03:00:00+00:00,2018,EP,16.75,189.8,17.850002,190.35,22.6875,7.5625,2597503,False,7.6017
2018269N11220,2018-10-03 03:00:00+00:00,2018,EP,16.75,189.8,17.850002,190.45,16.125,5.375,2597504,False,7.3623
2018269N11220,2018-10-03 03:00:00+00:00,2018,EP,16.75,189.8,17.850002,190.55,13.4375,4.4791665,2597505,False,7.1229
2018269N11220,2018-10-03 03:00:00+00:00,2018,EP,16.75,189.8,17.850002,190.65001,10.875,3.625,2597506,False,7.3623
2018269N11220,2018-10-03 03:00:00+00:00,2018,EP,16.75,189.8,17.850002,190.75,9.6875,3.2291667,2597507,False,7.3623
2018269N11220,2018-10-03 03:00:00+00:00,2018,EP,16.75,189.8,17.850002,190.85,8.6875,2.8958333,2597508,False,7.1229
2018269N11220,2018-10-03 03:00:00+00:00,2018,EP,16.75,189.8,17.850002,190.95,8.5625,2.8541667,2597509,False,7.3623
2018269N11220,2018-10-03 03:00:00+00:00,2018,EP,16.75,189.8,17.850002,191.05,7.625,2.5416667,2597510,False,7.3623
2018269N11220,2018-10-03 03:00:00+00:00,2018,EP,16.75,189.8,17.850002,191.15001,7.375,2.4583333,2597511,False,7.3623
2018269N11220,2018-10-03 03:00:00+00:00,2018,EP,16.75,189.8,17.850002,191.25,7.75,2.5833333,2597512,False,7.1229
2018269N11220,2018-10-03 03:00:00+00:00,2018,EP,16.75,189.8,17.850002,191.35,7.5625,2.5208333,2597513,False,7.1229
2018269N11220,2018-10-03 03:00:00+00:00,2018,EP,16.75,189.8,17.850002,191.45,9.0,3.0,2597514,False,6.8835
2018269N11220,2018-10-03 03:00:00+00:00,2018,EP,16.75,189.8,17.850002,191.55,12.1875,4.0625,2597515,False,7.1229
2018269N11220,2018-10-03 03:00:00+00:00,2018,EP,16.75,189.8,17.850002,191.65001,11.6875,3.8958333,2597516,False,7.1229
2018269N11220,2018-10-03 03:00:00+00:00,2018,EP,16.75,189.8,17.850002,191.75,12.0,4.0,2597517,False,6.6441
2018269N11220,2018-10-03 03:00:00+00:00,2018,EP,16.75,189.8,17.850002,191.85,10.75,3.5833333,2597518,False,6.6441
2018269N11220,2018-10-03 03:00:00+00:00,2018,EP,16.75,189.8,17.850002,191.95,10.9375,3.6458333,2597519,False,6.6441
2018269N11220,2018-10-03 03:00:00+00:00,2018,EP,16.75,189.8,17.850002,192.05,8.375,2.7916667,2597520,False,6.6441
2018269N11220,2018-10-03 03:00:00+00:00,2018,EP,16.75,189.8,17.850002,192.15001,8.5625,2.8541667,2597521,False,6.8835
2018269N11220,2018-10-03 03:00:00+00:00,2018,EP,16.75,189.8,17.850002,192.25,7.375,2.4583333,2597522,False,6.8835
2018269N11220,2018-10-03 03:00:00+00:00,2018,EP,16.75,189.8,17.850002,192.35,7.75,2.5833333,2597523,False,6.6441
2018269N11220,2018-10-03 03:00:00+00:00,2018,EP,16.75,189.8,17.850002,192.45,7.0,2.3333333,2597524,False,6.8835
2018269N11220,2018-10-03 03:00:00+00:00,2018,EP,16.75,189.8,17.749996,188.05,6.75,2.25,2601080,False,6.4047003
2018269N11220,2018-10-03 03:00:00+00:00,2018,EP,16.75,189.8,17.749996,188.15001,7.0625,2.3541667,2601081,False,6.4047003
2018269N11220,2018-10-03 03:00:00+00:00,2018,EP,16.75,189.8,17.749996,188.35,7.75,2.5833333,2601083,False,6.4047003
2018269N11220,2018-10-03 03:00:00+00:00,2018,EP,16.75,189.8,17.749996,188.45,7.3125,2.4375,2601084,False,6.6441
2018269N11220,2018-10-03 03:00:00+00:00,2018,EP,16.75,189.8,17.749996,188.55,6.875,2.2916667,2601085,False,6.6441
2018269N11220,2018-10-03 03:00:00+00:00,2018,EP,16.75,189.8,17.749996,188.65001,15.625,5.2083335,2601086,False,6.6441
2018269N11220,2018-10-03 03:00:00+00:00,2018,EP,16.75,189.8,17.749996,188.75,18.375,6.125,2601087,False,6.8835
2018269N11220,2018-10-03 03:00:00+00:00,2018,EP,16.75,189.8,17.749996,188.85,15.1875,5.0625,2601088,False,6.6441
2018269N11220,2018-10-03 03:00:00+00:00,2018,EP,16.75,189.8,17.749996,188.95,16.75,5.5833335,2601089,False,6.6441
2018269N11220,2018-10-03 03:00:00+00:00,2018,EP,16.75,189.8,17.749996,189.05,17.4375,5.8125,2601090,False,6.8835
2018269N11220,2018-10-03 03:00:00+00:00,2018,EP,16.75,189.8,17.749996,189.15001,25.5,8.5,2601091,False,6.6441
2018269N11220,2018-10-03 03:00:00+00:00,2018,EP,16.75,189.8,17.749996,189.25,28.0625,9.354167,2601092,False,6.6441
2018269N11220,2018-10-03 03:00:00+00:00,2018,EP,16.75,189.8,17.749996,189.35,28.375,9.458333,2601093,False,6.8835
2018269N11220,2018-10-03 03:00:00+00:00,2018,EP,16.75,189.8,17.749996,189.45,38.0625,12.6875,2601094,False,6.8835
2018269N11220,2018-10-03 03:00:00+00:00,2018,EP,16.75,189.8,17.749996,189.55,31.6875,10.5625,2601095,False,7.3623
2018269N11220,2018-10-03 03:00:00+00:00,2018,EP,16.75,189.8,17.749996,189.65001,29.0625,9.6875,2601096,False,7.6017
2018269N11220,2018-10-03 03:00:00+00:00,2018,EP,16.75,189.8,17.749996,189.75,28.75,9.583333,2601097,False,7.6017
2018269N11220,2018-10-03 03:00:00+00:00,2018,EP,16.75,189.8,17.749996,189.85,28.875,9.625,2601098,False,7.8410997
2018269N11220,2018-10-03 03:00:00+00:00,2018,EP,16.75,189.8,17.749996,189.95,26.125,8.708333,2601099,False,7.6017
2018269N11220,2018-10-03 03:00:00+00:00,2018,EP,16.75,189.8,17.749996,190.05,24.375,8.125,2601100,False,7.6017
2018269N11220,2018-10-03 03:00:00+00:00,2018,EP,16.75,189.8,17.749996,190.15001,24.0625,8.020833,2601101,False,7.8410997
2018269N11220,2018-10-03 03:00:00+00:00,2018,EP,16.75,189.8,17.749996,190.25,22.5625,7.5208335,2601102,False,7.6017
2018269N11220,2018-10-03 03:00:00+00:00,2018,EP,16.75,189.8,17.749996,190.35,19.0625,6.3541665,2601103,False,7.6017
2018269N11220,2018-10-03 03:00:00+00:00,2018,EP,16.75,189.8,17.749996,190.45,17.0,5.6666665,2601104,False,7.3623
2018269N11220,2018-10-03 03:00:00+00:00,2018,EP,16.75,189.8,17.749996,190.55,16.0,5.3333335,2601105,False,7.6017
2018269N11220,2018-10-03 03:00:00+00:00,2018,EP,16.75,189.8,17.749996,190.65001,11.0,3.6666667,2601106,False,7.3623
2018269N11220,2018-10-03 03:00:00+00:00,2018,EP,16.75,189.8,17.749996,190.75,10.5,3.5,2601107,False,7.3623
2018269N11220,2018-10-03 03:00:00+00:00,2018,EP,16.75,189.8,17.749996,190.85,9.0625,3.0208333,2601108,False,7.3623
2018269N11220,2018-10-03 03:00:00+00:00,2018,EP,16.75,189.8,17.749996,190.95,8.125,2.7083333,2601109,False,7.6017
2018269N11220,2018-10-03 03:00:00+00:00,2018,EP,16.75,189.8,17.749996,191.05,7.75,2.5833333,2601110,False,7.6017
2018269N11220,2018-10-03 03:00:00+00:00,2018,EP,16.75,189.8,17.749996,191.45,7.75,2.5833333,2601114,False,6.8835
2018269N11220,2018-10-03 03:00:00+00:00,2018,EP,16.75,189.8,17.749996,191.55,9.9375,3.3125,2601115,False,6.8835
2018269N11220,2018-10-03 03:00:00+00:00,2018,EP,16.75,189.8,17.749996,191.65001,11.0,3.6666667,2601116,False,6.8835
2018269N11220,2018-10-03 03:00:00+00:00,2018,EP,16.75,189.8,17.749996,191.75,11.25,3.75,2601117,False,6.6441
2018269N11220,2018-10-03 03:00:00+00:00,2018,EP,16.75,189.8,17.749996,191.85,10.625,3.5416667,2601118,False,6.6441
2018269N11220,2018-10-03 03:00:00+00:00,2018,EP,16.75,189.8,17.749996,191.95,13.0625,4.3541665,2601119,False,6.6441
2018269N11220,2018-10-03 03:00:00+00:00,2018,EP,16.75,189.8,17.749996,192.05,10.5625,3.5208333,2601120,False,6.6441
2018269N11220,2018-10-03 03:00:00+00:00,2018,EP,16.75,189.8,17.749996,192.15001,8.5,2.8333333,2601121,False,6.8835
2018269N11220,2018-10-03 03:00:00+00:00,2018,EP,16.75,189.8,17.749996,192.25,6.875,2.2916667,2601122,False,6.6441
2018269N11220,2018-10-03 03:00:00+00:00,2018,EP,16.75,189.8,17.749996,192.35,8.125,2.7083333,2601123,False,6.6441
2018269N11220,2018-10-03 03:00:00+00:00,2018,EP,16.75,189.8,17.749996,192.45,7.625,2.5416667,2601124,False,7.1229
2018269N11220,2018-10-03 03:00:00+00:00,2018,EP,16.75,189.8,17.649998,188.05,7.5,2.5,2604680,False,6.4047003
2018269N11220,2018-10-03 03:00:00+00:00,2018,EP,16.75,189.8,17.649998,188.15001,7.0625,2.3541667,2604681,False,6.4047003
2018269N11220,2018-10-03 03:00:00+00:00,2018,EP,16.75,189.8,17.649998,188.25,7.8125,2.6041667,2604682,False,6.4047003
2018269N11220,2018-10-03 03:00:00+00:00,2018,EP,16.75,189.8,17.649998,188.35,7.4375,2.4791667,2604683,False,6.4047003
2018269N11220,2018-10-03 03:00:00+00:00,2018,EP,16.75,189.8,17.649998,188.45,7.375,2.4583333,2604684,False,6.6441
2018269N11220,2018-10-03 03:00:00+00:00,2018,EP,16.75,189.8,17.649998,188.55,7.125,2.375,2604685,False,6.6441
2018269N11220,2018-10-03 03:00:00+00:00,2018,EP,16.75,189.8,17.649998,188.65001,13.9375,4.6458335,2604686,False,6.8835
2018269N11220,2018-10-03 03:00:00+00:00,2018,EP,16.75,189.8,17.649998,188.75,16.625,5.5416665,2604687,False,6.8835
2018269N11220,2018-10-03 03:00:00+00:00,2018,EP,16.75,189.8,17.649998,188.85,18.5625,6.1875,2604688,False,6.8835
2018269N11220,2018-10-03 03:00:00+00:00,2018,EP,16.75,189.8,17.649998,188.95,18.6875,6.2291665,2604689,False,6.6441
2018269N11220,2018-10-03 03:00:00+00:00,2018,EP,16.75,189.8,17.649998,189.05,17.4375,5.8125,2604690,False,6.8835
2018269N11220,2018-10-03 03:00:00+00:00,2018,EP,16.75,189.8,17.649998,189.15001,28.6875,9.5625,2604691,False,6.8835
2018269N11220,2018-10-03 03:00:00+00:00,2018,EP,16.75,189.8,17.649998,189.25,26.625,8.875,2604692,False,6.8835
2018269N11220,2018-10-03 03:00:00+00:00,2018,EP,16.75,189.8,17.649998,189.35,29.8125,9.9375,2604693,False,7.1229
2018269N11220,2018-10-03 03:00:00+00:00,2018,EP,16.75,189.8,17.649998,189.45,34.5,11.5,2604694,False,7.3623
2018269N11220,2018-10-03 03:00:00+00:00,2018,EP,16.75,189.8,17.649998,189.55,33.625,11.208333,2604695,False,7.6017
2018269N11220,2018-10-03 03:00:00+00:00,2018,EP,16.75,189.8,17.649998,189.65001,27.125,9.041667,2604696,False,7.6017
2018269N11220,2018-10-03 03:00:00+00:00,2018,EP,16.75,189.8,17.649998,189.75,27.3125,9.104167,2604697,False,7.6017
2018269N11220,2018-10-03 03:00:00+00:00,2018,EP,16.75,189.8,17.649998,189.85,26.75,8.916667,2604698,False,8.0805
2018269N11220,2018-10-03 03:00:00+00:00,2018,EP,16.75,189.8,17.649998,189.95,25.625,8.541667,2604699,False,7.6017
2018269N11220,2018-10-03 03:00:00+00:00,2018,EP,16.75,189.8,17.649998,190.05,21.0,7.0,2604700,False,8.0805
2018269N11220,2018-10-03 03:00:00+00:00,2018,EP,16.75,189.8,17.649998,190.15001,27.4375,9.145833,2604701,False,8.0805
2018269N11220,2018-10-03 03:00:00+00:00,2018,EP,16.75,189.8,17.649998,190.25,25.0625,8.354167,2604702,False,7.8410997
2018269N11220,2018-10-03 03:00:00+00:00,2018,EP,16.75,189.8,17.649998,190.35,20.0625,6.6875,2604703,False,7.8410997
2018269N11220,2018-10-03 03:00:00+00:00,2018,EP,16.75,189.8,17.649998,190.45,16.375,5.4583335,2604704,False,7.6017
2018269N11220,2018-10-03 03:00:00+00:00,2018,EP,16.75,189.8,17.649998,190.55,14.5625,4.8541665,2604705,False,7.6017
2018269N11220,2018-10-03 03:00:00+00:00,2018,EP,16.75,189.8,17.649998,190.65001,11.875,3.9583333,2604706,False,7.6017
2018269N11220,2018-10-03 03:00:00+00:00,2018,EP,16.75,189.8,17.649998,190.75,11.125,3.7083333,2604707,False,7.3623
2018269N11220,2018-10-03 03:00:00+00:00,2018,EP,16.75,189.8,17.649998,190.85,10.75,3.5833333,2604708,False,7.6017
2018269N11220,2018-10-03 03:00:00+00:00,2018,EP,16.75,189.8,17.649998,190.95,7.625,2.5416667,2604709,False,7.6017
2018269N11220,2018-10-03 03:00:00+00:00,2018,EP,16.75,189.8,17.649998,191.05,7.375,2.4583333,2604710,False,7.3623
2018269N11220,2018-10-03 03:00:00+00:00,2018,EP,16.75,189.8,17.649998,191.45,7.8125,2.6041667,2604714,False,7.1229
2018269N11220,2018-10-03 03:00:00+00:00,2018,EP,16.75,189.8,17.649998,191.55,7.125,2.375,2604715,False,6.8835
2018269N11220,2018-10-03 03:00:00+00:00,2018,EP,16.75,189.8,17.649998,191.65001,10.6875,3.5625,2604716,False,6.8835
2018269N11220,2018-10-03 03:00:00+00:00,2018,EP,16.75,189.8,17.649998,191.75,9.1875,3.0625,2604717,False,6.8835
2018269N11220,2018-10-03 03:00:00+00:00,2018,EP,16.75,189.8,17.649998,191.85,9.5,3.1666667,2604718,False,6.6441
2018269N11220,2018-10-03 03:00:00+00:00,2018,EP,16.75,189.8,17.649998,191.95,11.375,3.7916667,2604719,False,6.6441
2018269N11220,2018-10-03 03:00:00+00:00,2018,EP,16.75,189.8,17.649998,192.05,8.1875,2.7291667,2604720,False,6.6441
2018269N11220,2018-10-03 03:00:00+00:00,2018,EP,16.75,189.8,17.649998,192.15001,8.5625,2.8541667,2604721,False,6.8835
2018269N11220,2018-10-03 03:00:00+00:00,2018,EP,16.75,189.8,17.649998,192.35,11.0625,3.6875,2604723,False,6.6441
2018269N11220,2018-10-03 03:00:00+00:00,2018,EP,16.75,189.8,17.649998,192.45,10.375,3.4583333,2604724,False,7.1229
2018269N11220,2018-10-03 03:00:00+00:00,2018,EP,16.75,189.8,17.649998,194.25,8.875,2.9583333,2604742,False,6.8835
2018269N11220,2018-10-03 03:00:00+00:00,2018,EP,16.75,189.8,17.55,188.05,8.4375,2.8125,2608280,False,6.1653
2018269N11220,2018-10-03 03:00:00+00:00,2018,EP,16.75,189.8,17.55,188.25,7.875,2.625,2608282,False,6.4047003
2018269N11220,2018-10-03 03:00:00+00:00,2018,EP,16.75,189.8,17.55,188.45,8.25,2.75,2608284,False,6.6441
2018269N11220,2018-10-03 03:00:00+00:00,2018,EP,16.75,189.8,17.55,188.55,8.1875,2.7291667,2608285,False,6.4047003
2018269N11220,2018-10-03 03:00:00+00:00,2018,EP,16.75,189.8,17.55,188.65001,13.6875,4.5625,2608286,False,6.6441
2018269N11220,2018-10-03 03:00:00+00:00,2018,EP,16.75,189.8,17.55,188.75,13.5625,4.5208335,2608287,False,6.6441
2018269N11220,2018-10-03 03:00:00+00:00,2018,EP,16.75,189.8,17.55,188.85,14.625,4.875,2608288,False,6.6441
2018269N11220,2018-10-03 03:00:00+00:00,2018,EP,16.75,189.8,17.55,188.95,22.125,7.375,2608289,False,7.1229
2018269N11220,2018-10-03 03:00:00+00:00,2018,EP,16.75,189.8,17.55,189.05,21.75,7.25,2608290,False,6.8835
2018269N11220,2018-10-03 03:00:00+00:00,2018,EP,16.75,189.8,17.55,189.15001,31.8125,10.604167,2608291,False,7.1229
2018269N11220,2018-10-03 03:00:00+00:00,2018,EP,16.75,189.8,17.55,189.25,32.375,10.791667,2608292,False,7.1229
2018269N11220,2018-10-03 03:00:00+00:00,2018,EP,16.75,189.8,17.55,189.35,30.5625,10.1875,2608293,False,7.1229
2018269N11220,2018-10-03 03:00:00+00:00,2018,EP,16.75,189.8,17.55,189.45,35.5625,11.854167,2608294,False,7.1229
2018269N11220,2018-10-03 03:00:00+00:00,2018,EP,16.75,189.8,17.55,189.55,31.5,10.5,2608295,False,7.6017
2018269N11220,2018-10-03 03:00:00+00:00,2018,EP,16.75,189.8,17.55,189.65001,25.9375,8.645833,2608296,False,7.8410997
2018269N11220,2018-10-03 03:00:00+00:00,2018,EP,16.75,189.8,17.55,189.75,28.0,9.333333,2608297,False,7.6017
2018269N11220,2018-10-03 03:00:00+00:00,2018,EP,16.75,189.8,17.55,189.85,24.25,8.083333,2608298,False,7.8410997
2018269N11220,2018-10-03 03:00:00+00:00,2018,EP,16.75,189.8,17.55,189.95,25.3125,8.4375,2608299,False,7.6017
2018269N11220,2018-10-03 03:00:00+00:00,2018,EP,16.75,189.8,17.55,190.05,25.6875,8.5625,2608300,False,7.8410997
2018269N11220,2018-10-03 03:00:00+00:00,2018,EP,16.75,189.8,17.55,190.15001,22.6875,7.5625,2608301,False,7.8410997
2018269N11220,2018-10-03 03:00:00+00:00,2018,EP,16.75,189.8,17.55,190.25,34.125,11.375,2608302,False,7.8410997
2018269N11220,2018-10-03 03:00:00+00:00,2018,EP,16.75,189.8,17.55,190.35,29.1875,9.729167,2608303,False,8.3199005
2018269N11220,2018-10-03 03:00:00+00:00,2018,EP,16.75,189.8,17.55,190.45,21.125,7.0416665,2608304,False,7.8410997
2018269N11220,2018-10-03 03:00:00+00:00,2018,EP,16.75,189.8,17.55,190.55,18.5625,6.1875,2608305,False,8.0805
2018269N11220,2018-10-03 03:00:00+00:00,2018,EP,16.75,189.8,17.55,190.65001,15.0,5.0,2608306,False,8.0805
2018269N11220,2018-10-03 03:00:00+00:00,2018,EP,16.75,189.8,17.55,190.75,11.625,3.875,2608307,False,8.0805
2018269N11220,2018-10-03 03:00:00+00:00,2018,EP,16.75,189.8,17.55,190.85,10.9375,3.6458333,2608308,False,7.8410997
2018269N11220,2018-10-03 03:00:00+00:00,2018,EP,16.75,189.8,17.55,190.95,8.0625,2.6875,2608309,False,7.8410997
2018269N11220,2018-10-03 03:00:00+00:00,2018,EP,16.75,189.8,17.55,191.45,7.1875,2.3958333,2608314,False,7.1229
2018269N11220,2018-10-03 03:00:00+00:00,2018,EP,16.75,189.8,17.55,191.65001,8.0625,2.6875,2608316,False,6.6441
2018269N11220,2018-10-03 03:00:00+00:00,2018,EP,16.75,189.8,17.55,191.75,7.9375,2.6458333,2608317,False,6.6441
2018269N11220,2018-10-03 03:00:00+00:00,2018,EP,16.75,189.8,17.55,191.85,8.125,2.7083333,2608318,False,6.6441
2018269N11220,2018-10-03 03:00:00+00:00,2018,EP,16.75,189.8,17.55,191.95,9.875,3.2916667,2608319,False,6.6441
2018269N11220,2018-10-03 03:00:00+00:00,2018,EP,16.75,189.8,17.55,192.05,8.0625,2.6875,2608320,False,6.8835
2018269N11220,2018-10-03 03:00:00+00:00,2018,EP,16.75,189.8,17.55,192.15001,7.75,2.5833333,2608321,False,6.8835
2018269N11220,2018-10-03 03:00:00+00:00,2018,EP,16.75,189.8,17.55,192.35,10.3125,3.4375,2608323,False,6.8835
2018269N11220,2018-10-03 03:00:00+00:00,2018,EP,16.75,189.8,17.55,192.45,11.6875,3.8958333,2608324,False,6.6441
2018269N11220,2018-10-03 03:00:00+00:00,2018,EP,16.75,189.8,17.55,192.55,8.3125,2.7708333,2608325,False,6.6441
2018269N11220,2018-10-03 03:00:00+00:00,2018,EP,16.75,189.8,17.45,188.05,7.0625,2.3541667,2611880,False,6.4047003
2018269N11220,2018-10-03 03:00:00+00:00,2018,EP,16.75,189.8,17.45,188.25,6.9375,2.3125,2611882,False,6.4047003
2018269N11220,2018-10-03 03:00:00+00:00,2018,EP,16.75,189.8,17.45,188.45,7.8125,2.6041667,2611884,False,6.6441
2018269N11220,2018-10-03 03:00:00+00:00,2018,EP,16.75,189.8,17.45,188.55,8.0625,2.6875,2611885,False,6.6441
2018269N11220,2018-10-03 03:00:00+00:00,2018,EP,16.75,189.8,17.45,188.65001,11.5,3.8333333,2611886,False,6.8835
2018269N11220,2018-10-03 03:00:00+00:00,2018,EP,16.75,189.8,17.45,188.75,12.625,4.2083335,2611887,False,6.8835
2018269N11220,2018-10-03 03:00:00+00:00,2018,EP,16.75,189.8,17.45,188.85,13.25,4.4166665,2611888,False,6.8835
2018269N11220,2018-10-03 03:00:00+00:00,2018,EP,16.75,189.8,17.45,188.95,21.9375,7.3125,2611889,False,6.8835
2018269N11220,2018-10-03 03:00:00+00:00,2018,EP,16.75,189.8,17.45,189.05,20.375,6.7916665,2611890,False,7.1229
2018269N11220,2018-10-03 03:00:00+00:00,2018,EP,16.75,189.8,17.45,189.15001,31.6875,10.5625,2611891,False,7.1229
2018269N11220,2018-10-03 03:00:00+00:00,2018,EP,16.75,189.8,17.45,189.25,35.75,11.916667,2611892,False,6.8835
2018269N11220,2018-10-03 03:00:00+00:00,2018,EP,16.75,189.8,17.45,189.35,31.5,10.5,2611893,False,7.8410997
2018269N11220,2018-10-03 03:00:00+00:00,2018,EP,16.75,189.8,17.45,189.45,34.6875,11.5625,2611894,False,7.6017
2018269N11220,2018-10-03 03:00:00+00:00,2018,EP,16.75,189.8,17.45,189.55,32.125,10.708333,2611895,False,7.8410997
2018269N11220,2018-10-03 03:00:00+00:00,2018,EP,16.75,189.8,17.45,189.65001,25.625,8.541667,2611896,False,7.6017
2018269N11220,2018-10-03 03:00:00+00:00,2018,EP,16.75,189.8,17.45,189.75,25.0,8.333333,2611897,False,8.0805
2018269N11220,2018-10-03 03:00:00+00:00,2018,EP,16.75,189.8,17.45,189.85,23.375,7.7916665,2611898,False,8.0805
2018269N11220,2018-10-03 03:00:00+00:00,2018,EP,16.75,189.8,17.45,189.95,20.375,6.7916665,2611899,False,8.0805
2018269N11220,2018-10-03 03:00:00+00:00,2018,EP,16.75,189.8,17.45,190.05,24.3125,8.104167,2611900,False,8.0805
2018269N11220,2018-10-03 03:00:00+00:00,2018,EP,16.75,189.8,17.45,190.15001,26.125,8.708333,2611901,False,8.0805
2018269N11220,2018-10-03 03:00:00+00:00,2018,EP,16.75,189.8,17.45,190.25,35.1875,11.729167,2611902,False,8.0805
2018269N11220,2018-10-03 03:00:00+00:00,2018,EP,16.75,189.8,17.45,190.35,30.3125,10.104167,2611903,False,8.3199005
2018269N11220,2018-10-03 03:00:00+00:00,2018,EP,16.75,189.8,17.45,190.45,23.75,7.9166665,2611904,False,8.0805
2018269N11220,2018-10-03 03:00:00+00:00,2018,EP,16.75,189.8,17.45,190.55,18.125,6.0416665,2611905,False,8.3199005
2018269N11220,2018-10-03 03:00:00+00:00,2018,EP,16.75,189.8,17.45,190.65001,13.25,4.4166665,2611906,False,8.3199005
2018269N11220,2018-10-03 03:00:00+00:00,2018,EP,16.75,189.8,17.45,190.75,10.6875,3.5625,2611907,False,8.3199005
2018269N11220,2018-10-03 03:00:00+00:00,2018,EP,16.75,189.8,17.45,190.85,10.8125,3.6041667,2611908,False,8.0805
2018269N11220,2018-10-03 03:00:00+00:00,2018,EP,16.75,189.8,17.45,191.65001,7.5625,2.5208333,2611916,False,7.1229
2018269N11220,2018-10-03 03:00:00+00:00,2018,EP,16.75,189.8,17.45,191.75,7.1875,2.3958333,2611917,False,6.8835
2018269N11220,2018-10-03 03:00:00+00:00,2018,EP,16.75,189.8,17.45,191.85,7.4375,2.4791667,2611918,False,6.6441
2018269N11220,2018-10-03 03:00:00+00:00,2018,EP,16.75,189.8,17.45,191.95,8.125,2.7083333,2611919,False,6.6441
2018269N11220,2018-10-03 03:00:00+00:00,2018,EP,16.75,189.8,17.45,192.05,8.0625,2.6875,2611920,False,6.8835
2018269N11220,2018-10-03 03:00:00+00:00,2018,EP,16.75,189.8,17.45,192.15001,7.25,2.4166667,2611921,False,6.8835
2018269N11220,2018-10-03 03:00:00+00:00,2018,EP,16.75,189.8,17.45,192.25,7.5,2.5,2611922,False,6.8835
2018269N11220,2018-10-03 03:00:00+00:00,2018,EP,16.75,189.8,17.45,192.45,7.625,2.5416667,2611924,False,6.6441
2018269N11220,2018-10-03 03:00:00+00:00,2018,EP,16.75,189.8,17.45,192.55,7.125,2.375,2611925,False,6.6441
2018269N11220,2018-10-03 03:00:00+00:00,2018,EP,16.75,189.8,17.350002,188.45,6.5625,2.1875,2615484,False,6.4047003
2018269N11220,2018-10-03 03:00:00+00:00,2018,EP,16.75,189.8,17.350002,188.55,7.4375,2.4791667,2615485,False,6.4047003
2018269N11220,2018-10-03 03:00:00+00:00,2018,EP,16.75,189.8,17.350002,188.65001,11.3125,3.7708333,2615486,False,6.6441
2018269N11220,2018-10-03 03:00:00+00:00,2018,EP,16.75,189.8,17.350002,188.75,12.5,4.1666665,2615487,False,6.4047003
2018269N11220,2018-10-03 03:00:00+00:00,2018,EP,16.75,189.8,17.350002,188.85,14.625,4.875,2615488,False,6.6441
2018269N11220,2018-10-03 03:00:00+00:00,2018,EP,16.75,189.8,17.350002,188.95,24.0,8.0,2615489,False,6.8835
2018269N11220,2018-10-03 03:00:00+00:00,2018,EP,16.75,189.8,17.350002,189.05,19.1875,6.3958335,2615490,False,6.6441
2018269N11220,2018-10-03 03:00:00+00:00,2018,EP,16.75,189.8,17.350002,189.15001,31.8125,10.604167,2615491,False,7.1229
2018269N11220,2018-10-03 03:00:00+00:00,2018,EP,16.75,189.8,17.350002,189.25,36.875,12.291667,2615492,False,6.8835
2018269N11220,2018-10-03 03:00:00+00:00,2018,EP,16.75,189.8,17.350002,189.35,32.5,10.833333,2615493,False,6.8835
2018269N11220,2018-10-03 03:00:00+00:00,2018,EP,16.75,189.8,17.350002,189.45,35.4375,11.8125,2615494,False,7.6017
2018269N11220,2018-10-03 03:00:00+00:00,2018,EP,16.75,189.8,17.350002,189.55,30.375,10.125,2615495,False,7.8410997
2018269N11220,2018-10-03 03:00:00+00:00,2018,EP,16.75,189.8,17.350002,189.65001,22.8125,7.6041665,2615496,False,7.6017
2018269N11220,2018-10-03 03:00:00+00:00,2018,EP,16.75,189.8,17.350002,189.75,22.0,7.3333335,2615497,False,8.0805
2018269N11220,2018-10-03 03:00:00+00:00,2018,EP,16.75,189.8,17.350002,189.85,21.3125,7.1041665,2615498,False,8.3199005
2018269N11220,2018-10-03 03:00:00+00:00,2018,EP,16.75,189.8,17.350002,189.95,23.4375,7.8125,2615499,False,8.559299
2018269N11220,2018-10-03 03:00:00+00:00,2018,EP,16.75,189.8,17.350002,190.05,27.0,9.0,2615500,False,8.3199005
2018269N11220,2018-10-03 03:00:00+00:00,2018,EP,16.75,189.8,17.350002,190.15001,34.0,11.333333,2615501,False,8.3199005
2018269N11220,2018-10-03 03:00:00+00:00,2018,EP,16.75,189.8,17.350002,190.25,38.375,12.791667,2615502,False,8.559299
2018269N11220,2018-10-03 03:00:00+00:00,2018,EP,16.75,189.8,17.350002,190.35,33.9375,11.3125,2615503,False,8.559299
2018269N11220,2018-10-03 03:00:00+00:00,2018,EP,16.75,189.8,17.350002,190.45,28.625,9.541667,2615504,False,8.559299
2018269N11220,2018-10-03 03:00:00+00:00,2018,EP,16.75,189.8,17.350002,190.55,22.0,7.3333335,2615505,False,8.7987
2018269N11220,2018-10-03 03:00:00+00:00,2018,EP,16.75,189.8,17.350002,190.65001,15.25,5.0833335,2615506,False,8.559299
2018269N11220,2018-10-03 03:00:00+00:00,2018,EP,16.75,189.8,17.350002,190.75,16.5625,5.5208335,2615507,False,8.559299
2018269N11220,2018-10-03 03:00:00+00:00,2018,EP,16.75,189.8,17.350002,190.85,16.5,5.5,2615508,False,8.559299
2018269N11220,2018-10-03 03:00:00+00:00,2018,EP,16.75,189.8,17.350002,191.95,7.375,2.4583333,2615519,False,6.6441
2018269N11220,2018-10-03 03:00:00+00:00,2018,EP,16.75,189.8,17.350002,192.05,6.875,2.2916667,2615520,False,6.6441
2018269N11220,2018-10-03 03:00:00+00:00,2018,EP,16.75,189.8,17.350002,192.25,7.5625,2.5208333,2615522,False,6.6441
2018269N11220,2018-10-03 03:00:00+00:00,2018,EP,16.75,189.8,17.350002,192.45,7.3125,2.4375,2615524,False,6.6441
2018269N11220,2018-10-03 03:00:00+00:00,2018,EP,16.75,189.8,17.350002,192.55,6.875,2.2916667,2615525,False,6.6441
2018269N11220,2018-10-03 03:00:00+00:00,2018,EP,16.75,189.8,17.350002,194.25,7.25,2.4166667,2615542,False,7.1229
2018269N11220,2018-10-03 03:00:00+00:00,2018,EP,16.75,189.8,17.350002,194.35,8.0,2.6666667,2615543,False,7.1229
2018269N11220,2018-10-03 03:00:00+00:00,2018,EP,16.75,189.8,17.249996,188.45,6.6875,2.2291667,2619084,False,6.6441
2018269N11220,2018-10-03 03:00:00+00:00,2018,EP,16.75,189.8,17.249996,188.55,7.25,2.4166667,2619085,False,6.4047003
2018269N11220,2018-10-03 03:00:00+00:00,2018,EP,16.75,189.8,17.249996,188.65001,12.4375,4.1458335,2619086,False,6.4047003
2018269N11220,2018-10-03 03:00:00+00:00,2018,EP,16.75,189.8,17.249996,188.75,13.125,4.375,2619087,False,6.6441
2018269N11220,2018-10-03 03:00:00+00:00,2018,EP,16.75,189.8,17.249996,188.85,13.625,4.5416665,2619088,False,6.6441
2018269N11220,2018-10-03 03:00:00+00:00,2018,EP,16.75,189.8,17.249996,188.95,20.8125,6.9375,2619089,False,6.6441
2018269N11220,2018-10-03 03:00:00+00:00,2018,EP,16.75,189.8,17.249996,189.05,21.875,7.2916665,2619090,False,6.6441
2018269N11220,2018-10-03 03:00:00+00:00,2018,EP,16.75,189.8,17.249996,189.15001,33.8125,11.270833,2619091,False,6.8835
2018269N11220,2018-10-03 03:00:00+00:00,2018,EP,16.75,189.8,17.249996,189.25,37.875,12.625,2619092,False,6.8835
2018269N11220,2018-10-03 03:00:00+00:00,2018,EP,16.75,189.8,17.249996,189.35,37.1875,12.395833,2619093,False,6.8835
2018269N11220,2018-10-03 03:00:00+00:00,2018,EP,16.75,189.8,17.249996,189.45,39.75,13.25,2619094,False,7.6017
2018269N11220,2018-10-03 03:00:00+00:00,2018,EP,16.75,189.8,17.249996,189.55,31.4375,10.479167,2619095,False,7.6017
2018269N11220,2018-10-03 03:00:00+00:00,2018,EP,16.75,189.8,17.249996,189.65001,19.375,6.4583335,2619096,False,7.8410997
2018269N11220,2018-10-03 03:00:00+00:00,2018,EP,16.75,189.8,17.249996,189.75,21.8125,7.2708335,2619097,False,7.8410997
2018269N11220,2018-10-03 03:00:00+00:00,2018,EP,16.75,189.8,17.249996,189.85,21.125,7.0416665,2619098,False,8.0805
2018269N11220,2018-10-03 03:00:00+00:00,2018,EP,16.75,189.8,17.249996,189.95,24.625,8.208333,2619099,False,8.3199005
2018269N11220,2018-10-03 03:00:00+00:00,2018,EP,16.75,189.8,17.249996,190.05,29.375,9.791667,2619100,False,8.7987
2018269N11220,2018-10-03 03:00:00+00:00,2018,EP,16.75,189.8,17.249996,190.15001,36.5625,12.1875,2619101,False,8.7987
2018269N11220,2018-10-03 03:00:00+00:00,2018,EP,16.75,189.8,17.249996,190.25,37.625,12.541667,2619102,False,8.7987
2018269N11220,2018-10-03 03:00:00+00:00,2018,EP,16.75,189.8,17.249996,190.35,32.625,10.875,2619103,False,8.7987
2018269N11220,2018-10-03 03:00:00+00:00,2018,EP,16.75,189.8,17.249996,190.45,28.3125,9.4375,2619104,False,9.038099
2018269N11220,2018-10-03 03:00:00+00:00,2018,EP,16.75,189.8,17.249996,190.55,23.1875,7.7291665,2619105,False,9.038099
2018269N11220,2018-10-03 03:00:00+00:00,2018,EP,16.75,189.8,17.249996,190.65001,13.9375,4.6458335,2619106,False,8.7987
2018269N11220,2018-10-03 03:00:00+00:00,2018,EP,16.75,189.8,17.249996,190.75,13.875,4.625,2619107,False,8.7987
2018269N11220,2018-10-03 03:00:00+00:00,2018,EP,16.75,189.8,17.249996,190.85,16.375,5.4583335,2619108,False,8.7987
2018269N11220,2018-10-03 03:00:00+00:00,2018,EP,16.75,189.8,17.249996,192.25,6.75,2.25,2619122,False,6.4047003
2018269N11220,2018-10-03 03:00:00+00:00,2018,EP,16.75,189.8,17.249996,192.45,6.8125,2.2708333,2619124,False,6.4047003
2018269N11220,2018-10-03 03:00:00+00:00,2018,EP,16.75,189.8,17.249996,192.55,7.875,2.625,2619125,False,6.6441
2018269N11220,2018-10-03 03:00:00+00:00,2018,EP,16.75,189.8,17.249996,192.65001,7.5625,2.5208333,2619126,False,6.6441
2018269N11220,2018-10-03 03:00:00+00:00,2018,EP,16.75,189.8,17.149998,188.45,6.5,2.1666667,2622684,False,6.4047003
2018269N11220,2018-10-03 03:00:00+00:00,2018,EP,16.75,189.8,17.149998,188.55,7.1875,2.3958333,2622685,False,6.6441
2018269N11220,2018-10-03 03:00:00+00:00,2018,EP,16.75,189.8,17.149998,188.65001,11.75,3.9166667,2622686,False,6.4047003
2018269N11220,2018-10-03 03:00:00+00:00,2018,EP,16.75,189.8,17.149998,188.75,12.9375,4.3125,2622687,False,6.6441
2018269N11220,2018-10-03 03:00:00+00:00,2018,EP,16.75,189.8,17.149998,188.85,13.5,4.5,2622688,False,6.6441
2018269N11220,2018-10-03 03:00:00+00:00,2018,EP,16.75,189.8,17.149998,188.95,18.5625,6.1875,2622689,False,6.6441
2018269N11220,2018-10-03 03:00:00+00:00,2018,EP,16.75,189.8,17.149998,189.05,20.8125,6.9375,2622690,False,6.6441
2018269N11220,2018-10-03 03:00:00+00:00,2018,EP,16.75,189.8,17.149998,189.15001,33.3125,11.104167,2622691,False,7.1229
2018269N11220,2018-10-03 03:00:00+00:00,2018,EP,16.75,189.8,17.149998,189.25,42.1875,14.0625,2622692,False,6.8835
2018269N11220,2018-10-03 03:00:00+00:00,2018,EP,16.75,189.8,17.149998,189.35,48.125,16.041666,2622693,False,7.3623
2018269N11220,2018-10-03 03:00:00+00:00,2018,EP,16.75,189.8,17.149998,189.45,42.8125,14.270833,2622694,False,7.3623
2018269N11220,2018-10-03 03:00:00+00:00,2018,EP,16.75,189.8,17.149998,189.55,24.9375,8.3125,2622695,False,7.3623
2018269N11220,2018-10-03 03:00:00+00:00,2018,EP,16.75,189.8,17.149998,189.65001,18.375,6.125,2622696,False,7.8410997
2018269N11220,2018-10-03 03:00:00+00:00,2018,EP,16.75,189.8,17.149998,189.75,20.0,6.6666665,2622697,False,8.0805
2018269N11220,2018-10-03 03:00:00+00:00,2018,EP,16.75,189.8,17.149998,189.85,17.25,5.75,2622698,False,8.3199005
2018269N11220,2018-10-03 03:00:00+00:00,2018,EP,16.75,189.8,17.149998,189.95,23.6875,7.8958335,2622699,False,8.559299
2018269N11220,2018-10-03 03:00:00+00:00,2018,EP,16.75,189.8,17.149998,190.05,25.5625,8.520833,2622700,False,8.7987
2018269N11220,2018-10-03 03:00:00+00:00,2018,EP,16.75,189.8,17.149998,190.15001,38.0,12.666667,2622701,False,9.038099
2018269N11220,2018-10-03 03:00:00+00:00,2018,EP,16.75,189.8,17.149998,190.25,38.75,12.916667,2622702,False,9.2775
2018269N11220,2018-10-03 03:00:00+00:00,2018,EP,16.75,189.8,17.149998,190.35,37.5625,12.520833,2622703,False,9.2775
2018269N11220,2018-10-03 03:00:00+00:00,2018,EP,16.75,189.8,17.149998,190.45,25.0625,8.354167,2622704,False,9.2775
2018269N11220,2018-10-03 03:00:00+00:00,2018,EP,16.75,189.8,17.149998,190.55,21.75,7.25,2622705,False,9.2775
2018269N11220,2018-10-03 03:00:00+00:00,2018,EP,16.75,189.8,17.149998,190.65001,12.5625,4.1875,2622706,False,9.2775
2018269N11220,2018-10-03 03:00:00+00:00,2018,EP,16.75,189.8,17.149998,190.75,13.4375,4.4791665,2622707,False,9.038099
2018269N11220,2018-10-03 03:00:00+00:00,2018,EP,16.75,189.8,17.149998,190.85,14.9375,4.9791665,2622708,False,9.038099
2018269N11220,2018-10-03 03:00:00+00:00,2018,EP,16.75,189.8,17.149998,192.05,7.75,2.5833333,2622720,False,6.8835
2018269N11220,2018-10-03 03:00:00+00:00,2018,EP,16.75,189.8,17.149998,192.55,8.6875,2.8958333,2622725,False,6.6441
2018269N11220,2018-10-03 03:00:00+00:00,2018,EP,16.75,189.8,17.149998,192.65001,7.75,2.5833333,2622726,False,6.6441
2018269N11220,2018-10-03 03:00:00+00:00,2018,EP,16.75,189.8,17.05,188.55,6.4375,2.1458333,2626285,False,6.4047003
2018269N11220,2018-10-03 03:00:00+00:00,2018,EP,16.75,189.8,17.05,188.65001,10.875,3.625,2626286,False,6.6441
2018269N11220,2018-10-03 03:00:00+00:00,2018,EP,16.75,189.8,17.05,188.75,11.4375,3.8125,2626287,False,6.6441
2018269N11220,2018-10-03 03:00:00+00:00,2018,EP,16.75,189.8,17.05,188.85,12.0625,4.0208335,2626288,False,6.6441
2018269N11220,2018-10-03 03:00:00+00:00,2018,EP,16.75,189.8,17.05,188.95,18.5,6.1666665,2626289,False,6.6441
2018269N11220,2018-10-03 03:00:00+00:00,2018,EP,16.75,189.8,17.05,189.05,23.25,7.75,2626290,False,6.6441
2018269N11220,2018-10-03 03:00:00+00:00,2018,EP,16.75,189.8,17.05,189.15001,25.1875,8.395833,2626291,False,6.6441
2018269N11220,2018-10-03 03:00:00+00:00,2018,EP,16.75,189.8,17.05,189.25,35.5,11.833333,2626292,False,6.6441
2018269N11220,2018-10-03 03:00:00+00:00,2018,EP,16.75,189.8,17.05,189.35,44.8125,14.9375,2626293,False,6.8835
2018269N11220,2018-10-03 03:00:00+00:00,2018,EP,16.75,189.8,17.05,189.45,23.375,7.7916665,2626294,False,7.1229
2018269N11220,2018-10-03 03:00:00+00:00,2018,EP,16.75,189.8,17.05,189.55,11.375,3.7916667,2626295,False,7.6017
2018269N11220,2018-10-03 03:00:00+00:00,2018,EP,16.75,189.8,17.05,189.65001,10.9375,3.6458333,2626296,False,7.8410997
2018269N11220,2018-10-03 03:00:00+00:00,2018,EP,16.75,189.8,17.05,189.75,12.625,4.2083335,2626297,False,8.3199005
2018269N11220,2018-10-03 03:00:00+00:00,2018,EP,16.75,189.8,17.05,189.85,11.5625,3.8541667,2626298,False,8.3199005
2018269N11220,2018-10-03 03:00:00+00:00,2018,EP,16.75,189.8,17.05,189.95,15.625,5.2083335,2626299,False,8.559299
2018269N11220,2018-10-03 03:00:00+00:00,2018,EP,16.75,189.8,17.05,190.05,15.1875,5.0625,2626300,False,9.038099
2018269N11220,2018-10-03 03:00:00+00:00,2018,EP,16.75,189.8,17.05,190.15001,32.3125,10.770833,2626301,False,9.038099
2018269N11220,2018-10-03 03:00:00+00:00,2018,EP,16.75,189.8,17.05,190.25,34.0,11.333333,2626302,False,9.038099
2018269N11220,2018-10-03 03:00:00+00:00,2018,EP,16.75,189.8,17.05,190.35,35.1875,11.729167,2626303,False,9.2775
2018269N11220,2018-10-03 03:00:00+00:00,2018,EP,16.75,189.8,17.05,190.45,22.75,7.5833335,2626304,False,9.2775
2018269N11220,2018-10-03 03:00:00+00:00,2018,EP,16.75,189.8,17.05,190.55,22.0625,7.3541665,2626305,False,9.038099
2018269N11220,2018-10-03 03:00:00+00:00,2018,EP,16.75,189.8,17.05,190.65001,15.625,5.2083335,2626306,False,9.2775
2018269N11220,2018-10-03 03:00:00+00:00,2018,EP,16.75,189.8,17.05,190.75,16.875,5.625,2626307,False,9.2775
2018269N11220,2018-10-03 03:00:00+00:00,2018,EP,16.75,189.8,17.05,190.85,15.125,5.0416665,2626308,False,9.038099
2018269N11220,2018-10-03 03:00:00+00:00,2018,EP,16.75,189.8,17.05,190.95,9.375,3.125,2626309,False,8.7987
2018269N11220,2018-10-03 03:00:00+00:00,2018,EP,16.75,189.8,17.05,191.05,8.4375,2.8125,2626310,False,8.3199005
2018269N11220,2018-10-03 03:00:00+00:00,2018,EP,16.75,189.8,17.05,192.05,7.1875,2.3958333,2626320,False,6.8835
2018269N11220,2018-10-03 03:00:00+00:00,2018,EP,16.75,189.8,16.95,188.65001,10.625,3.5416667,2629886,False,6.4047003
2018269N11220,2018-10-03 03:00:00+00:00,2018,EP,16.75,189.8,16.95,188.75,10.8125,3.6041667,2629887,False,6.6441
2018269N11220,2018-10-03 03:00:00+00:00,2018,EP,16.75,189.8,16.95,188.85,10.9375,3.6458333,2629888,False,6.6441
2018269N11220,2018-10-03 03:00:00+00:00,2018,EP,16.75,189.8,16.95,188.95,19.3125,6.4375,2629889,False,6.6441
2018269N11220,2018-10-03 03:00:00+00:00,2018,EP,16.75,189.8,16.95,189.05,27.0,9.0,2629890,False,6.8835
2018269N11220,2018-10-03 03:00:00+00:00,2018,EP,16.75,189.8,16.95,189.15001,32.0,10.666667,2629891,False,6.6441
2018269N11220,2018-10-03 03:00:00+00:00,2018,EP,16.75,189.8,16.95,189.25,33.875,11.291667,2629892,False,6.8835
2018269N11220,2018-10-03 03:00:00+00:00,2018,EP,16.75,189.8,16.95,189.35,39.0625,13.020833,2629893,False,6.8835
2018269N11220,2018-10-03 03:00:00+00:00,2018,EP,16.75,189.8,16.95,189.45,20.25,6.75,2629894,False,7.1229
2018269N11220,2018-10-03 03:00:00+00:00,2018,EP,16.75,189.8,16.95,189.55,9.6875,3.2291667,2629895,False,7.6017
2018269N11220,2018-10-03 03:00:00+00:00,2018,EP,16.75,189.8,16.95,189.65001,11.125,3.7083333,2629896,False,8.3199005
2018269N11220,2018-10-03 03:00:00+00:00,2018,EP,16.75,189.8,16.95,189.75,10.875,3.625,2629897,False,8.3199005
2018269N11220,2018-10-03 03:00:00+00:00,2018,EP,16.75,189.8,16.95,189.85,12.5,4.1666665,2629898,False,8.559299
2018269N11220,2018-10-03 03:00:00+00:00,2018,EP,16.75,189.8,16.95,189.95,15.5,5.1666665,2629899,False,8.7987
2018269N11220,2018-10-03 03:00:00+00:00,2018,EP,16.75,189.8,16.95,190.05,18.4375,6.1458335,2629900,False,9.2775
2018269N11220,2018-10-03 03:00:00+00:00,2018,EP,16.75,189.8,16.95,190.15001,26.75,8.916667,2629901,False,9.038099
2018269N11220,2018-10-03 03:00:00+00:00,2018,EP,16.75,189.8,16.95,190.25,30.9375,10.3125,2629902,False,9.2775
2018269N11220,2018-10-03 03:00:00+00:00,2018,EP,16.75,189.8,16.95,190.35,32.3125,10.770833,2629903,False,9.516899
2018269N11220,2018-10-03 03:00:00+00:00,2018,EP,16.75,189.8,16.95,190.45,20.4375,6.8125,2629904,False,9.2775
2018269N11220,2018-10-03 03:00:00+00:00,2018,EP,16.75,189.8,16.95,190.55,19.4375,6.4791665,2629905,False,9.2775
2018269N11220,2018-10-03 03:00:00+00:00,2018,EP,16.75,189.8,16.95,190.65001,14.875,4.9583335,2629906,False,9.516899
2018269N11220,2018-10-03 03:00:00+00:00,2018,EP,16.75,189.8,16.95,190.75,14.125,4.7083335,2629907,False,9.2775
2018269N11220,2018-10-03 03:00:00+00:00,2018,EP,16.75,189.8,16.95,190.85,12.625,4.2083335,2629908,False,9.038099
2018269N11220,2018-10-03 03:00:00+00:00,2018,EP,16.75,189.8,16.95,190.95,9.1875,3.0625,2629909,False,8.559299
2018269N11220,2018-10-03 03:00:00+00:00,2018,EP,16.75,189.8,16.95,192.05,6.9375,2.3125,2629920,False,6.6441
2018269N11220,2018-10-03 03:00:00+00:00,2018,EP,16.75,189.8,16.95,192.15001,6.9375,2.3125,2629921,False,6.8835
2018269N11220,2018-10-03 03:00:00+00:00,2018,EP,16.75,189.8,16.850002,188.65001,8.1875,2.7291667,2633486,False,6.4047003
2018269N11220,2018-10-03 03:00:00+00:00,2018,EP,16.75,189.8,16.850002,188.75,7.8125,2.6041667,2633487,False,6.6441
2018269N11220,2018-10-03 03:00:00+00:00,2018,EP,16.75,189.8,16.850002,188.85,9.25,3.0833333,2633488,False,6.4047003
2018269N11220,2018-10-03 03:00:00+00:00,2018,EP,16.75,189.8,16.850002,188.95,14.125,4.7083335,2633489,False,6.8835
2018269N11220,2018-10-03 03:00:00+00:00,2018,EP,16.75,189.8,16.850002,189.05,17.0,5.6666665,2633490,False,7.1229
2018269N11220,2018-10-03 03:00:00+00:00,2018,EP,16.75,189.8,16.850002,189.15001,17.0,5.6666665,2633491,False,7.1229
2018269N11220,2018-10-03 03:00:00+00:00,2018,EP,16.75,189.8,16.850002,189.25,20.5,6.8333335,2633492,False,7.1229
2018269N11220,2018-10-03 03:00:00+00:00,2018,EP,16.75,189.8,16.850002,189.35,17.75,5.9166665,2633493,False,7.3623
2018269N11220,2018-10-03 03:00:00+00:00,2018,EP,16.75,189.8,16.850002,189.45,14.9375,4.9791665,2633494,False,7.3623
2018269N11220,2018-10-03 03:00:00+00:00,2018,EP,16.75,189.8,16.850002,189.55,12.9375,4.3125,2633495,False,7.6017
2018269N11220,2018-10-03 03:00:00+00:00,2018,EP,16.75,189.8,16.850002,189.65001,9.75,3.25,2633496,False,8.0805
2018269N11220,2018-10-03 03:00:00+00:00,2018,EP,16.75,189.8,16.850002,189.75,12.625,4.2083335,2633497,False,8.0805
2018269N11220,2018-10-03 03:00:00+00:00,2018,EP,16.75,189.8,16.850002,189.85,11.3125,3.7708333,2633498,False,8.3199005
2018269N11220,2018-10-03 03:00:00+00:00,2018,EP,16.75,189.8,16.850002,189.95,15.25,5.0833335,2633499,False,9.038099
2018269N11220,2018-10-03 03:00:00+00:00,2018,EP,16.75,189.8,16.850002,190.05,13.9375,4.6458335,2633500,False,9.2775
2018269N11220,2018-10-03 03:00:00+00:00,2018,EP,16.75,189.8,16.850002,190.15001,15.875,5.2916665,2633501,False,9.038099
2018269N11220,2018-10-03 03:00:00+00:00,2018,EP,16.75,189.8,16.850002,190.25,20.4375,6.8125,2633502,False,9.2775
2018269N11220,2018-10-03 03:00:00+00:00,2018,EP,16.75,189.8,16.850002,190.35,23.875,7.9583335,2633503,False,9.516899
2018269N11220,2018-10-03 03:00:00+00:00,2018,EP,16.75,189.8,16.850002,190.45,16.4375,5.4791665,2633504,False,9.516899
2018269N11220,2018-10-03 03:00:00+00:00,2018,EP,16.75,189.8,16.850002,190.55,14.75,4.9166665,2633505,False,9.516899
2018269N11220,2018-10-03 03:00:00+00:00,2018,EP,16.75,189.8,16.850002,190.65001,13.1875,4.3958335,2633506,False,9.2775
2018269N11220,2018-10-03 03:00:00+00:00,2018,EP,16.75,189.8,16.850002,190.75,12.125,4.0416665,2633507,False,9.2775
2018269N11220,2018-10-03 03:00:00+00:00,2018,EP,16.75,189.8,16.850002,190.85,12.3125,4.1041665,2633508,False,8.7987
2018269N11220,2018-10-03 03:00:00+00:00,2018,EP,16.75,189.8,16.850002,190.95,9.5625,3.1875,2633509,False,8.7987
2018269N11220,2018-10-03 03:00:00+00:00,2018,EP,16.75,189.8,16.749996,188.65001,8.0,2.6666667,2637086,False,6.6441
2018269N11220,2018-10-03 03:00:00+00:00,2018,EP,16.75,189.8,16.749996,188.75,8.375,2.7916667,2637087,False,6.6441
2018269N11220,2018-10-03 03:00:00+00:00,2018,EP,16.75,189.8,16.749996,188.85,9.125,3.0416667,2637088,False,6.8835
2018269N11220,2018-10-03 03:00:00+00:00,2018,EP,16.75,189.8,16.749996,188.95,13.9375,4.6458335,2637089,False,6.8835
2018269N11220,2018-10-03 03:00:00+00:00,2018,EP,16.75,189.8,16.749996,189.05,17.375,5.7916665,2637090,False,6.8835
2018269N11220,2018-10-03 03:00:00+00:00,2018,EP,16.75,189.8,16.749996,189.15001,16.3125,5.4375,2637091,False,7.1229
2018269N11220,2018-10-03 03:00:00+00:00,2018,EP,16.75,189.8,16.749996,189.25,17.0625,5.6875,2637092,False,7.1229
2018269N11220,2018-10-03 03:00:00+00:00,2018,EP,16.75,189.8,16.749996,189.35,16.375,5.4583335,2637093,False,7.3623
2018269N11220,2018-10-03 03:00:00+00:00,2018,EP,16.75,189.8,16.749996,189.45,13.25,4.4166665,2637094,False,6.8835
2018269N11220,2018-10-03 03:00:00+00:00,2018,EP,16.75,189.8,16.749996,189.55,9.75,3.25,2637095,False,7.6017
2018269N11220,2018-10-03 03:00:00+00:00,2018,EP,16.75,189.8,16.749996,189.65001,11.0,3.6666667,2637096,False,8.0805
2018269N11220,2018-10-03 03:00:00+00:00,2018,EP,16.75,189.8,16.749996,189.75,10.3125,3.4375,2637097,False,8.3199005
2018269N11220,2018-10-03 03:00:00+00:00,2018,EP,16.75,189.8,16.749996,189.85,12.9375,4.3125,2637098,False,8.559299
2018269N11220,2018-10-03 03:00:00+00:00,2018,EP,16.75,189.8,16.749996,189.95,15.5625,5.1875,2637099,False,9.038099
2018269N11220,2018-10-03 03:00:00+00:00,2018,EP,16.75,189.8,16.749996,190.05,16.6875,5.5625,2637100,False,9.038099
2018269N11220,2018-10-03 03:00:00+00:00,2018,EP,16.75,189.8,16.749996,190.15001,16.5625,5.5208335,2637101,False,9.038099
2018269N11220,2018-10-03 03:00:00+00:00,2018,EP,16.75,189.8,16.749996,190.25,24.125,8.041667,2637102,False,9.516899
2018269N11220,2018-10-03 03:00:00+00:00,2018,EP,16.75,189.8,16.749996,190.35,23.4375,7.8125,2637103,False,9.7563
2018269N11220,2018-10-03 03:00:00+00:00,2018,EP,16.75,189.8,16.749996,190.45,15.75,5.25,2637104,False,9.7563
2018269N11220,2018-10-03 03:00:00+00:00,2018,EP,16.75,189.8,16.749996,190.55,14.125,4.7083335,2637105,False,9.7563
2018269N11220,2018-10-03 03:00:00+00:00,2018,EP,16.75,189.8,16.749996,190.65001,10.8125,3.6041667,2637106,False,9.2775
2018269N11220,2018-10-03 03:00:00+00:00,2018,EP,16.75,189.8,16.749996,190.75,11.0625,3.6875,2637107,False,9.038099
2018269N11220,2018-10-03 03:00:00+00:00,2018,EP,16.75,189.8,16.749996,190.85,13.0,4.3333335,2637108,False,9.038099
2018269N11220,2018-10-03 03:00:00+00:00,2018,EP,16.75,189.8,16.749996,190.95,10.625,3.5416667,2637109,False,9.038099
2018269N11220,2018-10-03 03:00:00+00:00,2018,EP,16.75,189.8,16.749996,191.05,9.8125,3.2708333,2637110,False,9.038099
2018269N11220,2018-10-03 03:00:00+00:00,2018,EP,16.75,189.8,16.749996,192.15001,8.0625,2.6875,2637121,False,6.8835
2018269N11220,2018-10-03 03:00:00+00:00,2018,EP,16.75,189.8,16.649998,188.65001,7.75,2.5833333,2640686,False,6.6441
2018269N11220,2018-10-03 03:00:00+00:00,2018,EP,16.75,189.8,16.649998,188.75,8.0625,2.6875,2640687,False,6.6441
2018269N11220,2018-10-03 03:00:00+00:00,2018,EP,16.75,189.8,16.649998,188.85,8.3125,2.7708333,2640688,False,6.6441
2018269N11220,2018-10-03 03:00:00+00:00,2018,EP,16.75,189.8,16.649998,188.95,14.875,4.9583335,2640689,False,6.8835
2018269N11220,2018-10-03 03:00:00+00:00,2018,EP,16.75,189.8,16.649998,189.05,16.6875,5.5625,2640690,False,6.8835
2018269N11220,2018-10-03 03:00:00+00:00,2018,EP,16.75,189.8,16.649998,189.15001,14.0625,4.6875,2640691,False,7.1229
2018269N11220,2018-10-03 03:00:00+00:00,2018,EP,16.75,189.8,16.649998,189.25,17.75,5.9166665,2640692,False,7.3623
2018269N11220,2018-10-03 03:00:00+00:00,2018,EP,16.75,189.8,16.649998,189.35,16.9375,5.6458335,2640693,False,7.6017
2018269N11220,2018-10-03 03:00:00+00:00,2018,EP,16.75,189.8,16.649998,189.45,13.3125,4.4375,2640694,False,7.6017
2018269N11220,2018-10-03 03:00:00+00:00,2018,EP,16.75,189.8,16.649998,189.55,9.75,3.25,2640695,False,7.8410997
2018269N11220,2018-10-03 03:00:00+00:00,2018,EP,16.75,189.8,16.649998,189.65001,9.375,3.125,2640696,False,8.0805
2018269N11220,2018-10-03 03:00:00+00:00,2018,EP,16.75,189.8,16.649998,189.75,10.125,3.375,2640697,False,8.3199005
2018269N11220,2018-10-03 03:00:00+00:00,2018,EP,16.75,189.8,16.649998,189.85,12.5625,4.1875,2640698,False,8.7987
2018269N11220,2018-10-03 03:00:00+00:00,2018,EP,16.75,189.8,16.649998,189.95,12.6875,4.2291665,2640699,False,9.038099
2018269N11220,2018-10-03 03:00:00+00:00,2018,EP,16.75,189.8,16.649998,190.05,13.6875,4.5625,2640700,False,9.038099
2018269N11220,2018-10-03 03:00:00+00:00,2018,EP,16.75,189.8,16.649998,190.15001,27.875,9.291667,2640701,False,9.2775
2018269N11220,2018-10-03 03:00:00+00:00,2018,EP,16.75,189.8,16.649998,190.25,20.0625,6.6875,2640702,False,9.2775
2018269N11220,2018-10-03 03:00:00+00:00,2018,EP,16.75,189.8,16.649998,190.35,19.3125,6.4375,2640703,False,9.516899
2018269N11220,2018-10-03 03:00:00+00:00,2018,EP,16.75,189.8,16.649998,190.45,12.75,4.25,2640704,False,9.995701
2018269N11220,2018-10-03 03:00:00+00:00,2018,EP,16.75,189.8,16.649998,190.55,13.0,4.3333335,2640705,False,9.516899
2018269N11220,2018-10-03 03:00:00+00:00,2018,EP,16.75,189.8,16.649998,190.65001,12.0,4.0,2640706,False,9.2775
2018269N11220,2018-10-03 03:00:00+00:00,2018,EP,16.75,189.8,16.649998,190.75,11.3125,3.7708333,2640707,False,9.038099
2018269N11220,2018-10-03 03:00:00+00:00,2018,EP,16.75,189.8,16.649998,190.85,11.1875,3.7291667,2640708,False,8.3199005
2018269N11220,2018-10-03 03:00:00+00:00,2018,EP,16.75,189.8,16.649998,190.95,9.4375,3.1458333,2640709,False,8.7987
2018269N11220,2018-10-03 03:00:00+00:00,2018,EP,16.75,189.8,16.649998,191.05,9.0625,3.0208333,2640710,False,8.7987
2018269N11220,2018-10-03 03:00:00+00:00,2018,EP,16.75,189.8,16.649998,192.15001,9.25,3.0833333,2640721,False,6.8835
2018269N11220,2018-10-03 03:00:00+00:00,2018,EP,16.75,189.8,16.649998,192.25,7.625,2.5416667,2640722,False,7.3623
2018269N11220,2018-10-03 03:00:00+00:00,2018,EP,16.75,189.8,16.55,188.95,9.875,3.2916667,2644289,False,6.8835
2018269N11220,2018-10-03 03:00:00+00:00,2018,EP,16.75,189.8,16.55,189.05,9.8125,3.2708333,2644290,False,6.8835
2018269N11220,2018-10-03 03:00:00+00:00,2018,EP,16.75,189.8,16.55,189.15001,10.25,3.4166667,2644291,False,7.3623
2018269N11220,2018-10-03 03:00:00+00:00,2018,EP,16.75,189.8,16.55,189.25,11.6875,3.8958333,2644292,False,7.3623
2018269N11220,2018-10-03 03:00:00+00:00,2018,EP,16.75,189.8,16.55,189.35,16.25,5.4166665,2644293,False,7.3623
2018269N11220,2018-10-03 03:00:00+00:00,2018,EP,16.75,189.8,16.55,189.45,13.0625,4.3541665,2644294,False,7.8410997
2018269N11220,2018-10-03 03:00:00+00:00,2018,EP,16.75,189.8,16.55,189.55,11.5,3.8333333,2644295,False,8.0805
2018269N11220,2018-10-03 03:00:00+00:00,2018,EP,16.75,189.8,16.55,189.65001,10.8125,3.6041667,2644296,False,8.3199005
2018269N11220,2018-10-03 03:00:00+00:00,2018,EP,16.75,189.8,16.55,189.75,9.6875,3.2291667,2644297,False,8.559299
2018269N11220,2018-10-03 03:00:00+00:00,2018,EP,16.75,189.8,16.55,189.85,12.5,4.1666665,2644298,False,8.7987
2018269N11220,2018-10-03 03:00:00+00:00,2018,EP,16.75,189.8,16.55,189.95,10.875,3.625,2644299,False,9.038099
2018269N11220,2018-10-03 03:00:00+00:00,2018,EP,16.75,189.8,16.55,190.05,11.6875,3.8958333,2644300,False,9.2775
2018269N11220,2018-10-03 03:00:00+00:00,2018,EP,16.75,189.8,16.55,190.15001,16.625,5.5416665,2644301,False,9.2775
2018269N11220,2018-10-03 03:00:00+00:00,2018,EP,16.75,189.8,16.55,190.25,15.0625,5.0208335,2644302,False,9.038099
2018269N11220,2018-10-03 03:00:00+00:00,2018,EP,16.75,189.8,16.55,190.35,11.375,3.7916667,2644303,False,9.516899
2018269N11220,2018-10-03 03:00:00+00:00,2018,EP,16.75,189.8,16.55,190.45,12.125,4.0416665,2644304,False,9.2775
2018269N11220,2018-10-03 03:00:00+00:00,2018,EP,16.75,189.8,16.55,190.55,11.75,3.9166667,2644305,False,9.2775
2018269N11220,2018-10-03 03:00:00+00:00,2018,EP,16.75,189.8,16.55,190.65001,10.75,3.5833333,2644306,False,9.038099
2018269N11220,2018-10-03 03:00:00+00:00,2018,EP,16.75,189.8,16.55,190.75,10.75,3.5833333,2644307,False,9.2775
2018269N11220,2018-10-03 03:00:00+00:00,2018,EP,16.75,189.8,16.55,190.85,9.875,3.2916667,2644308,False,8.7987
2018269N11220,2018-10-03 03:00:00+00:00,2018,EP,16.75,189.8,16.55,190.95,9.9375,3.3125,2644309,False,8.7987
2018269N11220,2018-10-03 03:00:00+00:00,2018,EP,16.75,189.8,16.55,192.15001,7.6875,2.5625,2644321,False,7.3623
2018269N11220,2018-10-03 03:00:00+00:00,2018,EP,16.75,189.8,16.45,188.95,9.125,3.0416667,2647889,False,6.8835
2018269N11220,2018-10-03 03:00:00+00:00,2018,EP,16.75,189.8,16.45,189.05,9.375,3.125,2647890,False,7.1229
2018269N11220,2018-10-03 03:00:00+00:00,2018,EP,16.75,189.8,16.45,189.15001,9.25,3.0833333,2647891,False,7.6017
2018269N11220,2018-10-03 03:00:00+00:00,2018,EP,16.75,189.8,16.45,189.25,11.3125,3.7708333,2647892,False,7.3623
2018269N11220,2018-10-03 03:00:00+00:00,2018,EP,16.75,189.8,16.45,189.35,13.375,4.4583335,2647893,False,7.3623
2018269N11220,2018-10-03 03:00:00+00:00,2018,EP,16.75,189.8,16.45,189.45,13.8125,4.6041665,2647894,False,7.6017
2018269N11220,2018-10-03 03:00:00+00:00,2018,EP,16.75,189.8,16.45,189.55,11.3125,3.7708333,2647895,False,7.8410997
2018269N11220,2018-10-03 03:00:00+00:00,2018,EP,16.75,189.8,16.45,189.65001,11.75,3.9166667,2647896,False,8.3199005
2018269N11220,2018-10-03 03:00:00+00:00,2018,EP,16.75,189.8,16.45,189.75,9.4375,3.1458333,2647897,False,8.559299
2018269N11220,2018-10-03 03:00:00+00:00,2018,EP,16.75,189.8,16.45,189.85,10.5625,3.5208333,2647898,False,8.559299
2018269N11220,2018-10-03 03:00:00+00:00,2018,EP,16.75,189.8,16.45,189.95,12.25,4.0833335,2647899,False,9.038099
2018269N11220,2018-10-03 03:00:00+00:00,2018,EP,16.75,189.8,16.45,190.05,12.3125,4.1041665,2647900,False,9.038099
2018269N11220,2018-10-03 03:00:00+00:00,2018,EP,16.75,189.8,16.45,190.15001,15.0625,5.0208335,2647901,False,9.038099
2018269N11220,2018-10-03 03:00:00+00:00,2018,EP,16.75,189.8,16.45,190.25,12.5625,4.1875,2647902,False,9.038099
2018269N11220,2018-10-03 03:00:00+00:00,2018,EP,16.75,189.8,16.45,190.35,10.75,3.5833333,2647903,False,9.2775
2018269N11220,2018-10-03 03:00:00+00:00,2018,EP,16.75,189.8,16.45,190.45,12.25,4.0833335,2647904,False,9.038099
2018269N11220,2018-10-03 03:00:00+00:00,2018,EP,16.75,189.8,16.45,190.55,11.5,3.8333333,2647905,False,9.2775
2018269N11220,2018-10-03 03:00:00+00:00,2018,EP,16.75,189.8,16.45,190.65001,9.6875,3.2291667,2647906,False,9.038099
2018269N11220,2018-10-03 03:00:00+00:00,2018,EP,16.75,189.8,16.45,190.75,9.9375,3.3125,2647907,False,9.038099
2018269N11220,2018-10-03 03:00:00+00:00,2018,EP,16.75,189.8,16.45,190.85,9.375,3.125,2647908,False,9.038099
2018269N11220,2018-10-03 03:00:00+00:00,2018,EP,16.75,189.8,16.45,190.95,9.125,3.0416667,2647909,False,9.038099
2018269N11220,2018-10-03 03:00:00+00:00,2018,EP,16.75,189.8,16.45,192.15001,7.4375,2.4791667,2647921,False,7.3623
2018269N11220,2018-10-03 03:00:00+00:00,2018,EP,16.75,189.8,16.350002,189.25,7.375,2.4583333,2651492,False,7.3623
2018269N11220,2018-10-03 03:00:00+00:00,2018,EP,16.75,189.8,16.350002,189.35,8.5625,2.8541667,2651493,False,7.3623
2018269N11220,2018-10-03 03:00:00+00:00,2018,EP,16.75,189.8,16.350002,189.45,8.5,2.8333333,2651494,False,7.6017
2018269N11220,2018-10-03 03:00:00+00:00,2018,EP,16.75,189.8,16.350002,189.55,8.125,2.7083333,2651495,False,8.0805
2018269N11220,2018-10-03 03:00:00+00:00,2018,EP,16.75,189.8,16.350002,189.65001,9.4375,3.1458333,2651496,False,8.3199005
2018269N11220,2018-10-03 03:00:00+00:00,2018,EP,16.75,189.8,16.350002,189.75,8.625,2.875,2651497,False,8.3199005
2018269N11220,2018-10-03 03:00:00+00:00,2018,EP,16.75,189.8,16.350002,189.85,8.875,2.9583333,2651498,False,8.7987
2018269N11220,2018-10-03 03:00:00+00:00,2018,EP,16.75,189.8,16.350002,189.95,9.1875,3.0625,2651499,False,8.7987
2018269N11220,2018-10-03 03:00:00+00:00,2018,EP,16.75,189.8,16.350002,190.05,9.1875,3.0625,2651500,False,8.7987
2018269N11220,2018-10-03 03:00:00+00:00,2018,EP,16.75,189.8,16.350002,190.15001,12.0,4.0,2651501,False,9.038099
2018269N11220,2018-10-03 03:00:00+00:00,2018,EP,16.75,189.8,16.350002,190.25,9.875,3.2916667,2651502,False,9.2775
2018269N11220,2018-10-03 03:00:00+00:00,2018,EP,16.75,189.8,16.350002,190.45,10.0,3.3333333,2651504,False,9.2775
2018269N11220,2018-10-03 03:00:00+00:00,2018,EP,16.75,189.8,16.350002,190.55,9.75,3.25,2651505,False,9.2775
2018269N11220,2018-10-03 03:00:00+00:00,2018,EP,16.75,189.8,16.350002,190.65001,8.5625,2.8541667,2651506,False,8.559299
2018269N11220,2018-10-03 03:00:00+00:00,2018,EP,16.75,189.8,16.249996,189.35,7.5,2.5,2655093,False,7.3623
2018269N11220,2018-10-03 03:00:00+00:00,2018,EP,16.75,189.8,16.249996,189.45,8.25,2.75,2655094,False,7.6017
2018269N11220,2018-10-03 03:00:00+00:00,2018,EP,16.75,189.8,16.249996,189.65001,8.625,2.875,2655096,False,8.3199005
2018269N11220,2018-10-03 03:00:00+00:00,2018,EP,16.75,189.8,16.249996,190.15001,9.625,3.2083333,2655101,False,9.038099
2018269N11220,2018-10-03 03:00:00+00:00,2018,EP,16.75,189.8,16.249996,190.25,9.3125,3.1041667,2655102,False,9.2775
2018269N11220,2018-10-03 03:00:00+00:00,2018,EP,16.75,189.8,16.249996,190.45,10.0,3.3333333,2655104,False,9.2775
2018269N11220,2018-10-03 03:00:00+00:00,2018,EP,16.75,189.8,16.249996,190.55,10.0,3.3333333,2655105,False,9.516899
2018269N11220,2018-10-03 03:00:00+00:00,2018,EP,16.75,189.8,16.249996,190.75,8.9375,2.9791667,2655107,False,8.7987
2018269N11220,2018-10-03 03:00:00+00:00,2018,EP,16.75,189.8,16.249996,192.35,7.75,2.5833333,2655123,False,7.3623
2018269N11220,2018-10-03 03:00:00+00:00,2018,EP,16.75,189.8,16.149998,190.45,9.5625,3.1875,2658704,False,9.2775
2018269N11220,2018-10-03 03:00:00+00:00,2018,EP,16.75,189.8,16.149998,190.55,10.0625,3.3541667,2658705,False,9.2775
2018269N11220,2018-10-03 03:00:00+00:00,2018,EP,16.75,189.8,16.149998,190.75,8.9375,2.9791667,2658707,False,8.7987
2018269N11220,2018-10-03 03:00:00+00:00,2018,EP,16.75,189.8,16.149998,190.85,9.0625,3.0208333,2658708,False,8.559299
2018269N11220,2018-10-03 03:00:00+00:00,2018,EP,16.75,189.8,16.05,190.15001,9.0625,3.0208333,2662301,False,9.038099
2018269N11220,2018-10-03 03:00:00+00:00,2018,EP,16.75,189.8,13.45,194.85,10.375,3.4583333,2755948,False,8.7987
2018269N11220,2018-10-03 03:00:00+00:00,2018,EP,16.75,189.8,13.350001,194.85,11.0,3.6666667,2759548,False,9.516899
2018269N11220,2018-10-03 03:00:00+00:00,2018,EP,16.75,189.8,11.850001,193.55,10.5,3.5,2813535,False,9.2775
2018269N11220,2018-10-03 03:00:00+00:00,2018,EP,16.75,189.8,11.850001,193.65001,9.625,3.2083333,2813536,False,9.516899
2018269N11220,2018-10-03 03:00:00+00:00,2018,EP,16.75,189.8,11.749995,193.45,10.25,3.4166667,2817134,False,9.2775
2018269N11220,2018-10-03 03:00:00+00:00,2018,EP,16.75,189.8,11.749995,193.55,12.1875,4.0625,2817135,False,9.2775
2018269N11220,2018-10-03 03:00:00+00:00,2018,EP,16.75,189.8,11.749995,193.65001,11.75,3.9166667,2817136,False,9.7563
2018269N11220,2018-10-03 03:00:00+00:00,2018,EP,16.75,189.8,11.649997,192.95,9.5625,3.1875,2820729,False,9.038099
2018269N11220,2018-10-03 03:00:00+00:00,2018,EP,16.75,189.8,11.649997,193.35,9.5625,3.1875,2820733,False,9.2775
2018269N11220,2018-10-03 03:00:00+00:00,2018,EP,16.75,189.8,11.649997,193.45,9.5625,3.1875,2820734,False,9.2775
2018269N11220,2018-10-03 03:00:00+00:00,2018,EP,16.75,189.8,11.649997,193.55,11.8125,3.9375,2820735,False,9.2775
2018269N11220,2018-10-03 03:00:00+00:00,2018,EP,16.75,189.8,11.649997,193.65001,12.25,4.0833335,2820736,False,9.7563
2018269N11220,2018-10-03 03:00:00+00:00,2018,EP,16.75,189.8,11.649997,193.75,9.875,3.2916667,2820737,False,9.7563
2018269N11220,2018-10-03 03:00:00+00:00,2018,EP,16.75,189.8,11.549998,192.95,10.5,3.5,2824329,False,9.038099
2018269N11220,2018-10-03 03:00:00+00:00,2018,EP,16.75,189.8,11.549998,193.05,9.5625,3.1875,2824330,False,9.038099
2018269N11220,2018-10-03 03:00:00+00:00,2018,EP,16.75,189.8,11.549998,193.15001,10.125,3.375,2824331,False,9.2775
2018269N11220,2018-10-03 03:00:00+00:00,2018,EP,16.75,189.8,11.549998,193.25,9.75,3.25,2824332,False,9.038099
2018269N11220,2018-10-03 03:00:00+00:00,2018,EP,16.75,189.8,11.549998,193.35,11.375,3.7916667,2824333,False,9.516899
2018269N11220,2018-10-03 03:00:00+00:00,2018,EP,16.75,189.8,11.549998,193.45,11.4375,3.8125,2824334,False,9.2775
2018269N11220,2018-10-03 03:00:00+00:00,2018,EP,16.75,189.8,11.549998,193.55,12.25,4.0833335,2824335,False,9.2775
2018269N11220,2018-10-03 03:00:00+00:00,2018,EP,16.75,189.8,11.549998,193.65001,11.5625,3.8541667,2824336,False,9.2775
2018269N11220,2018-10-03 03:00:00+00:00,2018,EP,16.75,189.8,11.549998,193.75,9.875,3.2916667,2824337,False,9.7563
2018269N11220,2018-10-03 03:00:00+00:00,2018,EP,16.75,189.8,11.45,192.85,9.3125,3.1041667,2827928,False,9.2775
2018269N11220,2018-10-03 03:00:00+00:00,2018,EP,16.75,189.8,11.45,192.95,9.625,3.2083333,2827929,False,9.038099
2018269N11220,2018-10-03 03:00:00+00:00,2018,EP,16.75,189.8,11.45,193.15001,11.3125,3.7708333,2827931,False,9.2775
2018269N11220,2018-10-03 03:00:00+00:00,2018,EP,16.75,189.8,11.45,193.25,11.5,3.8333333,2827932,False,9.2775
2018269N11220,2018-10-03 03:00:00+00:00,2018,EP,16.75,189.8,11.45,193.35,11.375,3.7916667,2827933,False,9.2775
2018269N11220,2018-10-03 03:00:00+00:00,2018,EP,16.75,189.8,11.45,193.45,11.25,3.75,2827934,False,9.516899
2018269N11220,2018-10-03 03:00:00+00:00,2018,EP,16.75,189.8,11.45,193.55,12.8125,4.2708335,2827935,False,9.2775
2018269N11220,2018-10-03 03:00:00+00:00,2018,EP,16.75,189.8,11.45,193.65001,10.8125,3.6041667,2827936,False,9.516899
2018269N11220,2018-10-03 03:00:00+00:00,2018,EP,16.75,189.8,11.45,193.75,10.0625,3.3541667,2827937,False,9.516899
2018269N11220,2018-10-03 03:00:00+00:00,2018,EP,16.75,189.8,11.350001,192.85,10.0,3.3333333,2831528,False,9.516899
2018269N11220,2018-10-03 03:00:00+00:00,2018,EP,16.75,189.8,11.350001,192.95,10.5,3.5,2831529,False,9.2775
2018269N11220,2018-10-03 03:00:00+00:00,2018,EP,16.75,189.8,11.350001,193.05,10.25,3.4166667,2831530,False,9.516899
2018269N11220,2018-10-03 03:00:00+00:00,2018,EP,16.75,189.8,11.350001,193.15001,12.0625,4.0208335,2831531,False,9.516899
2018269N11220,2018-10-03 03:00:00+00:00,2018,EP,16.75,189.8,11.350001,193.25,12.8125,4.2708335,2831532,False,9.2775
2018269N11220,2018-10-03 03:00:00+00:00,2018,EP,16.75,189.8,11.350001,193.35,12.6875,4.2291665,2831533,False,9.2775
2018269N11220,2018-10-03 03:00:00+00:00,2018,EP,16.75,189.8,11.350001,193.45,11.25,3.75,2831534,False,9.516899
2018269N11220,2018-10-03 03:00:00+00:00,2018,EP,16.75,189.8,11.350001,193.55,12.0625,4.0208335,2831535,False,9.516899
2018269N11220,2018-10-03 03:00:00+00:00,2018,EP,16.75,189.8,11.350001,193.65001,10.9375,3.6458333,2831536,False,9.516899
2018269N11220,2018-10-03 03:00:00+00:00,2018,EP,16.75,189.8,11.350001,193.75,10.75,3.5833333,2831537,False,9.516899
2018269N11220,2018-10-03 03:00:00+00:00,2018,EP,16.75,189.8,11.350001,193.85,9.6875,3.2291667,2831538,False,9.516899
2018269N11220,2018-10-03 03:00:00+00:00,2018,EP,16.75,189.8,11.249995,192.75,10.125,3.375,2835127,False,9.516899
2018269N11220,2018-10-03 03:00:00+00:00,2018,EP,16.75,189.8,11.249995,192.85,10.3125,3.4375,2835128,False,9.516899
2018269N11220,2018-10-03 03:00:00+00:00,2018,EP,16.75,189.8,11.249995,192.95,11.75,3.9166667,2835129,False,9.2775
2018269N11220,2018-10-03 03:00:00+00:00,2018,EP,16.75,189.8,11.249995,193.05,10.6875,3.5625,2835130,False,9.2775
2018269N11220,2018-10-03 03:00:00+00:00,2018,EP,16.75,189.8,11.249995,193.15001,12.0,4.0,2835131,False,9.516899
2018269N11220,2018-10-03 03:00:00+00:00,2018,EP,16.75,189.8,11.249995,193.25,12.4375,4.1458335,2835132,False,9.516899
2018269N11220,2018-10-03 03:00:00+00:00,2018,EP,16.75,189.8,11.249995,193.35,12.5,4.1666665,2835133,False,9.516899
2018269N11220,2018-10-03 03:00:00+00:00,2018,EP,16.75,189.8,11.249995,193.45,10.5625,3.5208333,2835134,False,9.7563
2018269N11220,2018-10-03 03:00:00+00:00,2018,EP,16.75,189.8,11.249995,193.55,11.5,3.8333333,2835135,False,9.7563
2018269N11220,2018-10-03 03:00:00+00:00,2018,EP,16.75,189.8,11.249995,193.65001,11.4375,3.8125,2835136,False,9.7563
2018269N11220,2018-10-03 03:00:00+00:00,2018,EP,16.75,189.8,11.249995,193.75,10.4375,3.4791667,2835137,False,9.995701
2018269N11220,2018-10-03 03:00:00+00:00,2018,EP,16.75,189.8,11.149997,192.75,10.375,3.4583333,2838727,False,9.7563
2018269N11220,2018-10-03 03:00:00+00:00,2018,EP,16.75,189.8,11.149997,192.85,10.3125,3.4375,2838728,False,9.7563
2018269N11220,2018-10-03 03:00:00+00:00,2018,EP,16.75,189.8,11.149997,192.95,12.9375,4.3125,2838729,False,9.7563
2018269N11220,2018-10-03 03:00:00+00:00,2018,EP,16.75,189.8,11.149997,193.05,11.125,3.7083333,2838730,False,9.516899
2018269N11220,2018-10-03 03:00:00+00:00,2018,EP,16.75,189.8,11.149997,193.15001,11.5625,3.8541667,2838731,False,9.516899
2018269N11220,2018-10-03 03:00:00+00:00,2018,EP,16.75,189.8,11.149997,193.25,11.25,3.75,2838732,False,9.7563
2018269N11220,2018-10-03 03:00:00+00:00,2018,EP,16.75,189.8,11.149997,193.35,12.5625,4.1875,2838733,False,9.7563
2018269N11220,2018-10-03 03:00:00+00:00,2018,EP,16.75,189.8,11.149997,193.55,11.9375,3.9791667,2838735,False,9.7563
2018269N11220,2018-10-03 03:00:00+00:00,2018,EP,16.75,189.8,11.149997,193.65001,10.1875,3.3958333,2838736,False,9.995701
2018269N11220,2018-10-03 03:00:00+00:00,2018,EP,16.75,189.8,11.049998,192.75,10.125,3.375,2842327,False,9.7563
2018269N11220,2018-10-03 03:00:00+00:00,2018,EP,16.75,189.8,11.049998,192.85,9.625,3.2083333,2842328,False,9.516899
2018269N11220,2018-10-03 03:00:00+00:00,2018,EP,16.75,189.8,11.049998,192.95,12.0625,4.0208335,2842329,False,9.7563
2018269N11220,2018-10-03 03:00:00+00:00,2018,EP,16.75,189.8,11.049998,193.05,10.5625,3.5208333,2842330,False,9.995701
2018269N11220,2018-10-03 03:00:00+00:00,2018,EP,16.75,189.8,11.049998,193.15001,11.5,3.8333333,2842331,False,9.7563
2018269N11220,2018-10-03 03:00:00+00:00,2018,EP,16.75,189.8,11.049998,193.35,11.125,3.7083333,2842333,False,9.7563
2018269N11220,2018-10-03 03:00:00+00:00,2018,EP,16.75,189.8,11.049998,193.55,10.5,3.5,2842335,False,9.7563
2018269N11220,2018-10-03 03:00:00+00:00,2018,EP,16.75,189.8,10.549998,192.45,11.875,3.9583333,2860324,False,11.192699
2018269N11220,2018-10-03 03:00:00+00:00,2018,EP,16.75,189.8,10.45,192.45,11.625,3.875,2863924,False,11.192699
2018269N11220,2018-10-03 03:00:00+00:00,2018,EP,16.75,189.8,10.350001,192.45,12.375,4.125,2867524,False,11.192699
2018269N11220,2018-10-03 03:00:00+00:00,2018,EP,16.75,189.8,10.249995,192.45,11.75,3.9166667,2871124,False,11.4321
